,address,danmakus,favorites,play_nums,review,title
0,http://www.bilibili.com/video/av87448943,17679,14712,736892,3675,情人节，男生都想要的5个礼物！
1,http://www.bilibili.com/video/av86840101,613,56063,480586,1174,国外三折购物不香吗？海淘手拉手教学 包会！
2,http://www.bilibili.com/video/av87773773,3884,17336,323419,698,谦虚又傲慢 从容又神秘 | 高级黑色系穿搭
3,http://www.bilibili.com/video/av87283662,510,4714,242535,544,是心动的感觉 | 当蜈蚣精遇见真命天鞋｜Saint Laurent
4,http://www.bilibili.com/video/av86817184,205,5756,172658,274,Black &amp; Silver Leather Leggings Outfits - cherry_young_lee
5,http://www.bilibili.com/video/av86855336,678,9359,148245,734,【如何进入奢侈品总部工作】五大总结 | 必备素质 | 专业 | 学历 | 有效求职途径
6,http://www.bilibili.com/video/av86883327,245,706,115255,299,美国留学日记#开学第一个月｜疯狂购物的我买了什么？一月购物分享
7,http://www.bilibili.com/video/av86796550,238,7723,113524,437,5步提升穿搭品质 百元单品如何穿出高级感 | 超实用干货技巧
8,http://www.bilibili.com/video/av87234495,55,2281,111730,63,小阿姨穿搭好物分享-Oroblu Magie 20d闪光连裤袜对比Wolford Satin Touch20d闪光连裤袜
9,http://www.bilibili.com/video/av87053830,498,1355,107304,413,学生党入门级的奢侈品包包合集 | 出镜率超高！留学日常
10,http://www.bilibili.com/video/av87008535,1352,1231,102942,382,1个月长10cm？女朋友再也不能比我高！增高神器含泪公开！世上再无小个子！
11,http://www.bilibili.com/video/av86886636,2045,708,100299,1026,"年货吃腻了,要不要吃点狗粮?看看情人节Iris和顶级球鞋设计师在家做了什么?!"
12,http://www.bilibili.com/video/av87095299,679,1435,98031,636,【懒鱼】半身裙大合集来辣！春天必不可少的单品｜50元之百元｜平价百搭无压力
13,http://www.bilibili.com/video/av86937817,20,9246,97180,97,私藏裤子店铺！全部不超过50！超级适合学生党！
14,http://www.bilibili.com/video/av86803928,435,2398,93580,331,【穿搭】最爱的11套冬季日常穿搭分享 — Saeeun
15,http://www.bilibili.com/video/av87229318,1996,1686,91550,450,除了匡威我们还可以选择什么？——NOVESTA X Peggs&amp;son
16,http://www.bilibili.com/video/av86876624,413,3017,90636,405,JK制服转圈圈/盘点热门JK制服店定位线哪家最难拆【小巫】
17,http://www.bilibili.com/video/av87713505,156,974,90245,196,想要漂亮朝我看|小个子穿搭 春天扮靓秘籍 |奇迹酸酸 活力满满【阿酸的一周穿搭】
18,http://www.bilibili.com/video/av86748486,63,2381,85650,236,出太阳啦快来晒一晒！宅家也要红红火火 ?? vlog向【扑满兔子】
19,http://www.bilibili.com/video/av87930092,12,472,84165,96,无聊换个鞋
20,http://www.bilibili.com/video/av87312426,46,1283,83360,376,中华风小裙叽（现货/全款预售）图片盘点1
21,http://www.bilibili.com/video/av87290371,290,517,79054,280,盘点古风中的“士农工商”
22,http://www.bilibili.com/video/av87072793,163,2475,76411,299,优衣库IDLF春夏2020|全身只用优衣库单品get法式休闲风|13件单品测评|超百搭白色牛仔裤和米色西装|Uniqlo早春穿搭
23,http://www.bilibili.com/video/av87009658,554,1713,71689,237,比优衣库更值得买的H&amp;M Trend系列？ | 高街色彩穿搭灵感分享 | SUGGY
24,http://www.bilibili.com/video/av87586129,2067,1252,70356,536,开箱试穿一下老美的ins网红牌！意外圈粉Reformation
25,http://www.bilibili.com/video/av87367628,532,3022,68723,327,唐王朝末世的极奢之风【晚唐五代供养人】
26,http://www.bilibili.com/video/av86921250,116,280,68176,222,当你拍视频，道具突然损坏时…
27,http://www.bilibili.com/video/av87098535,162,2668,67729,437,【Alice】裤子短了怎么办？来自181cm女生的买裤子/穿搭建议~显瘦显高显腿长！平价轻松get合适裤子！高个学生党必看:)
28,http://www.bilibili.com/video/av87362698,65,1842,65644,113,白裤袜配束腰好美，但女生不要勒太紧哦，19世纪贵妇束腰与大裙撑连衣裙欣赏
29,http://www.bilibili.com/video/av87378170,958,470,63383,283,【answer824】真正的大魔王！！ aj11 72-10
30,http://www.bilibili.com/video/av86926553,3053,1217,62104,737,LOOKBOOK|买到倾家荡产|秋冬购物分享|穿搭分享
31,http://www.bilibili.com/video/av87819913,457,2364,60112,185,深度扒｜Nike天团的这些人到底是谁？ #FromAtoZ# 「科普向」
32,http://www.bilibili.com/video/av87739903,160,2068,58671,254,甜美丝袜：小裙子的灵魂所在，超美洛丽塔裤袜穿搭欣赏
33,http://www.bilibili.com/video/av87753927,114,1021,56210,206,淘宝上买的裙子，该选哪一件呢？
34,http://www.bilibili.com/video/av87760048,67,1332,56139,162,运动鞋分享|七双百搭运平价动鞋|飞跃·回力·真国货之光分享我最常穿的七双运动鞋都属于平价好搭耐穿的鞋子！
35,http://www.bilibili.com/video/av88254213,1424,413,55787,462,「宅vlog」带你们参观我的衣橱，丈夫却生气了
36,http://www.bilibili.com/video/av87507127,657,642,55188,269,一衣多穿丨针织开衫的四身搭配丨Savislook
37,http://www.bilibili.com/video/av87378926,89,665,52638,388,【小梦】在印度穿汉服被熊孩子围观，不要怕！
38,http://www.bilibili.com/video/av87388680,341,1237,52094,401,【1688探店】淘宝批发货源质量到底怎样？超平价日系风探店 | 153cm春季穿搭 | 湖州织里一沫制衣
39,http://www.bilibili.com/video/av87414790,615,602,52082,338,在家太无聊，带你看看我的购物车里都有什么
40,http://www.bilibili.com/video/av87028593,35,2165,51921,52,【Kyung6Film】四款抹胸造型试穿，爱了  [金宝拉Bora Kim]
41,http://www.bilibili.com/video/av87356040,147,92,48422,113,三线城市的 NIke 折扣店竟然有这些宝贝！工厂店探店
42,http://www.bilibili.com/video/av87439486,226,103,48061,232,广州初三学生的鞋子，来来看是有多震惊
43,http://www.bilibili.com/video/av87921373,295,479,48040,230,平民穿搭指南【73】大长巾搭配套餐，秒变少女运输机！
44,http://www.bilibili.com/video/av87436556,86,408,47389,193,【双子Lolita开箱+试穿】可爱的小羊饼干和温柔的中华风小裙子开箱～还有甜甜的草莓柄小裙子哦～
45,http://www.bilibili.com/video/av88146181,1291,1016,45668,633,【衣时独行】陈冠希-余文乐，谁是潮流教父？
46,http://www.bilibili.com/video/av86821558,155,691,45338,160,在英国穿汉服做了一波文化宣传！ | 伦敦假日旅游展 中国馆
47,http://www.bilibili.com/video/av87470315,112,856,43741,376,【真的菜菜】葡萄藤花鸟纹银香囊 【国家宝藏】文物拟人 =但见肌肤已坏，而香囊犹在=银香囊与杨贵妃的前世故事
48,http://www.bilibili.com/video/av86878212,30,225,43337,146,飞行夹克怎么搭配？在家无聊就跟我学起来吧！
49,http://www.bilibili.com/video/av86719749,44,1302,41919,106,10款！百元平价包包合集 | 好看又好背
50,http://www.bilibili.com/video/av87905855,14,449,41540,75,首尔探店｜揭秘韩剧中的漂亮衣服都在哪淘～
51,http://www.bilibili.com/video/av87762883,141,801,40838,331,【开春穿什么】卫衣|衬衣|T恤|春季外套|牛仔裤|裙|小个子穿搭|显瘦穿搭|购物分享|春天|初春穿搭|学生党
52,http://www.bilibili.com/video/av88019771,707,1197,40827,254,是什么习惯在降低你的穿搭品味？【干货】男生的5个穿搭雷区
53,http://www.bilibili.com/video/av87515129,438,315,40154,633,全网首爆，nike不会告诉你，zoom气垫他们用错了很多年
54,http://www.bilibili.com/video/av87298155,161,684,39646,102,【满月】替你云逛街！优衣库春季必买单品|155女生小个子穿搭|购物分享
55,http://www.bilibili.com/video/av88105931,369,1358,38788,237,如何提升时尚感 | 找到自己的风格 | Meng Mao
56,http://www.bilibili.com/video/av84521732,51,1076,38696,85,金度延Doyeon*36套私服科普 | 高级感 | 含品牌信息/价格
57,http://www.bilibili.com/video/av87744597,64,2302,38650,97,【Kerina Wang】冬季的12套穿搭
58,http://www.bilibili.com/video/av88013458,400,230,38322,124,最舒服的AF-1！满满踩屎感！！
59,http://www.bilibili.com/video/av87325816,1034,861,37826,373,元宵怎么穿？元宵主题汉服开箱来了！白绫袄&amp;蓝缎裙&amp;宫灯耳坠
60,http://www.bilibili.com/video/av88280901,842,721,37782,236,原本为时装周准备的春季新衣服丨Spring Fashion Trends丨Savislook
61,http://www.bilibili.com/video/av87148957,583,1223,37045,287,如何成为潮流UP主，全职UP一年赚多少花多少？
62,http://www.bilibili.com/video/av87956580,194,244,37034,210,【肉丝】把妹妹打扮成另一个我
63,http://www.bilibili.com/video/av87121773,75,174,36998,71,和老公玩变装游戏，我们俩像姐妹吗？「情侣穿搭 FortyLions」
64,http://www.bilibili.com/video/av87585959,180,2321,36839,379,【卡点/变身/转圈圈】3坑全有 1年的素材做终极高燃合集，内含Lolita、JK制服、汉服穿搭
65,http://www.bilibili.com/video/av86968640,260,1325,36059,317,「开箱验取石榴裙」——1920年代时装秀正片来啦！
66,http://www.bilibili.com/video/av86810957,43,1294,35740,66,VINYL迷你裙搭配黑色连裤袜 - 小阿姨凡妮莎的紧身衣装备穿搭
67,http://www.bilibili.com/video/av87411769,190,153,35610,232,学生戴劳力士你怎么看？分享一下我平时戴的手表
68,http://www.bilibili.com/video/av87279185,318,701,35481,172,日常必备 | 黑色的鞋买这一双就够了 | 附四套风格不同的穿搭 | VINNISME
69,http://www.bilibili.com/video/av87203597,97,1907,35463,200,【jk制服】转圈圈第三弹 ?? 红格紫格大合集 ?? 大红大紫又一年【扑满兔子】
70,http://www.bilibili.com/video/av87109193,729,611,35135,142,2019年包包大集合！Chanel？Hermes?LV?Celine?
71,http://www.bilibili.com/video/av87738707,428,259,34828,169,【鸭毛】巨显胖别买！微胖梨形身材的死亡单品！
72,http://www.bilibili.com/video/av87748226,125,472,34444,95,鞋子分享｜蜈蚣精的鞋子大公开
73,http://www.bilibili.com/video/av87379032,22,20,33577,80,疫情防控阶段的优衣库门店，折扣依旧，门庭冷落让优衣库迷们心疼
74,http://www.bilibili.com/video/av88218808,80,1263,33554,239,喜欢女孩子穿什么？163 40 穿 搭 展 示
75,http://www.bilibili.com/video/av87142189,321,222,33357,243,被粉丝要链接最多的服饰类单品
76,http://www.bilibili.com/video/av86914292,487,2118,32780,125,为什么你的穿搭不高级？【收藏向】七个提升高级感的穿搭技巧/3个色彩搭配
77,http://www.bilibili.com/video/av87753638,29,56,32268,116,两年前的旧风衣不要扔，偶尔还可以搭一下
78,http://www.bilibili.com/video/av87140011,244,976,31522,189,【160cm55kg】粗腿 梨形身材 |初春元气搭配| 10套超显瘦LOOK放送
79,http://www.bilibili.com/video/av88041338,169,2475,30922,302,【管管】新人必看！JK制服超全入坑指南！怎么挑选适合自己的JK制服？
80,http://www.bilibili.com/video/av87698295,28,1020,30846,52,【Angela Stein】My Swaggs 运动装试穿
81,http://www.bilibili.com/video/av87930655,57,1635,30585,84,一衣多穿 ｜ 春季一定不能少的百褶裙就是优衣库这件了 ｜ 刘小被儿
82,http://www.bilibili.com/video/av86211224,510,482,30122,234,「单品推荐」国潮装备，在家也能扮靓！
83,http://www.bilibili.com/video/av87064818,264,3946,30084,225,BTSV金泰亨*40套日系私服穿搭笔记 | 舞台 | 含品牌信息/价格
84,http://www.bilibili.com/video/av88057811,337,107,30060,498,别迷信权威，别只死记Xcin的防侧翻三要素，请独立思考
85,http://www.bilibili.com/video/av88020119,561,466,29614,147,彷彿身处东京！强力推荐的槟城古着店！！！！！！
86,http://www.bilibili.com/video/av86866511,130,467,29034,119,穿贵的JK制服格裙会变好看?真香!日牌国牌哪家强，格裙之间的区别。conomi猪肝格/优马黄昏/电竞少女/成品布格裙。
87,http://www.bilibili.com/video/av86946920,109,1262,28699,155,【10个我最爱的时尚博主】提升时尚品味必看 | 2020
88,http://www.bilibili.com/video/av87019937,65,281,28577,92,【李鹿一の日系穿搭】优衣库IDLF｜2020春夏新款上身啦
89,http://www.bilibili.com/video/av87544070,49,1605,28212,102,VINTAGE穿搭 | EP1 | 温柔姐姐风 复古昭和系上班族LOOK
90,http://www.bilibili.com/video/av87446612,39,759,28158,51,"WOLFORD TIGHTS OUTFIT - Strumpfhose, Pantyhose, Nylons OOTD Tutorial - LOOKBOOK"
91,http://www.bilibili.com/video/av87121612,157,934,27751,112,9双早春单鞋测评｜60-260元学生党必看｜性价比舒适度测评 39码宽脚高脚背
92,http://www.bilibili.com/video/av87185442,45,1792,27745,109,万能打底衫合集/叠穿必备/撞色穿搭/附搭配示范
93,http://www.bilibili.com/video/av87541894,657,659,27726,148,年度报告 | 几十款饰品总结 设计感or日常款 ? 蒜
94,http://www.bilibili.com/video/av86993880,146,995,27247,267,均价只要62元的宋制汉服！日常通勤上班上课无压力 | 鸟鸣涧北冥宋制开箱测评 | 七十二
95,http://www.bilibili.com/video/av87785983,49,387,26149,106,【北川婠婠】如果穿汉服泡温泉有段位～  正片在第三段
96,http://www.bilibili.com/video/av87191027,403,391,25926,147,"/giri/ 小型近期购物分享 feat. nanamica, LOUIS VUITTON, ARC&#39;TERYX Leaf"
97,http://www.bilibili.com/video/av87545182,72,1202,25856,104,【MUSEEK】优衣库U系列应该买哪些｜极简风格的最爱 ｜多套LOOK穿搭
98,http://www.bilibili.com/video/av88027480,446,258,25810,186,【ouou】宅家鞋柜大整理 | 爱穿分享&amp;雷品吐槽 | 从100双里挑出17双
99,http://www.bilibili.com/video/av87132781,313,490,25696,238,两万块定制西装or两百块某宝货，男女都能驾驭！正装就对了！
100,http://www.bilibili.com/video/av87980867,35,542,25443,143,[穿搭技巧VOL.9]一件牛仔衬衫，帅到闺蜜变弯
101,http://www.bilibili.com/video/av86877024,139,31,24963,117,/小伙花了39元买了3双鞋子福袋，拆开后却体验到了坐过山车的快感|39元3双的鞋子福袋，又花了39元智商税，贪便宜没好结果?
102,http://www.bilibili.com/video/av87160342,210,44,24894,358,詹17长测：实战好鞋？
103,http://www.bilibili.com/video/av87530741,20,286,24866,46,【试穿】时装穿搭十月
104,http://www.bilibili.com/video/av87376830,445,420,24818,143,包包合集 2020 / Chanel / CELINE / BV / By FAR / Little Liffner / Manu Atelier
105,http://www.bilibili.com/video/av87334900,240,167,24441,150,一折不到买大牌奢侈品 纽约第一百货倒闭了
106,http://www.bilibili.com/video/av86904347,31,1316,24413,128,[JK制服]三款基础制服包了解一下？【斜挎包/单肩包/双肩包】萌新JK手册
107,http://www.bilibili.com/video/av87580946,808,262,24213,163,38年前卖1000块的球鞋！什么水平？
108,http://www.bilibili.com/video/av87137040,143,406,23916,135,线上防骗？低价捡漏？5大购物渠道10年剁手经验，让你瞬间成为购物小能手！
109,http://www.bilibili.com/video/av87183467,13,180,23743,62,3双新买的运动鞋/回力×喜茶联名帆布鞋/FILA情侣老爹鞋
110,http://www.bilibili.com/video/av87793738,106,361,23532,68,优衣库2020ss什么值得买？平价内搭神器 ｜日系吃土男孩穿搭
111,http://www.bilibili.com/video/av88160555,52,384,23276,81,三招！固定耳环  |  没有耳洞也能戴  |  再也不用羡慕了！
112,http://www.bilibili.com/video/av86938782,189,2340,22826,219,【3招找到自己的穿衣风格】提高审美｜风格定位｜南一桑
113,http://www.bilibili.com/video/av87556784,84,1592,22255,103,超便宜闭眼入耳饰合集 ｜欧美复古两种风格轻松get
114,http://www.bilibili.com/video/av87485481,123,391,21980,72,【蝌蚪】探店Aimé Leon Dore最强联名| 保时捷跨界合作| ALD964
115,http://www.bilibili.com/video/av87516523,312,717,21918,483,9套情侣穿搭LOOK～178男生/167女生穿搭指南
116,http://www.bilibili.com/video/av87530112,114,566,21384,154,换季叠穿指南 | 穿不穿外套都好看的搭配方式
117,http://www.bilibili.com/video/av87209650,35,351,21261,67,早春平底鞋+运动鞋合集 | 百搭 好走 舒适 实用哦
118,http://www.bilibili.com/video/av87838777,423,580,21252,272,「Talk」潮流杂志哪家强？宅家学潮流！
119,http://www.bilibili.com/video/av87379634,80,511,21148,59,两千块的Brandy Melville｜内含穿搭及货号
120,http://www.bilibili.com/video/av87639849,313,114,21123,120,把衣柜里最丑JK制服单品搭成一套...是怎么样的？
121,http://www.bilibili.com/video/av87924195,100,340,21067,128,冬季淘宝平价服饰分享 | 57kg164cm温柔百搭的微胖少女穿搭
122,http://www.bilibili.com/video/av87460744,133,110,21043,68,喜欢DUNK的你却不知道桔标?!?! - Nike SB Orange Label
123,http://www.bilibili.com/video/av87069897,18,626,20886,49,黑色短裙，肉色连裤袜-小阿姨讲述显瘦穿搭分享
124,http://www.bilibili.com/video/av87205968,19,945,20778,116,私藏淘宝店铺分享|学生党平价穿搭好看好质量高性价宝藏店铺 阿里巴巴探店1688探店淘宝探店 学生党探店|我的平价好物|探店报告|探探网红店|搭配灵感|搭配参考|
125,http://www.bilibili.com/video/av87746459,5,353,20734,43,换个鞋
126,http://www.bilibili.com/video/av87699720,13,758,20467,44,Nattakanok Sittirat / 各种衣服试穿体验
127,http://www.bilibili.com/video/av87056211,46,56,20323,119,pg4同款的全掌air sole 是垃圾？Xcin没解释的，我告诉你
128,http://www.bilibili.com/video/av87415391,196,219,20138,63,优衣库2020ss新品推荐！开工开学穿什么？｜男生必入基础单品（上装篇）
129,http://www.bilibili.com/video/av88012393,232,255,19649,176,【阿九の穿搭】早春穿搭LOOKBOOK ｜ 卫衣、毛衣、西装日常穿搭手册
130,http://www.bilibili.com/video/av87059987,43,1003,19549,113,汉服时装混搭 | 一米五小个子贫民窟女孩的早春五套搭配
131,http://www.bilibili.com/video/av88007892,309,149,19442,149,每个男孩的童年情怀，龙珠联名球鞋值不值得买？
132,http://www.bilibili.com/video/av87217064,194,378,18925,198,几万变几千也很贵啊! 抠门女孩的中古包包合集 | 真抠门永远都在看价签 | Vintage | 分享
133,http://www.bilibili.com/video/av87049168,92,1137,18753,206,盘点设计新颖的汉服，非汉元素/传统时尚完美融合/汉洋折衷
134,http://www.bilibili.com/video/av86893466,40,1836,18389,88,【白菜汉服】平价晋制汉服 最低89
135,http://www.bilibili.com/video/av86955887,110,798,18356,114,【木米制衣】【娃衣】教你一步步做一条迷你连衣裙
136,http://www.bilibili.com/video/av87736265,28,633,18166,133,【177cm 61kg男生穿搭】韩国男生休闲服饰穿搭｜秋冬男友6种搭配｜2分钟男装搭配｜男生外套大衣搭配
137,http://www.bilibili.com/video/av87278507,50,223,17755,80,美国留学前的高三暑假#两年前18岁的我｜自制MV#JK制服｜Opening Theme
138,http://www.bilibili.com/video/av85348635,51,175,17564,58,一米六的BrandyMelville舒适穿搭｜毛衣·外套·卫衣·croptop·裤子｜krystal c
139,http://www.bilibili.com/video/av86929583,203,392,17260,138,韩国女生都在哪里买衣服？【韩国欧尼的冬季新衣服！购物分享】
140,http://www.bilibili.com/video/av87785995,303,290,17218,270,春季情侣穿搭|平价且好看|学生党请进|一鞋多穿
141,http://www.bilibili.com/video/av87990204,44,1327,16999,81,早春穿搭 | 婊气冲天的港风穿搭+妆容 | 微胖女孩怎么穿才显瘦 | Cheryl
142,http://www.bilibili.com/video/av87357128,102,629,16977,87,谁戴谁仙女：我的神仙配饰们/均价不过50/标高性价比/无广
143,http://www.bilibili.com/video/av86810135,104,68,16787,46,2020新年第一只包包开箱｜Dior渐变色稀有皮马鞍包
144,http://www.bilibili.com/video/av87314325,165,515,16780,134,学生党衣柜的20条平价lo裙/上身试穿/转圈圈/入坑的一些事儿
145,http://www.bilibili.com/video/av87497010,29,610,16648,162,10个买得起的保值手工银饰品牌！
146,http://www.bilibili.com/video/av88046403,127,337,16613,77,价值20万的单鞋分享，仙女的鞋柜大公开！
147,http://www.bilibili.com/video/av87297882,148,402,16489,99,春季穿搭靈感 | Endless Road
148,http://www.bilibili.com/video/av86822557,7,712,16353,39,简单时尚的基础款服装搭配
149,http://www.bilibili.com/video/av87303990,4,106,16153,31,高跟鞋试穿
150,http://www.bilibili.com/video/av86951466,76,835,16095,56,私藏日系风淘宝店铺分享 | 13家高质量又好看的店铺 | 第一期种草大推荐
151,http://www.bilibili.com/video/av87109999,7,93,15894,150,"亚洲女生试穿欧美网红Kylie Jenner, Khloe Kardashian最爱品牌House of CB"
152,http://www.bilibili.com/video/av87194854,95,758,15680,145,二月超平价上新，全员一百多，白菜不吃土！吖壬の安利，可爱或优雅的Lolita＆软妹裙？！
153,http://www.bilibili.com/video/av87811355,4,269,15627,25,黑色透明高跟鞋试穿分享
154,http://www.bilibili.com/video/av88115419,28,810,15581,63,小阿姨丝袜品牌测评-WOLFORD连裤袜对比Neon黑色连裤袜的测评
155,http://www.bilibili.com/video/av86301992,281,208,15487,123,白菜价抄底！最适合学生党购入的六类鞋款 最贵才500
156,http://www.bilibili.com/video/av86935296,94,155,15073,72,【淘宝探店-丁東】尾货捡漏店铺，烟紫老爹夹克49，复古蓝花衬衣29，太宝藏没理由不爱
157,http://www.bilibili.com/video/av87573609,17,175,15030,95,【桃】假胯宽｜梨形身材穿搭小技巧/brandy包包/dr马丁靴
158,http://www.bilibili.com/video/av86867198,85,226,14968,274,油管中字｜送给粉丝的神秘盒子｜庆祝百万订阅量｜福利｜创作之路回顾
159,http://www.bilibili.com/video/av87724302,19,105,14675,65,假如穿汉服的小姐姐都入住同一个公寓.....
160,http://www.bilibili.com/video/av87096268,157,135,14596,61,【优酪乳】寒冷冬天保命穿搭|保暖叠穿技巧|北方朋友看过来！
161,http://www.bilibili.com/video/av87357126,91,594,14526,115,种草警告！40双百元lo鞋按颜色划分，全部上脚试穿！橘栗の平价貌美lolita鞋种草安利
162,http://www.bilibili.com/video/av88228886,362,160,14508,206,能够穿一生的牛仔夹克｜Levi&#39;s 经典不过时
163,http://www.bilibili.com/video/av87618471,111,130,14405,128,惊为天人！小伙一进国潮店就闭眼买衣服....
164,http://www.bilibili.com/video/av87585081,89,299,14336,115,宅家购物欲膨胀买什么？！鞋服一网打尽 | 开启代餐粉减肥 | 爱上￥3透明壳| 买到挚爱睡衣和小皮鞋
165,http://www.bilibili.com/video/av87630595,18,165,14245,105,150cm小个子｜微胖穿搭｜全是小裙子 谁说长得矮不能穿长裙？
166,http://www.bilibili.com/video/av86989335,24,386,14215,70,WUWU | 超实用的提升穿搭质感小建议 / 改善细节让整个人更精致
167,http://www.bilibili.com/video/av87761452,24,315,14145,75,私藏的外贸尾单店合集：16.5元能买到H&amp;M裙子？｜平价学生党淘宝店：毛衣、针织背心、背心裙基础款
168,http://www.bilibili.com/video/av87121215,95,408,14070,69,春季小清新穿搭，学生党平价单品春季穿搭|男生穿搭|LOOKBOOK|春季穿搭|平价
169,http://www.bilibili.com/video/av87841633,174,110,13924,108,3unshine?WOOHOO潮流 最新大片惊艳首发!
170,http://www.bilibili.com/video/av87060420,227,260,13850,418,形制党盘点汉服圈改凉的错误形制，时代的眼泪，商家出来挨打
171,http://www.bilibili.com/video/av88068253,181,476,13738,174,【七二十七】分享模特经历 揭秘商家拍摄/如何利用裤子修饰腿形、选好裤子太重要了！
172,http://www.bilibili.com/video/av87063655,25,74,13725,88,高中女生日常鞋子！！（真?无矿）
173,http://www.bilibili.com/video/av87358261,84,659,13651,188,日拍购物分享｜300元左右平价日制校供格裙
174,http://www.bilibili.com/video/av88098860,251,49,13552,127,就这？？开箱余文乐Madness价值5000块的闷包福袋，我真的自闭了！
175,http://www.bilibili.com/video/av87443381,45,309,13393,76,【戴】2020开学如何与众不同 | 教你赚足回头率 桃花朵朵开!藏肉穿搭
176,http://www.bilibili.com/video/av87132913,54,39,13299,16,【Jamie Chua】真·爱马仕女王!新加坡名媛蔡欣颖的野餐盒+新HERMES包开箱
177,http://www.bilibili.com/video/av88121298,287,770,13167,242,【ninido】如何选对适合你胸部大小的衣服/ 告别显胖显壮 / 量体裁衣 EP. 1
178,http://www.bilibili.com/video/av87796408,110,350,13145,188,大胸女孩不配拥有BBD？96胸围lo娘教你显得胸部不夸张的2个小秘籍 | 茶格 黑白 三段紫 三段蓝BBD上身测评 | Lolita Fashion
179,http://www.bilibili.com/video/av88025379,210,291,12804,67,100元优衣库VS国潮神裤 男人下半身可一定要支棱起来啊
180,http://www.bilibili.com/video/av87648257,106,88,12787,149,giao中生的球鞋分享 18年底起买鞋不再向家里要钱
181,http://www.bilibili.com/video/av87982145,23,259,12775,36,Brandy Melville开箱分享 |单价不过百T恤 |显瘦开衫 |春装卫衣
182,http://www.bilibili.com/video/av86963515,275,195,12716,147,一周穿搭不重样｜小众宝藏套装｜黄黑皮也能hold住的穿搭｜度假运动工作无压力
183,http://www.bilibili.com/video/av87222909,37,62,12700,99,【170斤土肥圆】跟我一起云逛街 | only试穿 一条碎花裙居然599？不过真的很好看！ | 一个6月份的小库存
184,http://www.bilibili.com/video/av86879640,514,150,12618,230,小学生复刻博主穿搭 结果比我还时髦？
185,http://www.bilibili.com/video/av88123617,5,452,12600,26,【美女博主】Amanda6英寸黑色高跟鞋推荐
186,http://www.bilibili.com/video/av86945273,91,70,12515,147,【阿芙】买了两年多lolita第一次退款？无良商家欺骗消费者！驯兽师开箱来了
187,http://www.bilibili.com/video/av88144305,105,234,12478,266,【小梦】藕饼还是饼渣，你想吃哪个？
188,http://www.bilibili.com/video/av87070991,22,719,12408,65,【Katie Banks】丰满身材穿搭示范
189,http://www.bilibili.com/video/av87464227,122,125,12392,62,准备好你的压岁钱！来看看Zara、&amp;Otherstories春季新品有多迷人！
190,http://www.bilibili.com/video/av87590360,72,102,12198,84,吴亦凡baby推荐我买的衣服有多好看？！潮流合伙人购物分享
191,http://www.bilibili.com/video/av87600700,5,146,12103,32,长筒靴陪皮裙，艳压群芳
192,http://www.bilibili.com/video/av88112149,356,316,11942,121,【Don5】依旧军事、废土味十足|HAMCUS 20SS单品分享
193,http://www.bilibili.com/video/av88119834,297,93,11883,103,关于球鞋价格 小学生鞋头有话要说 | How Much Are My Shoes Worth?
194,http://www.bilibili.com/video/av87923436,23,1004,11853,117,Boutine LA~春季新品泳装展示
195,http://www.bilibili.com/video/av87753183,29,449,11769,70,20件潮牌卫衣合集 | 卫衣叠穿撞色穿搭 |  NIKE神仙配色、Nerdy、87MM、MLB老花满印 | 男女同款oversize卫衣
196,http://www.bilibili.com/video/av87321535,75,172,11712,93,我发现了LV中古包天大の秘密
197,http://www.bilibili.com/video/av87445090,5,422,11671,20,紧身小皮裙搭配黑色连裤袜- 小阿姨分享如何搭配迷人晚装风
198,http://www.bilibili.com/video/av86903197,6,285,11630,57,【元气酸】不懂穿搭也能学会的叠穿小技巧！一盐一甜，两套平价日系look！
199,http://www.bilibili.com/video/av87109046,24,70,11577,26,被代购疯狂围攻的Kapital，究竟有多火？（下)
200,http://www.bilibili.com/video/av87736146,10,310,11456,11,小姐姐试穿高跟长靴，看看有没有你喜欢的？
201,http://www.bilibili.com/video/av87334133,13,158,11430,40,【韩国风尚】身高175cm体重51kg·模特金书宁的服饰大公开·因武汉肺炎无法见面的中韩情侣?Todayommmi
202,http://www.bilibili.com/video/av88240198,55,142,11374,65,春节在家8天穿搭 | 我的内衣分享 | 矮个子的穿搭分享 |小个子女生也能穿的出彩
203,http://www.bilibili.com/video/av86914066,62,296,11237,17,春季穿搭｜我的早春穿搭｜168cm 52kg 梨形身材穿搭参考
204,http://www.bilibili.com/video/av86820174,295,203,11208,35,属于你的蓝色系服装搭配指南｜平价穿搭｜搭配干货｜全套优衣库？
205,http://www.bilibili.com/video/av87235340,24,1239,11189,91,[110夭夭]国牌jk制服店家合集！史上最全！
206,http://www.bilibili.com/video/av87735894,23,316,11167,68,160cm45kg/早春欧美风穿搭分享/高中生日常outfit
207,http://www.bilibili.com/video/av87777556,26,183,11110,98,【菜菜】瓷母拟人汉服 乾隆的审美是农家乐吗？【国家宝藏】文物拟人
208,http://www.bilibili.com/video/av88078462,1,510,11086,39,8件西装合集 | 最低只要55块9！便宜不廉价！
209,http://www.bilibili.com/video/av87134574,6,60,11026,55,初投稿｜一个普通女大学生的球鞋
210,http://www.bilibili.com/video/av87860502,44,182,11017,136,情人节云约会&amp;职场复工穿什么？4套超气场look撩爆小奶狗 | 情人节礼物推荐 | lookbook | 175cm70kg高大壮穿搭灵感
211,http://www.bilibili.com/video/av87540178,30,317,10994,140,[穿搭小课堂|Elena] 法式叠穿衬衫怎么选？看这里！
212,http://www.bilibili.com/video/av86898020,7,76,10945,65,【球鞋】2020鞋王预定？提前开箱Travis Scott x nike Dunk SB low
213,http://www.bilibili.com/video/av86859318,13,602,10909,83,熟阿姨的红色裙子
214,http://www.bilibili.com/video/av88019953,35,236,10884,53,【豆豆_Babe】能出门后最想干的事：蹦迪！连包包我都准备好了！蹦迪女孩闪翻全场～
215,http://www.bilibili.com/video/av87479242,91,188,10855,63,微胖女孩穿搭分享 叠穿公式 复古春秋穿搭 旧衣新穿 古着女孩的日常穿搭
216,http://www.bilibili.com/video/av86884242,1,107,10805,52,真 光腿 神器
217,http://www.bilibili.com/video/av87576644,16,503,10754,64,jk制服开箱/深夜幻境元夕格裙太适合元宵节穿啦/一条红红火火恍恍惚惚的格裙/祝大家团团圆圆?中国加油!一切都会好起来的!有佳节buff!
218,http://www.bilibili.com/video/av87570851,65,414,10715,101,入坑近3年的真·贫民窟女孩都有哪些裙子呢？lo裙分享｜上身试穿｜一点点入坑的经历
219,http://www.bilibili.com/video/av87491436,19,560,10629,46,二月平价JK制服上新，连衣裙、背心裙，优雅＆帅气，应有尽有~
220,http://www.bilibili.com/video/av87449954,121,513,10585,46,"【小泽老师】不能出门走 开箱到手抖/Alyx，Affix, Random Identities, 3.1 Phillip Lim/"
221,http://www.bilibili.com/video/av88059479,99,654,10532,48,『jk格裙二月资讯』神仙打架！神仙店家来抢钱了！全款低至70的白菜格裙！大量绝美格裙！
222,http://www.bilibili.com/video/av87880610,15,278,10491,20,【涵涵的爱分享原创字幕】Vanessa Pur带来一件皮裙的try on(1080P高清)
223,http://www.bilibili.com/video/av87644813,52,262,10430,51,"【KCC】鞋控学生党的不同价位鞋子合集 | 暗黑Guidi, Uma Wang 百搭匡威, Dr.Marten,Zara 上脚"
224,http://www.bilibili.com/video/av87124738,487,131,10430,121,【张橙子】淘宝女装店测评-花吉！百元针织衫、西装外套值得买！
225,http://www.bilibili.com/video/av87332306,285,180,10257,74,一月最爱单品 | 问答Q&amp;A | 刚开始形象改变注意什么 | 适合学生党的书包 | 男生时尚
226,http://www.bilibili.com/video/av86932230,140,566,10216,54,在家get叠穿公式 | 7种超实用叠穿大法 | 旧衣新穿
227,http://www.bilibili.com/video/av86974505,19,170,10159,19,早春适合穿的鞋子有哪些？情人节礼物种草
228,http://www.bilibili.com/video/av88214190,87,207,10150,160,【帮你选款】穿衣太老气太幼稚？3种典型长相，快速找准风格
229,http://www.bilibili.com/video/av87329759,32,364,10094,126,单只十九 | 近期7款耳饰分享 | 平价复古耳饰分享
230,http://www.bilibili.com/video/av87983801,69,245,10059,111,清代潮流？云肩算是汉服吗？ | 大王小物集 云肩篇
231,http://www.bilibili.com/video/av87353028,55,40,9952,95,#vlog# 初三鞋狗两年来的积蓄
232,http://www.bilibili.com/video/av86811448,111,216,9925,67,自家的港风古着！90年代的老妈真的好摩登好港星！穿上我就是港姐
233,http://www.bilibili.com/video/av86933884,73,66,9831,81,155cm116斤「妈见打」暗黑系列的新年战袍们！
234,http://www.bilibili.com/video/av88228576,69,55,9754,93,可爱or性感 情人节女友你选哪一个？
235,http://www.bilibili.com/video/av87522094,11,71,9693,50,美国的早春#留学日常穿搭OOTD｜春天总会来的
236,http://www.bilibili.com/video/av87147305,173,207,9665,109,/复古回潮/两件宣判封顶的棒球外套
237,http://www.bilibili.com/video/av86883606,37,151,9652,79,淘宝探店|均价不过50元的卫衣合集来啦！
238,http://www.bilibili.com/video/av86137629,11,470,9543,62,JK制服/樱花家族不问归期＆朝暮/超温柔清洗又仙的格裙/除了显黑都是优点你会pick它吗?
239,http://www.bilibili.com/video/av88172916,17,300,9478,55,萌妹子居然自己生产裤袜，超模利用中国技术让长袜变得顺滑不勾丝
240,http://www.bilibili.com/video/av87023092,17,61,9474,17,【李国主】胖女孩的2020春季穿搭分享 (feat.连衣裙)
241,http://www.bilibili.com/video/av87422768,30,174,9175,46,日本中古制服店买的jk制服开箱/校供jk制服格裙开箱试穿
242,http://www.bilibili.com/video/av86945142,45,414,9115,132,男生秋冬28套穿搭look分享 | 服装搭配叠穿合集 | 一周日常穿搭
243,http://www.bilibili.com/video/av88051385,28,421,9108,120,早春色彩穿搭｜基本款低饱和度｜Pre-Spring lookbook｜167/120
244,http://www.bilibili.com/video/av87110399,187,121,9089,209,【球鞋分享】2019年度普通大学生最常穿球鞋TOP5
245,http://www.bilibili.com/video/av87233183,153,260,9021,220,我的基础首饰合集
246,http://www.bilibili.com/video/av86945498,7,10,9006,43,李宁折扣店闪击6代和其他实战篮球鞋这么贵？锐步百搭小白鞋开箱And先驱七Want练球脚感分享 By 森哥Vlog丶
247,http://www.bilibili.com/video/av87963337,278,454,8996,253,爱马仕香奈儿开箱|奢侈品|Hermes限定挂件|小马|梵克雅宝耳环|Chanel2020新运动鞋|Thom Ford香薰|燕窝|
248,http://www.bilibili.com/video/av87735898,108,248,8971,221,做到这9点你就是性感十足的ROCK&amp;ROCK摇滚风格型男！
249,http://www.bilibili.com/video/av87184331,57,262,8966,77,小众设计师平价包包们【均500块以内 绝不撞款 设计感太强了！
250,http://www.bilibili.com/video/av88025492,26,246,8961,49,157/40kg｜ 小个子也买到了合适的西装
251,http://www.bilibili.com/video/av87698231,188,136,8945,233,2019包包合集分享 | 大牌VS小众哪个值得买？| JingLeng
252,http://www.bilibili.com/video/av87361689,26,35,8726,21,2020
253,http://www.bilibili.com/video/av87280774,49,230,8666,83,不仅仅popeye，日本超火的穿搭宝典级时尚杂志FUDGE了解一下！
254,http://www.bilibili.com/video/av87699069,242,134,8642,164,什么牌子最值得在日本买？逛商场竟看到了山寨货？
255,http://www.bilibili.com/video/av87276949,28,306,8642,30,**高级感优质博主推荐list/找到自己风格的灵感/内心与外在
256,http://www.bilibili.com/video/av87115530,5,149,8586,54,153cm 115斤/微胖穿搭 秋冬穿搭 矮胖腿粗屁股大
257,http://www.bilibili.com/video/av87270991,15,211,8573,42,混搭！休闲服怎么穿最甜美：）斩男又舒服的早春穿搭～
258,http://www.bilibili.com/video/av87024458,124,171,8570,164,||啃啃|| 姗姗来迟的第九次购物分享 护肤品/衣服/小玩意儿/家居用品
259,http://www.bilibili.com/video/av87683861,17,263,8435,10,【Ruby Lyn】近期日常穿搭分享｜what I have been wearing recently !
260,http://www.bilibili.com/video/av87357504,57,251,8413,259,形制党盘点汉服圈黑历史之改凉汉服时代的眼泪（2），又是一期商家迷惑行为大赏
261,http://www.bilibili.com/video/av87895912,19,136,8353,51,【Lo汉】第19期：我的钱都去哪了？2019年我最常穿的小裙子
262,http://www.bilibili.com/video/av86556338,11,46,8345,30,淘宝探店 | 小众衬衣，为什么那么好看？30块的半裙，质量为什么那么好？
263,http://www.bilibili.com/video/av87526320,80,215,8270,42,初春穿搭 | 一衣多穿实用单品时髦感 | 居家穿搭挑战不同场景 | Bear Xiong
264,http://www.bilibili.com/video/av87027648,52,96,8234,37,劳力士的兄弟品牌：帝舵表怎么样？Tudor Pelagos LHD
265,http://www.bilibili.com/video/av87488225,12,179,8216,52,2019我爱的球鞋合集 | VANS、Converse、AJ、Adidas | 附穿搭
266,http://www.bilibili.com/video/av87690926,15,106,8215,21,what’s in my bag？我的日常包包里有什么| GUCCI 1955 Horsebit 马衔扣包测评
267,http://www.bilibili.com/video/av88074973,68,80,8138,66,【JieezyT】买鞋不花冤枉钱！三招教你挑选最合适的球鞋 | 球鞋购物思路分享
268,http://www.bilibili.com/video/av87130358,33,165,8130,73,【JK】优等生vs辣妹，你喜欢怎样的jk风格？
269,http://www.bilibili.com/video/av87388199,10,16,8103,57,小伙给媳妇买AJ1红射线，媳妇竟然穿大衣搭配，进来看好看吗？
270,http://www.bilibili.com/video/av87730049,74,144,8059,93,你还在穿不适合自己的汉服吗？ | 齐胸和齐腰那款更适合你的？ | 襦裙和衫裙的区别 | 汉服小知识
271,http://www.bilibili.com/video/av87467762,14,117,8053,31,米白色的春秋｜永远穿不厌的超百搭不显胖单品｜气质显瘦高级感
272,http://www.bilibili.com/video/av87413127,289,130,8043,98,来自街头的财富密码-CPFM
273,http://www.bilibili.com/video/av87275394,95,107,7994,203,【曦彤】你与优雅并不远！穿上5000块的lolita你就是公主
274,http://www.bilibili.com/video/av87716275,211,77,7964,61,「鞋瘾」骚粉界的丑鞋天王，VANS狗王！||GOLF WANG
275,http://www.bilibili.com/video/av88161849,325,142,7835,152,【情人节】拿出压箱最爱穿搭＋宝贝！不让你美，算我输！
276,http://www.bilibili.com/video/av87241622,13,227,7814,66,△神前▽ 学生实用大容量背包合集！
277,http://www.bilibili.com/video/av86813565,65,55,7759,44,跟着七叔冲遍wtaps20ss夹克篇
278,http://www.bilibili.com/video/av87910047,49,102,7723,73,Brandy Melville首单0踩雷开箱
279,http://www.bilibili.com/video/av87847482,88,376,7713,113,我最喜欢的VISVIM外套/VISVIM CONTRARY DEPT LINER JKT
280,http://www.bilibili.com/video/av86908241,16,407,7689,54,Black tights搭配乙烯基黑短裙，小阿姨雅黑系办公穿搭尽显长腿诱惑【Vanessa Pur in shiny fashion】
281,http://www.bilibili.com/video/av87029393,5,347,7681,27,【中法熟肉】Jeanne Damas和她的新时装店 | 法式小众 | Rouje
282,http://www.bilibili.com/video/av87542172,102,93,7658,90,这棵梅子到底值不值得买？
283,http://www.bilibili.com/video/av87483220,4,170,7607,7,【Love heo】韩国气质小姐姐冬季穿搭 |winter lookbook
284,http://www.bilibili.com/video/av87533946,29,140,7587,155,哪款JK女孩是你的菜？
285,http://www.bilibili.com/video/av87695342,399,122,7512,124,【Hans】你染过的头有我多吗？我的穿搭风格进化史
286,http://www.bilibili.com/video/av87557131,12,31,7464,131,现在出门坐飞机啥体验？护目镜手套加两层口罩才是潮王穿搭！
287,http://www.bilibili.com/video/av87896345,55,107,7334,143,美少女养成 | 减肥成果对比165cm 97斤vs120斤 同款衣服 | 梨形身材显瘦穿搭
288,http://www.bilibili.com/video/av87100055,48,108,7276,87,Vlog｜东京忍住不剁手，此子必能成大器！（我不行）
289,http://www.bilibili.com/video/av87962316,35,128,7256,17,. ? ?? 48kg试衣模型舒适而时髦的冬季造型装装簿│winter style lookbook|裤裙装|约会|年终装|圣诞节 | LoveHeo
290,http://www.bilibili.com/video/av86798010,23,204,7249,53,『jk制服』20条二月上新温柔红格 ｜jk制服种草安利
291,http://www.bilibili.com/video/av87825342,53,175,7236,35,『jk格裙二月资讯』安利近期上新/再贩的神仙格裙！
292,http://www.bilibili.com/video/av86909814,3,172,7198,11,【StyleShare】韩系女生穿搭分享｜再到春暖花开时我们再穿着好看的衣服去见想见的人吧
293,http://www.bilibili.com/video/av87592081,14,2358,7194,56,【汉服布料店铺推荐】棉麻、真丝、织金、妆花布料|吐血整理！汉服来料必备，70家绝美布料店铺推荐
294,http://www.bilibili.com/video/av86844939,9,102,7184,37,贫民窟女孩的鞋柜|千元以下|女高中生|百搭平价|春夏秋|Nike|Adidas|PUMA|new balance|vans|棋盘|阿甘鞋|网鞋|板鞋
295,http://www.bilibili.com/video/av87514029,49,327,7141,46,KuNi | 显高！显瘦！超实用的穿衣技巧！矮个微胖女生必看！不花钱变时髦！胸大一定要学会！
296,http://www.bilibili.com/video/av87489106,63,192,7133,86,JK衣柜巡礼！收纳心得~其实衣柜早就塞不下了orz ①制服裙篇
297,http://www.bilibili.com/video/av86864789,13,91,7017,26,优衣库IDLF春夏系列单品试穿及搭配| 优衣库基本款早春单品推荐| 适合春天的配色参考
298,http://www.bilibili.com/video/av87041235,48,86,6968,38,穿和服出门 和朋友去了东京的和服店
299,http://www.bilibili.com/video/av87081180,2,93,6951,18,小个子西装合集｜4种不同风格！hold住所有场合！
300,http://www.bilibili.com/video/av87375790,27,185,6933,23,内搭&amp;外套穿搭look|复工hold住所有场合|初春毛衣分享
301,http://www.bilibili.com/video/av87925448,12,198,6932,48,171.5｜95斤｜Brandy Melville购物分享｜ 7件基础款混搭｜开学季学生日常穿搭｜春秋季穿搭｜oversize卫衣分享｜裤子分享
302,http://www.bilibili.com/video/av88077304,1354,39,6926,97,我妈说我衣品很差 心态崩了！！是真的吗？！！
303,http://www.bilibili.com/video/av87979640,77,415,6870,57,宝藏原创设计淘宝店铺分享 | 13家舍不得公开的酷美风小众店铺～第二期
304,http://www.bilibili.com/video/av87857390,9,20,6866,72,千万不要在Nice直送买鞋，就是个坑！还有可能买到假鞋！
305,http://www.bilibili.com/video/av86785783,27,211,6855,80,△神前▽ 解锁JK制服的各种搭配方法！
306,http://www.bilibili.com/video/av87425174,38,71,6808,53,球鞋海关 | 让你秒变Rapper的几双冷门联名鞋！
307,http://www.bilibili.com/video/av87510338,12,319,6785,37,半透薄丝，性感黑裙，勾人走姿◆风sao秘书小阿姨上线了，老板你看怎么样？
308,http://www.bilibili.com/video/av87737831,17,29,6780,36,BURBERRY 墨镜测评
309,http://www.bilibili.com/video/av86963303,89,69,6750,44,『Lolita开箱』告白气球 | 人手一条果然好看 但质量也太差了？|  爱丽丝姐姐 | 测评 | 穿搭 | 吐槽 | 种草 | 拔草 | 柚奈
310,http://www.bilibili.com/video/av87439932,6,115,6688,33,疫情期间剁手指南|大型购物分享[下]  包含初春可用单品 鞋帽 配饰 数量品种多多 平价好用 从头到脚
311,http://www.bilibili.com/video/av87157613,20,86,6624,9,百达翡丽、硅胶手环、洗手液…… 一起看看小里弗斯的「老司机十件套」
312,http://www.bilibili.com/video/av87413893,21,170,6620,3,超平价羊羔毛深得我心 |  可以穿到早春的外套 （绝百事 安心静体 迎福践长！）
313,http://www.bilibili.com/video/av88018412,50,48,6589,98,ok |梨形胯宽微胖春季穿搭第一弹|毛衣分享|学生党平价种草
314,http://www.bilibili.com/video/av86966351,25,169,6503,9,【571聊天室】冬日爱用物分享｜小众包包，鞋子，口红种草｜买手店推荐
315,http://www.bilibili.com/video/av87467291,113,163,6486,81,快速提升生活品质的干货单品推荐
316,http://www.bilibili.com/video/av87746882,2,23,6369,43,Adidas被低估最严重的鞋款，全掌boost只需199？？？
317,http://www.bilibili.com/video/av88237718,151,66,6351,81,母子情侣装大挑战！让老妈回到时尚黄金的90年代
318,http://www.bilibili.com/video/av87491188,29,256,6345,39,『jk制服』低至99!!!超稀有橘色格裙上新现货｜ jk制服上新安利种草
319,http://www.bilibili.com/video/av87202581,11,20,6326,65,论女人的购物欲有多强悍！私人首饰收纳|都市女人不可或缺的首饰
320,http://www.bilibili.com/video/av86880363,22,125,6300,65,老爹鞋
321,http://www.bilibili.com/video/av87424255,2,196,6267,17,冬日的短靴、长靴测评|哈森HARSON |我的好物分享|光腿神器
322,http://www.bilibili.com/video/av88042622,201,25,6232,53,女人 你的名字叫喜新厌旧！断舍离！在线扔衣服！
323,http://www.bilibili.com/video/av87934347,36,106,6232,251,粉丝福利又来啦！三双球鞋任你选 一块钱起送
324,http://www.bilibili.com/video/av87449671,1,103,6229,47,【美女博主】卖二手鞋？竟然还有这种操作！？
325,http://www.bilibili.com/video/av87346652,48,198,6208,62,用50双鞋 带你了解一下越野鞋 / OUTDOOR 越野鞋 小百科全书 上集 SALOMON
326,http://www.bilibili.com/video/av88249511,29,241,6192,39,|杂谈思考| 阅读和搭配有联系？复古属性的单品
327,http://www.bilibili.com/video/av88166528,102,315,6189,49,新手必看！初春基础款改造|10个技巧快速提升衣品
328,http://www.bilibili.com/video/av87338235,0,159,6146,4,290块的莆田空军一号和正品有什么区别
329,http://www.bilibili.com/video/av87644784,1,158,6113,10,【穿搭】早春5套穿搭分享 — áFROM
330,http://www.bilibili.com/video/av87114729,20,47,6112,75,M新闻 | NIKE Alphafly Next% 抢先看
331,http://www.bilibili.com/video/av87507569,5,53,6076,22,早春开衫合集｜试色报告+穿搭！可单穿可内搭
332,http://www.bilibili.com/video/av87809629,96,307,6065,49,情侣装怎么穿才不像双胞胎？教你如何高级秀恩爱 优衣库 + ZARA + Massimo Dutti
333,http://www.bilibili.com/video/av87376162,143,25,6040,75,高二男生球鞋分享上脚视频（有假慎入！）
334,http://www.bilibili.com/video/av86956165,14,41,6026,24,油管生肉｜价值百万美金的穿搭｜年度总结｜unknown vlogs｜明星穿搭
335,http://www.bilibili.com/video/av86882334,42,83,6017,126,情人节穿搭|互动视频|土酷帅气VS甜美软萌|身高153.5体重49.7KG小个子矮胖女孩
336,http://www.bilibili.com/video/av86869838,45,333,5977,64,丰腴成熟『MILF』●情人节内裤的试穿＆推荐
337,http://www.bilibili.com/video/av87799988,206,78,5957,101,『柚奈LolitaFashion』up买过的“翻车Lo鞋” | 超真实 | 拔草避雷 | 吐槽 | 聊天 | 测评 | 可爱 | 优雅 | Lo娘 | 鞋子
338,http://www.bilibili.com/video/av87835678,8,471,5913,32,【白菜汉服】平价绿色系汉服合集
339,http://www.bilibili.com/video/av87627848,45,557,5901,87,【汉服】尴尬！汉服名词不是这么念的？细数那些经常容易念错的名词及生僻字
340,http://www.bilibili.com/video/av86998620,3,91,5877,7,【穿搭】冬季日常9套穿搭  — bell
341,http://www.bilibili.com/video/av86882155,1,23,5767,8,hello  catie    WHAT&#39;S IN MY BAG 我的包包裡面有甚麼 I
342,http://www.bilibili.com/video/av87910457,1,84,5732,5,【吴英珠VLOG】超百搭基本款大放出！从头到脚承包你的冬日美丽穿搭！ @迹象Trend
343,http://www.bilibili.com/video/av87156196,6,88,5720,48,白菜明制汉服再入坑，云出岫立领，披风开箱
344,http://www.bilibili.com/video/av87763992,1,12,5718,33,潮汕人博主老家生活，好想出去玩！
345,http://www.bilibili.com/video/av87023928,21,121,5691,55,【思远】男生的冬天要怎么穿？两种最强类型面料简单介绍
346,http://www.bilibili.com/video/av87773278,4,94,5661,13,【Vlog】英文字幕 ? 衣橱分享 — Heizle
347,http://www.bilibili.com/video/av87703188,58,129,5640,37,[itsmeyana]专柜入门级首饰合集`轻奢首饰|apm.潘多拉.施华洛世奇.西太后.gucci.蒂凡尼.宝格丽|手表.戒指.项链
348,http://www.bilibili.com/video/av88250482,10,92,5634,22,男生向 这么多年裤子都穿错了？
349,http://www.bilibili.com/video/av88212896,3,201,5604,34,冬日的短靴、长靴测评|长筒过膝靴可可真皮女鞋 |我的好物分享|光腿神器 | 平价长筒靴
350,http://www.bilibili.com/video/av87356210,32,39,5598,26,跟着七叔冲遍wtaps2020ss衬衫篇
351,http://www.bilibili.com/video/av87239807,88,24,5558,63,来瞅瞅球鞋分享\一个朴实的学生分享
352,http://www.bilibili.com/video/av87051415,7,373,5553,12,2019包包合集下期看看我购入了哪些经济实用的包（包含奢侈品牌和轻奢）LV、Burberry、Gucci、Coach
353,http://www.bilibili.com/video/av87680336,15,161,5551,33,早春日常一周穿搭｜梨形身材小个子必看｜轻复古街头风
354,http://www.bilibili.com/video/av87358724,50,151,5550,40,上海最好买的复古集合店，RADIANCE-Blue探店！
355,http://www.bilibili.com/video/av87837950,64,125,5530,124,我不说没人知道这是汉服！经典黑白配色+千鸟格做成汉服，超时尚 | 素风尔雅千秋岁测评 | 七十二
356,http://www.bilibili.com/video/av87681255,57,43,5524,49,细节满满！情人节礼物送这个？Strangelove*NikeSB dunk low开箱&amp;评测 我终于中签啦！
357,http://www.bilibili.com/video/av87599714,4,291,5523,36,比雷佳音头还大的我！！终于找到适合自己的帽子了！大头妹纸看过来！
358,http://www.bilibili.com/video/av87101097,153,350,5515,108,【琨语琨寻】明代女子穿什么衣服？怎么那么好看！
359,http://www.bilibili.com/video/av87287156,39,16,5496,90,包包开箱|最值得入手的基础款lv和史上最可爱的gucci包，太好看了|包包控必入|史上最贵开箱
360,http://www.bilibili.com/video/av88048825,24,154,5464,194,JK制服开箱丨『优马L1』丨400块的L1vs100块的山吹谁更胜一筹呢丨两条小萌款黄格的碰撞！
361,http://www.bilibili.com/video/av87781115,6,81,5414,39,穿中学生的衣服竟然那么减龄，瞬间“活力四射”太青春了！
362,http://www.bilibili.com/video/av87155225,35,84,5401,29,为了自由，咆哮野兽｜Roaringwild 测评｜国潮值不值得买 Vol.2
363,http://www.bilibili.com/video/av87657089,14,128,5379,48,【Teensview】三宅一生褶皱系列｜HOMME PLISSE｜购物分享｜上身搭配｜西装｜衣橱必备裤子｜
364,http://www.bilibili.com/video/av86877676,2,18,5313,25,理想中的春节假期穿搭VS现实中的穿搭
365,http://www.bilibili.com/video/av87328131,40,39,5304,29,和我一起开箱！| 情人节礼物 | &amp;Other Stories 试穿 测评 穿搭
366,http://www.bilibili.com/video/av86829951,14,285,5303,31,蝈蝈/李哥哥要当红军咕唧/那串字母的衣帽间直播录屏
367,http://www.bilibili.com/video/av87870227,2,107,5282,18,【穿搭】5种日常包包分享 — leean
368,http://www.bilibili.com/video/av86991229,21,22,5257,10,【SD搬运】中字|最低评分闷包6连开！闷包大神亏出血？！不作不死！
369,http://www.bilibili.com/video/av86878399,5,133,5243,47,【落落】当汉服遇到JK该怎么穿
370,http://www.bilibili.com/video/av88035863,91,186,5214,108,【Jamie】我的耳饰分享｜搭配法则
371,http://www.bilibili.com/video/av87471392,11,82,5195,217,正月十五元宵节老师给大家拜晚年啦！物理老师摆摊儿 第三期来啦！
372,http://www.bilibili.com/video/av87640142,10,103,5160,92,【璃仟w】JK制服—金茶上身参考搭配～
373,http://www.bilibili.com/video/av87153734,14,327,5152,36,情侣装Lolita安利~情人节和对象穿情侣装吧！
374,http://www.bilibili.com/video/av87684577,44,114,5145,40,早春穿搭 | 七套明亮的日常穿搭 |「没有一个冬天不可逾越 就好像没有一个春天不会来临」
375,http://www.bilibili.com/video/av87730039,53,47,5118,30,去日本买到假鞋是一种什么体验？探访大阪最强球鞋店！
376,http://www.bilibili.com/video/av87909347,1,43,5099,10,UR试穿|抱走这4件可爱短上衣
377,http://www.bilibili.com/video/av87244392,76,126,5080,21,【Angwi Tacho】情人节穿什么 购物分享｜VALENTINES DAY COLLECTION TRY ON HAUL
378,http://www.bilibili.com/video/av87968679,0,10,5059,11,【77耳饰】你们喜欢的耳饰分享来咯！这次挑了几个最近使用频率比较高的！  每次发图都有人念叨我的耳饰，窝在家里不如看视频种草~
379,http://www.bilibili.com/video/av87021821,5,81,5054,31,【鞋子合集】日常鞋子分享/学生党/日常百搭/平价
380,http://www.bilibili.com/video/av88280776,8,23,5041,19,春节期间，我的汉服剁手成果
381,http://www.bilibili.com/video/av87768015,7,109,5033,40,和Mino穿情侣装的方法居然是？？？
382,http://www.bilibili.com/video/av87632392,1,467,5007,26,【白菜汉服】单价不过百明制汉服合集 低至50包邮
383,http://www.bilibili.com/video/av87150037,3,122,4978,28,【酱酱的衣柜】5套春季穿搭！春天来啦！阳光也回来的！
384,http://www.bilibili.com/video/av87410081,35,97,4974,72,纯干货！手把手教你梨型身材怎么穿！！！
385,http://www.bilibili.com/video/av87472235,20,88,4934,69,比上一个穿搭Vlog我瘦12斤 ｜你们要的【淘宝平价穿搭】 初春系列！
386,http://www.bilibili.com/video/av87002948,55,330,4921,31,一颗土豆｜46家私藏淘宝店铺推荐/韩风复古小众简约休闲/各种风格都有的真爱安利
387,http://www.bilibili.com/video/av87175806,32,485,4893,57,【もも】初春可爱日系日常元气穿搭 |160cm 50kg| LOOKBOOK
388,http://www.bilibili.com/video/av87068563,7,311,4871,27,Raeyel‖垃圾摇滚/哥特 穿搭Grunge / Goth Lookbook #12 ~ 10 Outfits
389,http://www.bilibili.com/video/av87028799,13,28,4829,16,优衣库 IDLF 2020春夏 7件单品 试穿+测评 | 失望？裤装有惊喜 | UNIQLO IDLF 20SS TRY ON HAUL |emma_daily
390,http://www.bilibili.com/video/av86869393,2,10,4814,0,hello  catie     我的第一份母親節禮物???? 香奈兒包包開箱
391,http://www.bilibili.com/video/av87518626,184,123,4798,84,【零乘琳】春节特别企划第1期/所有开箱测评过的LO裙红黑榜/12期视频合辑总结
392,http://www.bilibili.com/video/av86555901,11,25,4785,26,淘宝探店 | 连衣裙79！羊毛西装149！冲！
393,http://www.bilibili.com/video/av87661821,58,101,4753,42,12look(下）6套日常穿搭分享|163cm秋冬搭配不挑人|韩系平价实穿单品
394,http://www.bilibili.com/video/av88202172,244,116,4748,84,开学季必BUY潮流好物｜服饰&amp;包包分享
395,http://www.bilibili.com/video/av86820364,148,30,4700,41,【HERMES】爱马仕 MINI KELLY II开箱 - 巴黎故事会之揭开总店的秘密
396,http://www.bilibili.com/video/av87649748,16,29,4696,43,开箱视频点赞过万，老公被逼买包干脆开了家奢侈品店
397,http://www.bilibili.com/video/av87564100,32,76,4695,37,【SKYE】情人节穿搭 | 约会穿什么 | 日常单品打造正式感 | 一衣多穿
398,http://www.bilibili.com/video/av87588724,17,62,4692,52,【jk制服】爆款？冬研大圣知高再贩？真实上身试穿搭配谁更优秀~附带叶月中/5套LOOK
399,http://www.bilibili.com/video/av86903043,5,118,4663,22,[PiPi’s Dressing]开春穿搭｜一衣多穿｜zara单品｜快时尚打折季｜换季和214情人节穿啥
400,http://www.bilibili.com/video/av87713302,0,64,4631,34,毛衣合集?超有趣的毛衣分享
401,http://www.bilibili.com/video/av88240214,44,134,4622,36,【我的私藏网购服装店大公开~】 7家我最最常逛的店（现在只剩下5家了）简约风、复古风、运动休闲风... 在这家店买到了我的神裤！？
402,http://www.bilibili.com/video/av86734173,445,139,4594,218,【潮流补习班】性转穿搭 乌鸦穿女裝 VS 蛋壳穿男裝
403,http://www.bilibili.com/video/av87700724,14,188,4587,89,【汉服多长适合自己】汉服衣长多少才适合自己呢？从60-140的跨度！总有一款衣长适合你！最后还有一部分马面上身展示??
404,http://www.bilibili.com/video/av87377259,22,29,4568,39,曲终人散，科比的最后一代签名鞋———Nike kobe NXT FF球鞋测评 实战测评【尚帝 精度测评】
405,http://www.bilibili.com/video/av86896338,16,156,4552,96,【Yoooo酱】干货 | JK制服入坑指南 | 怎样辨别山寨＆正统？
406,http://www.bilibili.com/video/av87433760,10,380,4550,20,作为网红女主播：比基尼应该怎么穿？韩国小姐姐示范给你看
407,http://www.bilibili.com/video/av86926534,34,66,4539,132,一口气开箱2万+汉服是什么样的快（劳）乐（累）？
408,http://www.bilibili.com/video/av86854726,17,62,4533,27,近期购入的五双鞋子开箱&amp;远古购入的Chanel鞋子开箱| Chanel | Givenchy | Converse|Tod&#39;s|By far
409,http://www.bilibili.com/video/av87096207,5,8,4502,45,国产E-TPU发泡和阿迪达斯boost有什么区别？
410,http://www.bilibili.com/video/av88142232,149,107,4493,84,"/达子/从平价到封顶, 近日购物分享上身&amp;宜家半日游"
411,http://www.bilibili.com/video/av87765038,18,396,4487,26,【Lauren Burch】Cupshe 比基尼试穿展示
412,http://www.bilibili.com/video/av87906524,22,215,4472,82,[jk制服]别高价求电竞少女了！看看其他绝美紫格！紫格特辑
413,http://www.bilibili.com/video/av87665282,6,98,4472,44,【九璃】震惊！如此华丽的小裙子才200多！买到就是赚到！山茶花Lolita开箱！
414,http://www.bilibili.com/video/av87855349,3,212,4461,14,小阿姨穿搭-红色小洋裙，透明连裤袜，黑色高跟鞋打造复古风穿搭
415,http://www.bilibili.com/video/av87561639,20,28,4457,76,庄维老师球鞋收藏（3）请看简介！！
416,http://www.bilibili.com/video/av87556782,31,107,4440,34,男生福利！买礼物给爸爸和男友！巴黎宝藏「男生买手店」| Utatv
417,http://www.bilibili.com/video/av87377094,12,86,4429,7,【翻包】山本月｜拥有的所有包包分享 my bag collection??
418,http://www.bilibili.com/video/av87469026,1,86,4425,8,【Gemary】我最爱的5条高腰牛仔裤 试穿分享｜Top 5 Favorite High Rise Jeans: Try On &amp; Review
419,http://www.bilibili.com/video/av87794527,61,57,4423,54,【年度总结】2019年度爱用单品分享（下）球鞋篇 | Salomon、匡威、索康尼、亚瑟士、Nike
420,http://www.bilibili.com/video/av88174827,203,271,4402,93,【零乘琳】UP所有LO鞋红黑榜 | 最爱超舒适推荐 | 翻车无情吐槽 | lolita种草安利 | 平价推荐 | 拔草 |春节特别企划第2期
421,http://www.bilibili.com/video/av87846233,7,108,4397,12,【simonesquared】海外版淘宝购物分享单品 试穿｜trying on EveRyTHinG i bought from ALIEXPRESS
422,http://www.bilibili.com/video/av86555116,1,11,4394,10,淘宝探店 | 24块！质量超好！还要啥自行车！
423,http://www.bilibili.com/video/av86734711,16,24,4353,28,看看汉服小姐姐都怎么搭配汉服上街更有气质
424,http://www.bilibili.com/video/av87670455,68,110,4350,27,年度包包合集｜我的十五个风格迥异的包包｜vintage 小众 manu &amp;otherstories coach mango｜LissyLee
425,http://www.bilibili.com/video/av86607948,25,55,4338,58,【卿辰】【十三余花鸟行吟】多色混搭解锁新搭配？199织金马面到底值不值得购买？再次疯狂翻车被挂的十三余还能再买吗？（汉服开箱测评/十三余小豆蔻儿）
426,http://www.bilibili.com/video/av87917006,5,137,4310,6,【Olivia Rouyre】试穿新衣服 购物分享｜bought a lot of clothes *it&#39;s haul time*
427,http://www.bilibili.com/video/av87869052,50,44,4252,47,【小慕】无聊在家偷翻爸妈衣柜/小个子90s复古女孩早春穿搭/甜酷女孩旧衣新穿/皮衣/衬衫/西装外套
428,http://www.bilibili.com/video/av88191597,10,19,4245,23,成都一个普通家庭的高中生，平时穿得是什么？
429,http://www.bilibili.com/video/av87486777,29,46,4242,28,【Danielboyan】年初购物分享 Fear of god/Julius/Sasquatchfabrix
430,http://www.bilibili.com/video/av87882339,23,113,4231,42,男生必备的4条基础款长裤|最低只要28.8|西裤 牛仔裤 工装裤 休闲裤
431,http://www.bilibili.com/video/av87155957,41,30,4224,56,wtaps 19aw sherpa冲锋衣尺码推荐 以及madness年终折扣购物分享
432,http://www.bilibili.com/video/av87707353,44,133,4219,30,"【五十双经典大牌鞋子测评|如何百搭舒服不踩雷】Hermes, Dior, Gucci, Valentino, MB, RV,SF,SW"
433,http://www.bilibili.com/video/av86913210,138,62,4211,121,"跟不跟？ Tan聊发售 Supreme AF1, Yeezy 700 MNVN, AJ1 x J Balvin and more"
434,http://www.bilibili.com/video/av86808786,5,125,4192,47,JK制服穿搭向 | 彩虹战队第二期 | 八条格裙上身分享 | 有神秘dk出现
435,http://www.bilibili.com/video/av87420750,20,35,4160,59,球鞋分享 佛系玩鞋 高中生球鞋 第一次拍视频 求鼓励支持  up主183cm 65kg 不玩假谢谢
436,http://www.bilibili.com/video/av88147829,1,151,4153,9,[ Anabella Galeano] Dear Lover Haul │ Modelando Trajes de Ba?o
437,http://www.bilibili.com/video/av87897005,4,41,4143,21,优衣库IDLF合作系列 2020 SS | Lookbook |  试穿+搭配
438,http://www.bilibili.com/video/av87319186,3,24,4142,12,自己和自己玩的一天！
439,http://www.bilibili.com/video/av87670300,22,39,4128,54,跟风买爆款lo裙告白气球爱丽丝/原相机/拔草or种草？lolita开箱测评逛lolita实体店
440,http://www.bilibili.com/video/av87073741,39,104,4124,67,【大型汉服开箱现场】明制？齐胸？新人up主竟然一次开箱那么多件汉服？！锦瑟衣庄|满桂陇|瞳莞|你好美荔|天衣坊
441,http://www.bilibili.com/video/av87816017,33,45,4093,77,50元封顶！年末清仓购物分享 | 统统白菜价 | 服饰试穿分享
442,http://www.bilibili.com/video/av86983926,13,31,4093,31,第一次穿汉服要多久？！十三余小豆蔻儿 · 与君书 · 菊桑茶 · 开箱试穿丨推荐ipad或电脑观看
443,http://www.bilibili.com/video/av87607117,2,135,4035,4,INGHWA | 从舒适风到打扮了又像没打扮 | 12套多彩春季穿搭分享
444,http://www.bilibili.com/video/av87996451,3,87,4016,41,平价鞋子分享｜我真的好喜欢蓝色
445,http://www.bilibili.com/video/av88002130,20,27,4005,41,淘宝探店|果果家定制：今天大家都复工了吗？均价100元的早春穿搭，淑女裙复古又优雅，小个子必入的短款针织开衫！
446,http://www.bilibili.com/video/av86929558,4,224,3971,34,白菜Lolita安利鞋子篇
447,http://www.bilibili.com/video/av87289915,7,46,3903,23,购物开箱｜zara春季新款开箱上身分享｜宅家云购物，试穿不踩雷
448,http://www.bilibili.com/video/av87563655,48,28,3875,91,「小黄talk」就这？(?_?;三四千买sacai值得吗｜Nike X Sacai LDV Waffle开箱｜年度最爱球鞋
449,http://www.bilibili.com/video/av87762917,14,32,3855,70,[球鞋分享]震惊！某幼儿园小朋友竟然这么多鞋！
450,http://www.bilibili.com/video/av87060521,86,40,3845,91,［浣兮］一个lo娘/jk过年期间双坑购入盘点
451,http://www.bilibili.com/video/av87497476,26,95,3838,103,【Lolita】花一份钱竟然可以买到两种体验！这个便宜我是冲了！！！这么温柔的颜色确定不考虑一下嘛？猫咪罗曼史家的布丁系列开箱!!!!
452,http://www.bilibili.com/video/av87598899,46,57,3823,98,Simon莽夫remake系列: 搞点泼墨涂鸦，给我的iwm cargo 整一个彩口袋。
453,http://www.bilibili.com/video/av87827481,19,165,3820,45,开箱30元入手的彪马卫衣，官方旗舰店买的，还是明星同款，这么便宜是怎么做到的？
454,http://www.bilibili.com/video/av87903574,0,38,3794,9,闺蜜三人出去逛街，为了搭配出精致感觉，都穿着高跟鞋
455,http://www.bilibili.com/video/av87037608,7,36,3747,80,还记得当年比肩科比的麦迪吗？他的战靴Tmac3 稀有蓝尼配色开箱
456,http://www.bilibili.com/video/av87749518,4,135,3722,4,Brandy Melville服饰分享|平价少女风|开箱试穿|饰品分享
457,http://www.bilibili.com/video/av87455728,2,76,3722,29,上班一周穿搭，看了有帮助哦
458,http://www.bilibili.com/video/av87326334,12,26,3677,23,【落落】数一数一共有几条裙子
459,http://www.bilibili.com/video/av86890684,4,8,3676,22,高二小屁孩的球鞋(′▽｀)ノ?
460,http://www.bilibili.com/video/av87788050,11,24,3668,71,小蒲有话讲
461,http://www.bilibili.com/video/av87408803,21,52,3664,42,超好看复古西装分享～～
462,http://www.bilibili.com/video/av87577212,13,8,3655,24,淘宝探店 | 人靠衣装！这件卫衣太显嫩了！甩同龄人一条街！
463,http://www.bilibili.com/video/av87723430,9,79,3625,34,skiko outfitっ新的一年啦！又乖又讨巧的面试穿搭技巧分享：）
464,http://www.bilibili.com/video/av87189168,13,229,3607,28,『dk制服』低至158!!! 22件已经按颜色分类的dk西服外套上新现货 ｜dk制服种草安利
465,http://www.bilibili.com/video/av87145568,3,77,3584,28,肉丝系列上腿试穿预告|7双肉丝拆箱|连裤袜、打底袜、高筒袜|甜美蝴蝶结诱惑|日本厚木
466,http://www.bilibili.com/video/av87792891,7,83,3572,17,[二月lo裙上新]闲着也是闲着不如看看新款lo裙～说不定就有你喜欢的！?
467,http://www.bilibili.com/video/av86876085,4,17,3571,4,hello catie   新買的GUCCI包包? 2+3月愛用分享 (又有食物肚子餓慎入) Feb+Mar Favorites
468,http://www.bilibili.com/video/av86992855,5,137,3559,12,【白菜lo裙安利】绝不吃土系列！低至138r?四舍五入不要钱！
469,http://www.bilibili.com/video/av86937576,122,14,3550,23,改造一米七的程序员男朋友，邋遢的他让我忍无可忍！
470,http://www.bilibili.com/video/av87343592,7,12,3532,25,淘宝探店 | 这期算是避雷指南！诚邀观看
471,http://www.bilibili.com/video/av87143527,63,31,3519,54,「CACTUS PLANT FLEA MARKET」侃爷复活甲？凭啥刷爆2019潮流圈
472,http://www.bilibili.com/video/av87955933,20,81,3507,74,我妈还挺时尚？| 挑战搭配妈妈的旧衣 | 改造90s复古单品
473,http://www.bilibili.com/video/av87539147,0,71,3502,7,莫兰迪灰色，浪漫的减龄系搭配
474,http://www.bilibili.com/video/av86853417,4,190,3491,55,lolita安利：三条200r以下的lolita裙～最低99r！
475,http://www.bilibili.com/video/av86787263,18,44,3491,35,120斤 156cm｜真 矮胖 秋冬复古穿搭 【解说版】一起穿好看的衣服吧！
476,http://www.bilibili.com/video/av88013671,61,97,3485,72,［衬衣1衣多穿］50元的衬衣竟然可以搭出8个春天look！宅在家无聊不如一起来学习衬衣搭配，开春就能穿！
477,http://www.bilibili.com/video/av87685903,23,23,3483,48,「星荃」星纱开箱＋上身搭配 |显黑？也许能给你拔草呀～【JK制服】
478,http://www.bilibili.com/video/av88219008,2,107,3451,21,高跟鞋展示
479,http://www.bilibili.com/video/av87710891,14,29,3446,113,上手最美AJ34 没有之一
480,http://www.bilibili.com/video/av86942333,24,54,3444,60,【萌】男生拥有这8顶帽子就够了！
481,http://www.bilibili.com/video/av87661309,67,29,3436,37,和老妈一起试穿优衣库｜22件IDLF单品诚意分享｜良心夸赞以及激情吐槽
482,http://www.bilibili.com/video/av87709546,4,12,3428,2,愛馬仕包就是超難買！小禎2020年最新愛包開箱！想要優雅又要可愛一次獨得！（留言就抽包！）【小禎一個人系列#44】
483,http://www.bilibili.com/video/av87864061,0,2,3410,2,靴子怎么选？性价比最高最经典且不撞鞋的靴子分享&amp;选靴经验交流·附两套穿搭
484,http://www.bilibili.com/video/av88247792,3,80,3403,5,【穿搭】8套冬季日常穿搭分享 — Jody
485,http://www.bilibili.com/video/av87464767,2,31,3398,3,高跟鞋要选择细跟的，时尚姑娘都是这么选，你会这么穿么？
486,http://www.bilibili.com/video/av87899677,7,28,3386,11,2020春季优衣库uniqlo idlf 系列测评 种草和吐槽都有/超好穿的优衣库普通系列/&amp;other stories 2020春季有好多惊喜发现
487,http://www.bilibili.com/video/av87295079,14,46,3374,97,【汉服观点】吐槽当下汉服认知及审美
488,http://www.bilibili.com/video/av86914962,67,45,3373,51,Nice买到开胶鞋？哪里买鞋靠谱丨购物经验分享
489,http://www.bilibili.com/video/av87389664,35,47,3358,47,价值一辆法拉利的Supreme收藏
490,http://www.bilibili.com/video/av87067779,7,59,3353,29,男生向~ 情人节不隔离爱  上镜的5个穿搭
491,http://www.bilibili.com/video/av87560527,10,133,3347,17,【Anna Paul】冬季 Fashion Nova 服装试穿
492,http://www.bilibili.com/video/av87040484,6,118,3340,32,看金发微胖妹子冬末春初穿搭推荐｜Laura Glam&#39;More
493,http://www.bilibili.com/video/av86894456,1,1,3326,0,「你真的了解【無印良品MUJI】的生活哲学吗？」
494,http://www.bilibili.com/video/av87981850,9,44,3272,40,身高160体重108 | 腰细腿粗 典型梨形女孩离不开的四条百元以下半身裙
495,http://www.bilibili.com/video/av87629332,17,25,3268,25,【“良”心推荐】羽毛球鞋子也可以拿来当潮鞋
496,http://www.bilibili.com/video/av87625598,41,10,3265,11,翻妈妈的衣柜 穿年龄比我还大的衣服 满满的复古感 居然比我自己买的衣服还显瘦！
497,http://www.bilibili.com/video/av87597200,18,188,3261,35,"/Yehji/如何快速成为一位合格的穿搭博主,如果你也在努力或想做出有趣的时尚类视频，不妨进来看看叭！（一）去同质、化普遍为突出、化个性为卖点、用爱发电！"
498,http://www.bilibili.com/video/av87768799,8,19,3247,18,想看吗？What‘s in my bag. 韩企上班族翻包记。
499,http://www.bilibili.com/video/av86836045,6,49,3224,22,【JK制服】现役jk的衣橱｜小个子黄黑皮女孩的日常格裙穿搭｜jks日常穿搭分享
500,http://www.bilibili.com/video/av87947439,56,144,3218,25,背带裤哪家强？图南带你看看madness低价背带裤
501,http://www.bilibili.com/video/av88165521,2,98,3217,25,157小个子早春彩色穿搭 | 7天不重样快速穿搭挑战 | 这样穿才显高
502,http://www.bilibili.com/video/av87035966,5,60,3217,1,【Jenny Mustard】初次约会怎么穿｜HOW TO DRESS FOR A FIRST DATE /4 date night outfits
503,http://www.bilibili.com/video/av87788762,7,173,3211,21,我的私藏酷女孩店铺，都给你啦！｜日系工装｜土酷｜雅痞｜淘宝店铺分享
504,http://www.bilibili.com/video/av88057363,1,56,3206,59,「学生党」00后分享百搭卫衣推荐/平价好看不撞衫！！利用率超高春秋都可穿！
505,http://www.bilibili.com/video/av87527877,9,75,3204,59,153cm小个子女生/学生党日常平价穿搭
506,http://www.bilibili.com/video/av87213413,2,10,3194,20,过期jk本打算过年走亲戚穿的五条格裙？！山吹/金鱼姬/赤坂高校/山楂树/电竞少女
507,http://www.bilibili.com/video/av87758689,4,99,3179,4,[Anabella Galeano] Nueva Línea de ropa Interior para México
508,http://www.bilibili.com/video/av88094023,37,19,3178,28,最低309元，分享几双适合做情人节礼物 or 情侣款的球鞋
509,http://www.bilibili.com/video/av87345091,10,25,3177,30,淘宝探店|丁走走的店：围巾合集来咯！很适合手残党的羊羔毛围巾必入啊，凹造型神器，让穿搭不再单调！
510,http://www.bilibili.com/video/av87007081,2,121,3175,4,小阿姨凡妮莎.普尔穿搭圣经-闪亮超薄连裤袜与闪亮的短裙
511,http://www.bilibili.com/video/av87984704,9,83,3166,72,【168cm/52kg】春季复古穿搭分享|春季色彩穿搭|平价
512,http://www.bilibili.com/video/av87504339,48,63,3157,67,【NINA】我的一周穿搭003
513,http://www.bilibili.com/video/av88154151,54,62,3149,36,皮鞋加气垫？德训加Tabi？来自马吉拉的异形鞋 2020与众不同！
514,http://www.bilibili.com/video/av87465200,14,78,3142,4,【Kelsey Simone】和我一起玩搭配 准备纽约时装周｜STYLE WITH ME FOR NYFW! How I Style Outfits..
515,http://www.bilibili.com/video/av87360088,3,66,3123,36,【落落】明制织金套仅售199？！花间夕家金吼吼汉服开箱
516,http://www.bilibili.com/video/av87899846,6,316,3122,23,BIKINI HAUL | Boutine LA
517,http://www.bilibili.com/video/av87068804,10,4,3098,14,迪拜机场买了什么？ - My First CHANEL Bag - 人生第一只香奈儿包~撒花??
518,http://www.bilibili.com/video/av88149836,336,325,3094,141,KVSN.A-Z // 他觉得KAWS x AJ 4不如一双Vans
519,http://www.bilibili.com/video/av87036720,11,164,3078,24,看金发微胖妹子冬春假期穿搭推荐｜Laura Glam&#39;More
520,http://www.bilibili.com/video/av87342997,7,23,3076,15,【打折季！】MUJI、ZARA Home、优衣库太划算了！
521,http://www.bilibili.com/video/av87734365,104,79,3072,84,玩球鞋不懂材料？老鞋迷教你识别真皮和人造革
522,http://www.bilibili.com/video/av86691099,3,72,3053,11,【二月lolita上新资讯】二月有太多好看的lolita了吧，件件都神仙
523,http://www.bilibili.com/video/av87231165,8,47,3026,22,鞋子分享
524,http://www.bilibili.com/video/av86936678,6,35,3021,33,BB：快时尚购物分享！云购物那么久，快来跟我一起拆快递吧！
525,http://www.bilibili.com/video/av87724399,7,260,2999,18,【安利】那些又飒又酷的lolita，现货、预约中、国牌、日牌、各种军lo，总有你喜欢的！
526,http://www.bilibili.com/video/av87792313,21,113,2997,44,【制服穿搭】萌妹/优等生/辣妹/不良 四种风格有你喜欢的吗
527,http://www.bilibili.com/video/av87573118,9,137,2970,49,肉丝系列 | 日本厚木Je l&#39;aime蝴蝶结连裤袜 | 4个look穿搭 | 总有一款你可以
528,http://www.bilibili.com/video/av87706304,10,40,2948,46,过年压岁钱用来买什么鞋子好？2XXpuma冷门复古跑了解一下
529,http://www.bilibili.com/video/av87680433,9,56,2940,15,高/矮/扁身/圆身的NG穿搭破解 Ft.Natalie田以熙【居妮Ginny Daily】
530,http://www.bilibili.com/video/av87691676,10,42,2908,47,贫民窟下水道lo娘&amp;jk的省钱大法               我省下了一个亿哈哈哈
531,http://www.bilibili.com/video/av88002753,37,72,2880,70,入坑半年22条JK制服格裙分享|中牌兔姬舍深夜幻境激活室|山吹竹取烟灰碳灰千岁|温柔一刀山楂树沉苍梧葡萄汽水阳关调小苍兰玫瑰战争
532,http://www.bilibili.com/video/av87026636,8,21,2837,7,Off-White AJ 5联名提前看！「Blazendary」中字
533,http://www.bilibili.com/video/av87968615,3,84,2835,6,国外美女换装秀-第二弹
534,http://www.bilibili.com/video/av86950664,16,90,2818,21,年度首饰合集｜公开我的宝藏首饰们 Jewelry Collection｜LissyLee
535,http://www.bilibili.com/video/av87591482,26,15,2814,30,“二月份给你解解闷” 系列视频之：盘点我所有的中古包包！！
536,http://www.bilibili.com/video/av87354387,1,100,2809,64,【jk制服】梗豆金鱼姬 | 月野茶羽中 | 深夜月黑风高 一个粗糙repo | 守护你的少女心(づ′▽`)づ
537,http://www.bilibili.com/video/av87609799,9,35,2804,9,我们缺的不是衣服，而是为我们平时穿的衣服找到流行感/或者是一种穿不腻歪的搭配方法。春天到了！该去整理下你们的衣柜了！
538,http://www.bilibili.com/video/av87362382,6,39,2804,43,"[DK篇]男孩子女装来教女生如何穿DK，女生如何穿DK,DK的几种穿法风格"
539,http://www.bilibili.com/video/av87073701,18,18,2800,32,【大码探店】过年你胖了几斤呀？看看这些藏肉的好内搭吧|某宝：大密cc|小个子多肉穿搭必备
540,http://www.bilibili.com/video/av88020140,3,54,2768,26,必买韩国品牌/STYLENANDA/MLB/好物推荐/舞蹈Up猪平时都带什么帽子？？
541,http://www.bilibili.com/video/av86554683,2,7,2765,15,淘宝探店 | 有质感的毛呢裙只要30块！！！
542,http://www.bilibili.com/video/av87555590,43,43,2762,51,【白子】搬家12斤小裙子开箱| 总价值12000+【lolita致贫】甜系cla系搞死和风全入坑是什么下场
543,http://www.bilibili.com/video/av87154283,10,27,2758,19,花小价钱买大牌包｜爱用包包推荐｜我的钱花哪了？
544,http://www.bilibili.com/video/av87120719,35,106,2758,161,【当军规设计遇上机能户外-FOXBAT LEG-20 长弓计划 蝎虎座多功能双肩包功能详解测评】
545,http://www.bilibili.com/video/av87344973,17,24,2756,74,去草山拍出塞！千万别在大风天穿汉服，走光不说还危险！
546,http://www.bilibili.com/video/av87072213,24,99,2741,59,【白裤子的n种穿搭】162cm，学生党平价穿搭分享|疫情结束后买春装吧！梨形必备的裤子搭配
547,http://www.bilibili.com/video/av87974848,13,48,2725,19,千元小众包包大合集 | BY FAR 法棍包 迷你包 | Manu Atelier 饺子包 | Cult Gaia 度假包 | Yuzefi
548,http://www.bilibili.com/video/av88074018,10,50,2711,15,【李绮红】时尚是个轮回
549,http://www.bilibili.com/video/av87717087,8,36,2705,24,[小桃子]我的包包合集下 My Bags Collection/Dior戴妃包/Chanel流浪包/Celine Box/LV软饼包/Goyard
550,http://www.bilibili.com/video/av87126721,2,57,2703,38,JK制服格裙不同长度效果
551,http://www.bilibili.com/video/av87311505,3,53,2672,37,【Lolita资讯】二月上新第二期在家也要做可爱优雅的女孩！
552,http://www.bilibili.com/video/av87870123,4,5,2667,13,柜姐说包｜小身材大容量 LV迷你小书包&amp; speedy nano 到底有多能装？
553,http://www.bilibili.com/video/av87350779,33,53,2661,85,GILLANN丨春季LOOKBOOK丨黑色系列丨5套日常穿搭
554,http://www.bilibili.com/video/av87560064,2,25,2660,4,[Claire腕表推荐]6款一万以下男士百搭腕表推荐！
555,http://www.bilibili.com/video/av88071882,20,29,2656,12,日本中古包分享｜Vintage Chanel  LV  Gucci  FENDI  LOEWE
556,http://www.bilibili.com/video/av86920110,8,375,2656,21,【三角巾教程】不到两分钟怎样打出金鱼结！jk的必备技能！
557,http://www.bilibili.com/video/av87627247,20,20,2639,28,【170斤的衣橱】120斤适合的衣服176斤穿会怎么样？| 断舍离之短毛衣01 | 送/出闲置 | 盘点那些年我买过的漂亮上衣们
558,http://www.bilibili.com/video/av87232959,7,97,2620,32,"◤Vintage探店◢ 法式精髓法国人超爱,来巴黎必逛的三家vintage平价古着店探店！ / 法国年轻人买衣服的去处！"
559,http://www.bilibili.com/video/av87322938,27,108,2611,40,【酵母x】你了解你的身体吗？/手把手教你根据体型选衣服/梨形身材保姆级穿搭解析
560,http://www.bilibili.com/video/av87902207,26,415,2597,5,【本期抽奖 送送送】球鞋开箱 aj1丝绸扣碎/猪油扣碎/佳得乐/扣碎low 该入手哪双？ 买前必看
561,http://www.bilibili.com/video/av87209472,14,89,2585,30,最有影响力的时装设计师10年大盘点！Kanye、Virgil、Raf simons、Rick Owens他们都是啥排名？臭弟弟们快来唠唠！
562,http://www.bilibili.com/video/av87492361,1,3,2574,11,150小个子女生早春显高穿搭 | 学生党的早春穿搭指南
563,http://www.bilibili.com/video/av88144793,45,36,2566,25,我搬了一个家，居然淘出来这么多好看的衣服！开春穿搭
564,http://www.bilibili.com/video/av87094493,8,15,2559,16,开春严选！高CP值平价百搭鞋款盘点 TOP3｜鞋饿份子
565,http://www.bilibili.com/video/av87766777,12,108,2558,63,【河野華】?此刻你最想见到谁呢?甜甜小可可Lolita竖屏街拍
566,http://www.bilibili.com/video/av87820112,17,50,2553,12,关于NEW BALANCE门面之作的故事：这双与AF1同岁的鞋，脚感好没人炒，三代人都爱穿……【中英双字】
567,http://www.bilibili.com/video/av86772799,91,57,2547,56,【年度总结】2019年度爱用单品分享（上）| 优衣库、Mowsaw、Nosucism、Reindee Lusion、CP COMPANY、狐蝠工业
568,http://www.bilibili.com/video/av87101773,1,14,2541,17,【淘宝探店】好评率百分百的网红店铺到底值不值得买？|蛋挞家探店|学生党|平价|网红店探店|超值|店铺分享
569,http://www.bilibili.com/video/av87358019,63,61,2524,28,【首饰合集#2】百搭实用的简约耳环项链分享 | Kiuplus
570,http://www.bilibili.com/video/av87250228,3,33,2521,22,「JK制服二月资讯」再贩和新款，总有你的菜
571,http://www.bilibili.com/video/av87037645,11,35,2520,49,【重回汉唐】万物有灵系列新品来啦！！！来瞅瞅吗？？？
572,http://www.bilibili.com/video/av87956697,97,12,2516,22,Gucci包包第二弹 : 蛇皮？断舍离？我花6w多买回来什么砖头？
573,http://www.bilibili.com/video/av87579027,7,59,2516,15,【二月jk格裙上新三弹】各个店家持续抢钱中，总有一条格裙是你的菜
574,http://www.bilibili.com/video/av88239234,55,16,2507,34,AJ“炒”这么贵！买这些运动鞋它不香吗？？
575,http://www.bilibili.com/video/av86782889,1,16,2505,9,邦迪教你不花钱穿AJ - AR试鞋上脚体验 by Farfetch
576,http://www.bilibili.com/video/av87921300,14,102,2500,79,【糖果色卫衣】卫衣控|开春穿搭|卫衣|打底|牛仔裤|半身裙|韩系搭配|学生党搭配|初春搭配
577,http://www.bilibili.com/video/av86869993,5,20,2499,12,NBA YoungBoy拍MV穿的服饰都多少钱！？
578,http://www.bilibili.com/video/av88124717,32,36,2487,18,跟我一起开箱吧！一大波海淘网站购物分享种草｜Chanel｜Fendi｜Rene Caovilla｜Blaze Milano
579,http://www.bilibili.com/video/av88160902,18,4,2485,22,【Nike Air Jordan】优先购买权真香 兔坦 AJ 1 开开开箱
580,http://www.bilibili.com/video/av87684032,2,51,2479,2,"【MsRosieBea】试穿新衣服 近期购物分享｜HUGE TRY ON CLOTHING HAUL | TOPSHOP, H&amp;M, ASOS..."
581,http://www.bilibili.com/video/av86918790,9,154,2476,31,早春6套look|待到能出去放风时，穿的美美迎接春天吧！！|裤子星人的穿搭
582,http://www.bilibili.com/video/av87779682,25,19,2459,12,【lolita】四岁的小姑凉眼中什么样的lo裙最好看？
583,http://www.bilibili.com/video/av86895746,25,229,2456,13,比基尼&amp;内衣试穿 HAUL NEWCHIC
584,http://www.bilibili.com/video/av87904365,1,28,2455,9,我全部的Off-White收藏 总价$10000的衣服+鞋子 「Blazendary」
585,http://www.bilibili.com/video/av86815298,21,19,2438,25,淘宝探店|丁走走的店：鸭舌帽，贝雷帽，水桶帽，大脸女孩这么戴显脸小
586,http://www.bilibili.com/video/av87751991,12,180,2421,6,比基尼系列试穿MI COLECCION DE BIKINIS (Haul)
587,http://www.bilibili.com/video/av86820666,0,94,2413,1,【法式穿搭】你们的巴黎小姐姐日常(自制中法字幕完整版)
588,http://www.bilibili.com/video/av87708201,10,8,2409,2,劉真美麗說BeautyTalk｜我的一週時尚穿搭分享???? 打造柔美率性的女人味????
589,http://www.bilibili.com/video/av87584966,3,76,2407,41,春夏25双坠爱单鞋大合集｜是彩虹的颜色呀｜【小天狼星】
590,http://www.bilibili.com/video/av87860620,3,25,2404,7,【翻包】 冬天外出使用的包包 what&#39;s in my bag
591,http://www.bilibili.com/video/av87797823,8,46,2402,30,【桃子大师姐】40码大脚女孩的冬春鞋靴合集｜如何挑选靴筒高度｜春款短靴
592,http://www.bilibili.com/video/av87547958,27,47,2390,38,AND WANDER-山系日潮背包分享
593,http://www.bilibili.com/video/av87108132,7,14,2384,27,G-SHOCK MTG限量开箱，这块卡西欧，竟然1w块？！
594,http://www.bilibili.com/video/av87058962,2,23,2381,6,春季穿搭｜平价少女风BrandyMelville穿搭
595,http://www.bilibili.com/video/av87043522,0,64,2378,6,【Martha Hunt】超模造型师Q&amp;A 穿搭灵感｜Q &amp; A w/ my stylist Emma Jade Morrison
596,http://www.bilibili.com/video/av86937676,2,4,2364,40,AJ1 反转黑红 实物上手 Air Jordan 1 High OG ‘85 “Reverse Bred”【转自INS】
597,http://www.bilibili.com/video/av86849941,8,151,2357,10,【汉服】学生党快速入明坑的强力干货，两百价位的春夏明制交领/圆领推荐（下）
598,http://www.bilibili.com/video/av88179161,31,51,2339,24,【汉服混搭】当汉服遇上现代服饰是什么样的？汉服也可以很日常！
599,http://www.bilibili.com/video/av87647898,1,19,2338,14,2019年度包包合集
600,http://www.bilibili.com/video/av88016961,18,37,2335,42,穿搭vlog52丨仙气VS暗黑，可盐可甜春季连衣裙安利，你PINK哪一个？
601,http://www.bilibili.com/video/av88242752,81,116,2327,78,初春五套穿搭分享｜vol.10 时尚星计划｜2020初投稿｜学生党｜平价｜种草系列｜购物分享｜明明不明白明明
602,http://www.bilibili.com/video/av87143085,7,17,2326,23,一只走不了的行李箱，开箱！| 富国岛之旅泡汤 | 给大家看看我去旅行带了哪些东西吧 | 豆包大人
603,http://www.bilibili.com/video/av86804454,3,38,2315,50,早春推荐～矮个子男生的穿衣搭配，帅的简约干净
604,http://www.bilibili.com/video/av88207387,34,115,2314,10,男生春装推荐丨防水党的福音
605,http://www.bilibili.com/video/av87657545,18,7,2310,49,打球怕崴脚？1分钟教你挑选“抗扭”好球鞋
606,http://www.bilibili.com/video/av88079878,13,18,2298,20,高中生日常穿的篮球鞋
607,http://www.bilibili.com/video/av87349781,13,23,2296,40,【几恩】捂好压岁钱！300买匡威400买新百伦！预算500男女都能能买的小众鞋/干货不看后悔系列
608,http://www.bilibili.com/video/av87724498,3,47,2295,22,人物介紹 #8 | Craig Green |所以秀上奇怪的穿戴裝置到底是什麼意思？| Watson’s Closet
609,http://www.bilibili.com/video/av86955318,1,11,2285,10,2020早春穿搭，ZARA新款开箱+试穿
610,http://www.bilibili.com/video/av87683233,4,37,2274,7,【HeyItsThalia】衣柜大清理｜CLEANING MY ENTIRE CLOSET
611,http://www.bilibili.com/video/av88233365,13,39,2270,48,有一种蓝叫做“kapital蓝”
612,http://www.bilibili.com/video/av88200289,1,57,2265,11,《2020韩国男装?春季7套男友搭配》休闲裤丨羊绒外套丨大衣丨有这几套搭配你还怕没有女朋友吗？
613,http://www.bilibili.com/video/av87248851,1,27,2265,16,ZARA新款碎花印花连衣裙，温柔乖巧，一裙多穿，搭配毛衣，外套，披肩，你就是人群中最甜蜜的那颗水蜜桃。
614,http://www.bilibili.com/video/av86979418,8,76,2256,7,初春外出不怕冷怎么穿oversize外套系列look狗狗最佳观赏位
615,http://www.bilibili.com/video/av87659606,1,53,2255,1,优雅的胶衣高跟鞋
616,http://www.bilibili.com/video/av87039466,2,26,2255,5,亮片细高跟，搭配黑色九分紧身裤，微胖身材搭配出时尚气质
617,http://www.bilibili.com/video/av88079131,0,28,2240,20,裙子合集 | 最低22块8！！！买到即赚到好嘛！
618,http://www.bilibili.com/video/av87355460,0,58,2236,7,【Intimate Manila】情人节穿搭分享
619,http://www.bilibili.com/video/av87423833,16,64,2234,33,怎么找冷门鞋款？/冷门鞋款从找到买/冷门鞋款购买指南/拒绝烂大街
620,http://www.bilibili.com/video/av88098758,7,109,2217,22,JK制服 | 六款制服包上身试背 | 容量测试
621,http://www.bilibili.com/video/av87285097,3,9,2202,2,【Ivy探店】上海最火的Vintage店，到底值不值得逛？/一分钟探店系列
622,http://www.bilibili.com/video/av88096809,16,12,2200,9,‘好鞋分享’ 我穿的最多的五双鞋子 日常百搭神鞋款（附赠裤装搭配建议）
623,http://www.bilibili.com/video/av87733731,4,18,2197,8,早春开衫合集Part2｜试色报告+穿搭！四季可穿！
624,http://www.bilibili.com/video/av87083581,0,64,2189,5,小姐姐试穿高跟鞋11
625,http://www.bilibili.com/video/av88040202,18,4,2184,33,妖艳骚粉裤配青春彩虹衫，真的好骚！个性随机搭配大法，我太爱了！
626,http://www.bilibili.com/video/av87839690,14,16,2172,21,3unshine?WOOHOO潮流大片完整版花絮+采访惊艳发布!
627,http://www.bilibili.com/video/av87542642,3,148,2156,10,[瑜伽服品牌测评]  怎样选择体育胸罩的秘诀
628,http://www.bilibili.com/video/av87964391,1,22,2104,9,平民窟女孩必备！百元包包合集｜满足各个场合需求！
629,http://www.bilibili.com/video/av88004749,0,21,2095,8,[168cm 135斤]微胖女生显瘦穿搭
630,http://www.bilibili.com/video/av87150199,21,42,2092,31,奢侈品行业秘密秘?3折买大牌| 超低员工折扣？你想知道的行业秘密这里都有
631,http://www.bilibili.com/video/av86841751,9,37,2091,25,【王Teeth】春季显瘦穿搭｜购物分享｜高性价比｜Brandy穿搭｜学生党返校穿搭｜OOTD
632,http://www.bilibili.com/video/av87083432,7,9,2081,24,我在某平台买到了假鞋？Nike Off white dunk low 的鞋标问题
633,http://www.bilibili.com/video/av86875927,3,179,2080,11,【1950年代】优雅甜美的睡衣广告 | 复古维多利亚时尚
634,http://www.bilibili.com/video/av87498848,7,10,2075,49,【爪疙】NIKE DUNK LOW PLUM你会爱上这1700的树莓么？快速开箱
635,http://www.bilibili.com/video/av87029342,0,19,2069,7,Zara新品毛衣连衣裙西装裤休闲裤，紫色粉色碎花，这个春夏我喜欢的元素它都有，太喜欢了。推荐大家入手，爱了爱了。
636,http://www.bilibili.com/video/av87874944,13,56,2060,41,新手体验做种草姬？你看了会不会种草呢？-lolita-
637,http://www.bilibili.com/video/av87559334,9,11,2049,13,淘宝开箱|淘宝探店|眼袋开箱第17期|酸性脾气|听说是最近很火的女装店？？（上）
638,http://www.bilibili.com/video/av87598643,3,15,2047,4,what’s in my bag?难得有事出门就录了一个包包里有什么？最近大家一定要注意出门的卫生消毒工作哦 希望快点能回到正常生活！
639,http://www.bilibili.com/video/av87668418,38,31,2036,39,拖延症博主的2019年年度入手总结
640,http://www.bilibili.com/video/av87097105,8,39,2030,46,「学生党」00后分享三条淘宝百元裤子/绝美百搭西装裤不到200！/学生党福利/绝不踩雷 最低79元！
641,http://www.bilibili.com/video/av87164090,6,32,2027,11,销量近千全款298的国牌cla系lo裙｜山茶花开时开箱｜为拍返图废一双鞋袜
642,http://www.bilibili.com/video/av88057790,29,51,2017,29,古天乐26年前就开始搭配chocker
643,http://www.bilibili.com/video/av87710273,1,36,2011,5,韩国学生?新学期双肩背包推荐&amp;kongmani
644,http://www.bilibili.com/video/av87486962,0,10,2008,22,服装设计师：受肺炎疫情影响，到处封城，广州服装批发市场的现状
645,http://www.bilibili.com/video/av87955781,152,46,2005,52,阿村 某宝购物分享 种草&amp;拔草顺管齐下
646,http://www.bilibili.com/video/av87836359,3,20,2002,37,162cm 51kg 典型梨形身材！裤子合集～
647,http://www.bilibili.com/video/av86868882,4,15,2000,16,【鞋子惹】看看初三学生党日常帆布运动鞋 匡威/飞跃/vans?!
648,http://www.bilibili.com/video/av87805650,36,49,1996,69,本来应该是#旅行穿什么的 | 四套汉服搭配分享
649,http://www.bilibili.com/video/av87536993,6,24,1989,12,【jk格裙】2017～2019制服格裙合集/到底买了那些好看的格裙！
650,http://www.bilibili.com/video/av87428296,2,77,1989,7,lolita裙安利！大摆裙！喜欢转圈圈的姐妹看过来！已经错过一次的话，就不要再错过了！
651,http://www.bilibili.com/video/av87040863,2,65,1987,5,【韩剧穿搭】请输入搜索词：WWW | 林秀晶 | OL职场穿搭-踩点节奏向
652,http://www.bilibili.com/video/av87714450,3,12,1961,49,过年的压岁钱用来买什么鞋子-part2:2XX的Adidas万能搭配神鞋
653,http://www.bilibili.com/video/av87139305,1,50,1961,17,【二月jk制服上新资讯】二月预约的绝美护奶神仙打架啦，不要错过呀
654,http://www.bilibili.com/video/av87171956,6,64,1958,20,【jk制服】各型领结/印花领结领带分享与参考
655,http://www.bilibili.com/video/av87174195,1,25,1950,11,爱彼皇家橡树 VS 江诗丹顿纵横四海，怎么选？
656,http://www.bilibili.com/video/av87823149,10,51,1937,99,汉服圈有门槛:小萌新入坑指南，只要能虚心求教，萌新也可变巨佬 内含攒钱攻略
657,http://www.bilibili.com/video/av87075144,6,175,1936,11,Savage X Fenty 内衣试穿分享及评论
658,http://www.bilibili.com/video/av86868747,0,14,1928,0,hello catie 我的包包裡面有什麼 + MUTEMUSE包包開箱!   WHAT&#39;S IN MY BAG &amp; MUTEMUSE BAG UNBOXING
659,http://www.bilibili.com/video/av86930239,1,13,1924,5,太好看了吧，转载于小红书
660,http://www.bilibili.com/video/av86848612,5,84,1919,25,采访：你对今天的搭配满意吗？
661,http://www.bilibili.com/video/av86989440,5,13,1918,28,断掉200件衣服后，我剁手成功啦｜简悦生活｜非一般的整理收纳视频｜结合自我觉察的衣橱整理｜怦然心动｜内在旅程｜自我认识｜自我成长｜不一样的极简生活
662,http://www.bilibili.com/video/av88056412,2,121,1906,25,【白菜汉元素】平价大袖衫合集 低至39.9包邮
663,http://www.bilibili.com/video/av86934646,4,17,1899,7,真的平价的鞋子！！！
664,http://www.bilibili.com/video/av88223009,39,22,1890,115,玛丽金｜近日购入分享～终于营业啦
665,http://www.bilibili.com/video/av87793039,7,23,1889,17,162cm，早春穿搭lookbook|韩系穿搭|学生党开学搭配
666,http://www.bilibili.com/video/av87523818,24,82,1888,50,【汉服/设计】那些仅靠设计就可以吃饭的汉服店铺
667,http://www.bilibili.com/video/av87158663,3,48,1886,17,【中文字幕】耐克用“生产废料”打造的试验鞋类系列Space Hippie的幕后故事
668,http://www.bilibili.com/video/av86971213,34,82,1852,43,/日银/高桥五郎系印第安日本银饰介绍！日银只知goros？不你需要个性！/为了小笼包/ tady&amp;king、村田高诗、菊地健、鹫见太郎
669,http://www.bilibili.com/video/av87589208,45,8,1848,25,新年宅在家|我都买了啥？抱包=抱猫，毛茸茸包包分享！
670,http://www.bilibili.com/video/av87521697,9,38,1844,19,高中女生日常鞋子分享/平价好鞋分享/Adidas/new balance/回力/斯凯奇/少女好鞋/学生党的福利
671,http://www.bilibili.com/video/av87181819,1,12,1841,8,【球鞋】时隔多年2020年再次回归！Air Jordan 6 retro DMP 开箱
672,http://www.bilibili.com/video/av87074882,4,124,1840,6,【白菜汉服合集（六）】那些可爱又迷人的晋制汉服，感受一下配色的魅力
673,http://www.bilibili.com/video/av88073232,0,134,1830,25,最全现货jk幼稚园水手服合集！萌新垂直入坑必备！不需要再为等工期而烦恼！！！
674,http://www.bilibili.com/video/av87495849,2,108,1828,13,【Sophie Aqua】PRINCESS POLLY 物美价廉服装分享
675,http://www.bilibili.com/video/av87129592,0,4,1811,20,为啥都说一入汉服深似海，从此钱包是路人
676,http://www.bilibili.com/video/av87267095,7,6,1798,40,挑战连续一周每天开箱一双韦德之道3  暂告失败  用一双韦德之道2顶替  小陈无声球鞋开箱 韦德之道2 圣诞
677,http://www.bilibili.com/video/av87455145,6,15,1788,48,三种风格闹元宵，一套妆容hold全场！时装混搭/汉服/JK制服
678,http://www.bilibili.com/video/av88085145,4,52,1772,17,自己做服装品牌，过来人告诉你这四点！
679,http://www.bilibili.com/video/av87390165,5,19,1772,6,过瘾！巨型！囤货大开箱 不出门购物分享 康康我都囤了啥好东西（一）
680,http://www.bilibili.com/video/av87772331,26,25,1771,61,高一到高三球鞋盘点重制版
681,http://www.bilibili.com/video/av86832707,1,45,1771,14,冬日的短靴、长靴测评|玖熙NINE WEST|我的好物分享
682,http://www.bilibili.com/video/av88187891,2,30,1767,5,韩国可爱鬼马女生hyesumon推荐喜欢的衣服和爱用品
683,http://www.bilibili.com/video/av88042273,22,67,1754,30,【Eileen】?Lolita?均价260元的日牌袜子值不值得买？
684,http://www.bilibili.com/video/av87860843,23,34,1747,28,【重工仿古苏绣斗篷云肩】请接收来自2020的妖气
685,http://www.bilibili.com/video/av87092067,0,15,1747,6,【白菜汉服】汉服店铺打折合集（梨花渡汉服6.5折 重回汉唐多款低至200）
686,http://www.bilibili.com/video/av87131457,3,11,1730,0,和朋友一起试穿Brandy Melville的所有衣服
687,http://www.bilibili.com/video/av87045018,2,2,1727,13,重磅联名！Travis Scott x Nike 2020 发售企划，你最喜欢哪一双？
688,http://www.bilibili.com/video/av87028922,13,18,1723,9,情人节给对方挑一套穿搭 「blazendary」生肉
689,http://www.bilibili.com/video/av86903773,13,41,1722,39,「学生党」00后均价百元帆布包大合集！近几年购买的帆布包纯干货分享和搭配视频！快来种草吧
690,http://www.bilibili.com/video/av87663304,1,92,1706,5,小阿姨评测开箱礼物-超薄连裤袜与银色高跟鞋的穿搭风
691,http://www.bilibili.com/video/av87594899,1,19,1706,26,【跳跳】汉服+一键换装，我可甜可御可萌，你要的我都有
692,http://www.bilibili.com/video/av88047532,3,17,1696,10,【翻包】黒崎みさ｜女公关平时和私下的包包里有什么
693,http://www.bilibili.com/video/av87158763,0,2,1695,8,Uniqlo 2020ss IDLF上身体验
694,http://www.bilibili.com/video/av88035683,2,17,1687,25,KVSN.Unbox // 新配色的罗斯1全明星，把玫瑰藏在了鞋身上
695,http://www.bilibili.com/video/av86839701,1,44,1686,11,【穿搭】韩国妹子试衣间一周分享 附品牌型号
696,http://www.bilibili.com/video/av86956718,3,47,1682,13,【jk】16条紫色系格裙｜最低92带回家｜我赌一包辣条 你会喜欢
697,http://www.bilibili.com/video/av88118611,15,19,1680,30,wtaps 19aw sherpa jacket 冲锋衣分享
698,http://www.bilibili.com/video/av88171668,0,4,1660,13,【150cm/45kg】小个子女生早春穿搭指南 | 学生党日常穿搭
699,http://www.bilibili.com/video/av87598919,37,16,1654,79,KVSN.特别节目 //春节送礼获奖者公告 看看这份名单里有没有你？
700,http://www.bilibili.com/video/av87263770,2,14,1652,23,是什么让贫穷Ⅰo娘买一型双色两条裙子？？[ lolita开箱]
701,http://www.bilibili.com/video/av85767512,4,13,1652,8,我真的170斤 | 无印良品还卖衣服？ |佛系穿搭 lookbook.
702,http://www.bilibili.com/video/av86146761,0,23,1650,14,真丝女孩带着她的多条花色丝袜来了|随心情切换各种风格|23条黑丝的终极总结报告|丝袜之王
703,http://www.bilibili.com/video/av87591068,0,25,1645,29,lolita风的蕾丝振袖和服
704,http://www.bilibili.com/video/av87545841,2,23,1634,28,身高158体重120 小个子微胖女孩初春穿搭
705,http://www.bilibili.com/video/av86644588,9,27,1632,15,伊凡 | 20年春夏流行时尚趋势解读 | 不可错过的流行颜色&amp;单品&amp;元素
706,http://www.bilibili.com/video/av87840887,20,49,1628,26,#白菜jk制服格裙的安利#
707,http://www.bilibili.com/video/av86860380,2,17,1625,8,庚子鼠年，至臻之作！AIR JORDAN 1 “BRAT”旋风鼠。
708,http://www.bilibili.com/video/av88227299,3,71,1621,16,「Lolita」超级白菜的Lolita，最低低至98！
709,http://www.bilibili.com/video/av87402865,1,37,1621,5,小姐姐身材真好，高跟鞋和一步裙的搭配，青春靓丽还显气质。真的太美了！
710,http://www.bilibili.com/video/av87109117,3,3,1621,14,解药潮玩评测：ultra boost 3.0 UB爆米花跑鞋巴斯夫真爆对比区别
711,http://www.bilibili.com/video/av86878373,1,61,1620,7,janaxnell‖黑 白 灰 高级感穿搭
712,http://www.bilibili.com/video/av87941541,2,14,1619,2,玛丽莲优素福 白色超高跟
713,http://www.bilibili.com/video/av87496537,1,206,1614,25,【独家揭秘】Yeezy350v2真假对比 灰橙正品vs莆田鞋 莆田鞋能否过毒？细节做工有何差别？以后出椰子350全系列 Aj 欧文等
714,http://www.bilibili.com/video/av87960244,11,56,1613,10,. ? ?? 163cm试衣模特的冬季造型时装簿. 派对装|约会装|年末装 | LoveHeo
715,http://www.bilibili.com/video/av87894361,2,46,1610,5,【Daniel Simmons】一周穿搭 ｜ 男士冬季穿搭2020
716,http://www.bilibili.com/video/av88172167,0,5,1600,8,150小个子女生早春心机穿搭 | 小个子女生增高显瘦穿搭技巧
717,http://www.bilibili.com/video/av87461679,1,74,1594,20,【跳跳】均价100元汉服合集
718,http://www.bilibili.com/video/av86950172,9,26,1592,33,【汉服】五款各色闪闪亮|织金纱马面裙|搭配上身|大明少女永不服输|细节展示
719,http://www.bilibili.com/video/av87742359,10,3,1584,25,一个初二up半年的球鞋，新人，多多支持
720,http://www.bilibili.com/video/av88127461,10,58,1583,16,情人节约会之夜穿搭?品牌Fashion Nova Curve试穿分享｜Ruby Red
721,http://www.bilibili.com/video/av88045548,0,22,1577,5,裤子选的好，绅士少不了
722,http://www.bilibili.com/video/av88134695,0,77,1555,2,Camille系列的熟阿姨
723,http://www.bilibili.com/video/av87166603,6,49,1555,25,#五分钟着装课#别穿羽绒服了 你需要男士大衣指南
724,http://www.bilibili.com/video/av87760804,1,51,1544,3,[ Anabella Galeano] Micro Vestidos │ Try On Haul
725,http://www.bilibili.com/video/av87741043,3,5,1539,26,100多块的篮球鞋就不能打篮球了吗？
726,http://www.bilibili.com/video/av87988587,1,10,1538,10,【中字】全明星周末要发哪些狠货？全球限量2万双的AJ1设计原型首次复刻，不冲？
727,http://www.bilibili.com/video/av87595835,14,16,1533,22,身上询问度最高的三个配件
728,http://www.bilibili.com/video/av87352545,9,2,1530,11,MIHARA YASYHIRO | 三原康裕染色鞋开箱2 | 三千块钱的真香帆布鞋
729,http://www.bilibili.com/video/av86932174,0,70,1525,1,Monday新颜内衣模特G首次拍摄
730,http://www.bilibili.com/video/av87009265,0,6,1523,5,工作三年的第一只奢侈品包包分享-Gucci
731,http://www.bilibili.com/video/av87481414,66,21,1507,48,赫栓 | 去年用得最多的居然是这几样 ft.小周
732,http://www.bilibili.com/video/av87170498,6,92,1506,15,【白菜汉服】平价对襟齐腰合集 均价百元
733,http://www.bilibili.com/video/av87924667,6,61,1501,28,肉丝系列 | 日本厚木Exhale后跟后竖线连裤袜 | 2个look穿搭 | 隐藏彩蛋 | bgm：Earned It五十度灰
734,http://www.bilibili.com/video/av87374647,0,56,1500,2,[cp]跟爱豆穿同款衣服，四舍五入就等于穿情侣装！
735,http://www.bilibili.com/video/av87213880,0,4,1485,6,汉服一字马，没谁了
736,http://www.bilibili.com/video/av87470646,1,9,1482,3,针织马甲毛线坎肩，一衣多穿百搭单品。三季通用，随意搭配，太好穿太实用了。如果错过了上一季打折的Zara高领马甲，那就别再错过这款一百多性价比极高的小坎肩啦 ！
737,http://www.bilibili.com/video/av87263379,1,11,1471,13,高街风坠感牛仔裤 老爹裤男生可以这样搭！
738,http://www.bilibili.com/video/av88024615,54,40,1463,40,【象小美】隔离在10平米小屋里 影响我们做贵族吗？140斤LO娘的CLA系lolita分享  一个人两只猫的下午茶 轻熟女 30岁少女LOLITA
739,http://www.bilibili.com/video/av87873719,19,14,1460,17,【170斤的衣橱】断舍离之短毛衣02 | 我的肉肉要溢出来了 | 胖了20斤的我
740,http://www.bilibili.com/video/av87131746,9,156,1453,79,「机能酒馆」20年初最值得购买的攻击包？FOXBAT LEG-19拉斐尔攻击包测评
741,http://www.bilibili.com/video/av88010712,0,31,1447,8,时尚博主玛丽莲优素福 黑色乳胶连衣裙配高跟鞋
742,http://www.bilibili.com/video/av87904083,4,20,1446,15,假货穿搭指南「PAQ」
743,http://www.bilibili.com/video/av87585632,0,5,1443,8,最爱BV大开箱
744,http://www.bilibili.com/video/av86882096,2,6,1443,8,买到侃爷的良心单品|香港折扣店购物分享|yeezy season 单品
745,http://www.bilibili.com/video/av87081263,2,35,1441,5,独一无二的江诗丹顿阁楼工匠天体超卓复杂3600腕表，天文学与制表艺术的完美结合
746,http://www.bilibili.com/video/av87937223,7,11,1435,5,早春优衣库，短袖衬衫冰淇淋色系，搭配半身裙短裤，大方温柔气质款。各种丝巾披肩发饰小配件，叠加在一起，可以法式可以休闲可以正式可以田园。
747,http://www.bilibili.com/video/av87936097,12,32,1429,23,【阿堇】近期8套冬日穿搭/我的叠穿技巧
748,http://www.bilibili.com/video/av86932777,5,19,1428,27,【跳跳】我是普通人，我只是因为你们的喜欢才闪出不一样的光芒
749,http://www.bilibili.com/video/av87748879,13,39,1426,38,: ) | 近期大型购物分享 | 复古超正口红 设计感耳饰 服饰 彩妆
750,http://www.bilibili.com/video/av86867587,0,76,1425,8,【安利】绝美波点、格子合集||甜系、cla、学院风、打歌服，你想要的风格全都有！
751,http://www.bilibili.com/video/av87167678,6,36,1410,9,【2019jk制服合集】
752,http://www.bilibili.com/video/av87091842,0,9,1410,9,【浅墨】梨花渡又来打折了～6.5折了，坐在家里剁手了
753,http://www.bilibili.com/video/av87123116,8,44,1405,16,裤子 袜子分享/喜欢酷酷的  女生（孩、人）
754,http://www.bilibili.com/video/av87126911,9,7,1404,20,淘宝开箱|淘宝探店|眼袋开箱第16期|三角衣柜|学生党都知道的平价女装店，值得拥有吗？（下）
755,http://www.bilibili.com/video/av87667155,0,89,1399,17,【白菜汉服-啥都有】我更新了 我记起来密码了(狗头)
756,http://www.bilibili.com/video/av87900715,5,5,1396,9,价值20000的LV围巾究竟有多好看
757,http://www.bilibili.com/video/av87901693,4,83,1385,24,能坚持到最后吗？某up换20多套衣服只为组成这超长的爱情公寓片头……
758,http://www.bilibili.com/video/av87175273,0,2,1382,11,小伙首次乔丹中签，太开心，1399买到AJ4红蓝鸳鸯！
759,http://www.bilibili.com/video/av87067770,10,20,1378,64,成人礼｜VLOG｜Lolita展示☆塞壬悲歌生贺作
760,http://www.bilibili.com/video/av87501117,0,10,1371,6,【球鞋】本周Drip Flip or Skip | 你会买dunk plum梅子吗？买AJ1 reto 85就必须了解球鞋历史吗？
761,http://www.bilibili.com/video/av87957235,0,88,1370,3,独特，时尚的冬装造型手册，色彩逼真  winter lookbook
762,http://www.bilibili.com/video/av87389471,0,19,1367,15,120斤 156cm ｜年度最爱红色百搭单品 ｜微胖穿搭
763,http://www.bilibili.com/video/av87262687,9,39,1366,20,冬日保暖棉服穿搭 | 少不了色彩的冬天 | 一衣多穿 · 平价外套
764,http://www.bilibili.com/video/av87638437,4,5,1364,22,Yeezy Basketball Quantum伪开箱测评，第一双Yeezy篮球鞋香吗
765,http://www.bilibili.com/video/av87941564,3,27,1361,21,「钟灵记·千秋岁」动物世界系列之国宝来咯~下次看看绣点啥啊
766,http://www.bilibili.com/video/av88236004,18,29,1360,55,「HYPEONE」广场舞文化成功入侵土澳
767,http://www.bilibili.com/video/av87208180,27,208,1358,324,油管中字｜两百元男女购物挑战｜情人节特辑｜我给观众到底准备了什么礼物｜Blazendary
768,http://www.bilibili.com/video/av86145299,0,20,1355,6,真丝女孩带着她的多条花色丝袜来了|随心情切换各种风格|香水玫瑰
769,http://www.bilibili.com/video/av87818045,0,63,1346,8,ins：早春/棕色系少女穿搭
770,http://www.bilibili.com/video/av87601099,2,28,1340,9,【Lookbook】汉洋折衷！麂皮绒短比甲初春穿搭~
771,http://www.bilibili.com/video/av88126738,1,27,1323,1,和闺蜜逛街，你会怎么搭配，要不要穿着自己最美的服装呢？
772,http://www.bilibili.com/video/av87747209,0,13,1309,15,初春服饰穿搭分享 l  这大概是B站自己去自己视频水印的第一人 l  我也很苦恼啊l  求分享没有水印的编辑软件
773,http://www.bilibili.com/video/av87346678,0,0,1304,8,买点鞋子犒赏一下自己，2020加油！
774,http://www.bilibili.com/video/av87306658,3,8,1299,7,关于一个女sneaker的开箱！你听这个瓜甜不甜
775,http://www.bilibili.com/video/av87175494,3,26,1288,39,冬季汉服出游，我会带哪些衣服呢？｜明制汉服出游分享
776,http://www.bilibili.com/video/av88276429,8,25,1282,26,超值or血亏？日本中古店购物分享
777,http://www.bilibili.com/video/av88025533,1,14,1282,1,“香奶奶经典款”2019包包大赏 | 我最爱的5款包 | My Favorite Bags Top 5
778,http://www.bilibili.com/video/av87200585,0,45,1280,4,乳胶长裤
779,http://www.bilibili.com/video/av87180802,18,13,1279,23,【李水瓶】让我险些破产价值5万的Doirama?!2019包包合集|Chanel、Dior、YSL、Gucci...|
780,http://www.bilibili.com/video/av87288245,0,118,1277,1,运动内衣丨你还在穿传统搭扣内衣吗？
781,http://www.bilibili.com/video/av87789008,5,27,1276,29,【Hana】早春实用显瘦穿搭 你pick哪一套？
782,http://www.bilibili.com/video/av87310390,9,22,1272,39,我的第一次给了Rick Owens！ “19ss开箱 17-19部分鞋款上脚展示与参考 ”
783,http://www.bilibili.com/video/av86994261,0,1,1269,9,Nike Blazer 的真假对比，大家要支持正版！
784,http://www.bilibili.com/video/av86974897,0,30,1268,18,155小个子最爱耳饰分享｜ 平价耳饰  度假日常  珍珠  金属  夸张
785,http://www.bilibili.com/video/av88017812,5,18,1255,26,160，110初春显瘦色彩穿搭|梨形身材显瘦穿搭|开学穿搭
786,http://www.bilibili.com/video/av87010987,1,40,1254,8,一双充满气质的墨绿高跟鞋
787,http://www.bilibili.com/video/av87729821,2,21,1245,4,闲在家长毛，可以动起来收纳衣柜｜建立胶囊衣柜101
788,http://www.bilibili.com/video/av86961866,0,22,1244,11,00后最近常穿的鞋子
789,http://www.bilibili.com/video/av86815692,2,11,1243,12,【兰若庭松鼠如意的二十多种不同搭配】被疫情困在家的up主对自己下手了，真人版暖暖换装
790,http://www.bilibili.com/video/av87075951,12,19,1241,6,【裤子#1】158小个子该穿什么|适合学生党|裤子合集|日常穿搭必备|阔腿裤|拖地裤|浅色牛仔裤|背带裤|格子裤|束脚运动裤
791,http://www.bilibili.com/video/av86831681,5,30,1240,41,【汉服穿搭】粉蓝少女|元宵特辑LOOKBOOK
792,http://www.bilibili.com/video/av85427635,0,23,1236,9,真丝女孩带着她的花se丝袜来了|随心情切换各种风格|妩媚多姿|黑丝
793,http://www.bilibili.com/video/av87934901,4,1,1233,13,我已经半个月没出门了！！我不漂亮了！！
794,http://www.bilibili.com/video/av88199908,3,53,1232,30,汉服时装混搭 | 一米五小个子女生的早春汉服混搭
795,http://www.bilibili.com/video/av87690870,0,36,1227,3,Rose朴彩英私服穿搭科普小合辑~太好看啦!
796,http://www.bilibili.com/video/av87277027,0,103,1226,3,Imsellup内衣购物商场照片拍摄“ Letters Bralette”，气质佳人
797,http://www.bilibili.com/video/av87264944,2,7,1226,11,【跳跳】汉服系婚纱，我结婚肯定不这样穿，略略略
798,http://www.bilibili.com/video/av87259513,2,15,1207,17,【雨】立春 . 汉服穿搭之桃红柳绿
799,http://www.bilibili.com/video/av87914523,1,4,1202,8,"Air jordan 3 Fire Red, 红水泥 开箱X测评"
800,http://www.bilibili.com/video/av87362905,3,8,1198,18,中国的精工marinemaster评测  伟大的设计来源于不断的探索
801,http://www.bilibili.com/video/av87344358,3,83,1198,21,私藏高质量淘宝平价宝藏店铺—男装篇｜超高性价比 高品质小众设计 超值良心好店｜如何快速提高直男穿搭审美？学生党务必收藏
802,http://www.bilibili.com/video/av87191995,5,25,1196,29,ZI | 有趣土味男生穿搭
803,http://www.bilibili.com/video/av88047797,0,3,1169,2,国外60岁老爷爷卖天价球鞋 (拎一辆车在手上系列)
804,http://www.bilibili.com/video/av87265515,1,64,1169,7,尖头名媛细跟高跟鞋，展现女性的性感优雅魅力！
805,http://www.bilibili.com/video/av87470595,2,16,1168,8,*鞋子合集* |跟我一起买鞋子 下个腿精就是你 |11双最显瘦鞋子大放送?
806,http://www.bilibili.com/video/av87282508,4,9,1168,13,“编号10”19号才发售的黑人月af1抢先看 小ts？小gd？还是小clot？
807,http://www.bilibili.com/video/av87659879,9,51,1166,9,【中字·老大哥散步】代官山的跳蚤市场~法式古着据点
808,http://www.bilibili.com/video/av87004200,0,0,1162,0,冠状病毒放假的第15天 真的好闷啊 体验下在家装是种什么感觉吧……
809,http://www.bilibili.com/video/av87291476,1,23,1157,6,Norelle Rheingold‖ 千禧年代 垃圾摇滚 穿搭 90s / Y2K GRUNGE LOOKBOOK
810,http://www.bilibili.com/video/av88071826,49,21,1156,34,BIGGER的新年礼物——WTAPS?NBHD联名 FPAR?NIKE SB开箱
811,http://www.bilibili.com/video/av87016497,0,27,1154,3,Cosplay胶衣展示
812,http://www.bilibili.com/video/av87197233,1,24,1152,7,【lolita二月资讯】lolita再贩？白菜价？神仙lolita！一眼种草！错过后悔！
813,http://www.bilibili.com/video/av87351822,2,108,1151,9,泳装试穿分享ZAFUL SWIMWEAR
814,http://www.bilibili.com/video/av87141404,28,27,1142,39,汉洋折衷 · 齐胸襦裙 / 双人双面 · girl情混剪 #02 / [赠]导演献身花絮【金泫安吉拉·Bucky】
815,http://www.bilibili.com/video/av88059964,3,282,1140,1,不穿的春装外套分享！闲置4年的旧衣服！疫情在家，旧衣穿搭。优衣库，小香风，风衣外套穿搭。
816,http://www.bilibili.com/video/av87857938,2,15,1139,12,[shoes collection]速看！高二学生的鞋子分享
817,http://www.bilibili.com/video/av88293239,2,32,1138,1,. ? ?? 5年工作经验的试衣模特 看起来很有感觉的冬季造型时装簿?winter styleling lookbook | LoveHeo
818,http://www.bilibili.com/video/av86870071,0,3,1138,2,hello  catie  我的包包裡有什麼 夏季版What&#39;s in my 3.1 Phillip Lim Pashli mini l Hello Catie
819,http://www.bilibili.com/video/av87990713,12,43,1137,27,162cm 44kg | 帅气的复古风 初春穿搭灵感分享
820,http://www.bilibili.com/video/av86260050,0,83,1134,2,Compra Fácil 内衣模特 Sensualize系列剪辑
821,http://www.bilibili.com/video/av88002707,0,0,1127,2,【测评】滞水之影——月下的幽灵少女   真的廉价吗？值得购买吗？
822,http://www.bilibili.com/video/av87356123,21,15,1127,10,【CINDY】和我一起开箱吧！| 海淘&amp;淘宝｜UNBOXING | 包包｜配饰｜护肤｜美瞳｜生活用品｜Lemaire｜Toteme｜Suqqu｜Le Labo
823,http://www.bilibili.com/video/av87775632,0,21,1126,11,平价亚瑟士黑武士穿搭神器     &amp;   在家无聊给自己换装
824,http://www.bilibili.com/video/av86810384,5,20,1124,30,【日系/复古】『秋冬穿搭』一套打底搞定七套搭配
825,http://www.bilibili.com/video/av88267115,1,82,1122,14,【白菜汉服】均价不过两百的马面 低至119元
826,http://www.bilibili.com/video/av88011725,1,14,1116,20,【lolita】盘点lo圈的萌款（包括过气萌款）
827,http://www.bilibili.com/video/av87536028,1,46,1113,13,lolita裙安利：200r以下的lolita jsk（不计邮费）［第一弹］
828,http://www.bilibili.com/video/av87355688,1,8,1113,15,【跳跳】超仙宋制开箱试穿+绣坊原创汉服
829,http://www.bilibili.com/video/av87475289,7,7,1101,10,初三学生的日常鞋子2
830,http://www.bilibili.com/video/av88190517,2,7,1097,25,你能看出来都是什么鞋吗？好不容易从手机里翻出来的老视频！
831,http://www.bilibili.com/video/av87738577,12,11,1096,16,胖女孩快消品牌服饰分享/zara/H&amp;M/55kg~60kg
832,http://www.bilibili.com/video/av87097849,1,4,1095,18,还想看什么配色呢？
833,http://www.bilibili.com/video/av87751540,0,8,1093,6,普通人的穿搭之优衣库早春防风系列
834,http://www.bilibili.com/video/av87308088,8,26,1091,28,【凡儿】Lolita穿搭分享|甜娘|日常|漫展穿搭
835,http://www.bilibili.com/video/av86971933,3,27,1090,30,【穿搭分享】入坑必看！那些年抢不到的圈内小萌款真的那么好穿？？？
836,http://www.bilibili.com/video/av86793378,25,21,1081,41,2020春夏 Warehouse云种草（上集）
837,http://www.bilibili.com/video/av87585277,1,57,1065,12,【安利】三双华丽款cla系lo鞋（含上脚展示）
838,http://www.bilibili.com/video/av87892103,2,11,1059,3,【李国主｜中字】胖女孩2019冬季年末穿搭分享 (自营大码女装店铺)
839,http://www.bilibili.com/video/av88216528,14,28,1056,26,情人节送女朋友什么鞋款/性价比冷门鞋款推荐/拒绝烂大街
840,http://www.bilibili.com/video/av87257647,0,3,1050,7,意大利球鞋店赞助我们球鞋？！
841,http://www.bilibili.com/video/av87683025,1,4,1048,8,【jk制服】当你的女朋友爱上制服以后
842,http://www.bilibili.com/video/av86127864,7,66,1046,30,雨露均沾下 今天掌柜就来讲一期男装汉服的挑选
843,http://www.bilibili.com/video/av88082476,1,14,1042,15,kapital bolo兄弟 集合 三件牛仔夹克对比
844,http://www.bilibili.com/video/av87631533,14,9,1035,6,优衣库｜“你抢我钱，我再也不乱买”之购物分享
845,http://www.bilibili.com/video/av87144212,1,104,1034,20,超白菜的JKDK领带竟然有这么多！！
846,http://www.bilibili.com/video/av87105246,4,5,1032,25,Nike zoom 2k 跑鞋 -性价比高 颜值高 -上脚试穿-学生党
847,http://www.bilibili.com/video/av86998577,2,4,1025,9,学生党new balance990的平价替代？双十一入手的880好物分享
848,http://www.bilibili.com/video/av88068151,10,20,1018,19,/Aookimmy/ “喝喝咖啡 聊聊是非”
849,http://www.bilibili.com/video/av87117626,2,10,1013,13,【落落】你结婚选择穿哪一套？
850,http://www.bilibili.com/video/av86939274,3,2,1010,6,开箱一双sacai&amp;Nike白色
851,http://www.bilibili.com/video/av88292355,7,15,1009,18,『jk格裙二月资讯上新』神仙jk店铺又又来抢钱了！低至78！绝美格裙！
852,http://www.bilibili.com/video/av88190568,3,17,1007,15,158/107微胖|梨形穿搭分享|开春外套|一衣多穿
853,http://www.bilibili.com/video/av87834174,3,2,1006,15,taxi go
854,http://www.bilibili.com/video/av87140119,0,74,1005,28,T恤、衬衫、牛仔夹克尺码数据怎么量？！
855,http://www.bilibili.com/video/av88015622,1,3,995,8,明华堂又又又开箱，突然又收到了明华堂汉服，迫不及待开个箱。有点仓促，还没有拍完，敬请期待。等疫情好了，穿上明华堂拍结婚照
856,http://www.bilibili.com/video/av86872280,0,7,995,7,【汉服】我到底买了多少汉服  汉服剁手合集 收衣火葬场
857,http://www.bilibili.com/video/av88176949,1,26,992,1,【Serene Vitale】韩国东大门批货攻略+ 一周穿搭｜你的冬季、早春衣著灵感
858,http://www.bilibili.com/video/av88170573,1,41,989,2,不知道冬天怎么穿，来跟这位美女学习吧  winter styling lookbook
859,http://www.bilibili.com/video/av88300454,6,32,987,13,私藏淘宝店铺分享及测评 高性价比学生党大推荐
860,http://www.bilibili.com/video/av87604839,7,6,986,21,Nike PG 2 开箱上脚测评 保罗乔治系列篮球鞋最强性能外场球鞋？PK PG 3没想到吧这配色居然是我最爱？
861,http://www.bilibili.com/video/av87197903,2,9,986,21,早春穿搭～关于搭配一头雾水的男生请看过来
862,http://www.bilibili.com/video/av87939598,0,19,972,10,【二月lolita上新资讯】多条仙气美的裙子不来了解一下吗？
863,http://www.bilibili.com/video/av87057825,0,10,966,3,早春穿搭男生需要知道的几点小知识～不要再踩雷区了
864,http://www.bilibili.com/video/av86877729,7,61,964,53,【小风】超优雅Lolita花嫁-公主的后花园
865,http://www.bilibili.com/video/av87666714,11,9,960,11,「潮闻三分钟」取消发售只为打击抢鞋机器人？带你读懂这份“Strangelove” ｜Nike“禁穿风波”反转再反转？营销我只认Nike！
866,http://www.bilibili.com/video/av87143903,0,16,951,5,初三年毕业生球鞋分享
867,http://www.bilibili.com/video/av88018174,9,5,950,13,开箱|淘宝探店|酸性脾气|听说是最近很火的女装店？？（下）
868,http://www.bilibili.com/video/av87532418,6,17,948,14,明华堂放量选择 ｜ 半开箱 ｜ 宅の科研狗猎奇分享
869,http://www.bilibili.com/video/av87998048,1,15,947,24,「阿may」平价白搭包包 学生党也可！
870,http://www.bilibili.com/video/av87604922,7,1,938,3,3unshine?WOOHOO潮流  封面大片预告!
871,http://www.bilibili.com/video/av87580629,1,20,936,4,时尚博主玛丽莲优素福
872,http://www.bilibili.com/video/av87155187,4,5,921,42,李宁闪击-6黑人月开箱简评
873,http://www.bilibili.com/video/av87303564,1,2,917,5,阿迪达斯Ultraboost 20跑鞋新年版开箱，新年鸿运当头
874,http://www.bilibili.com/video/av86896821,13,4,915,71,李宁韦德之道全城7是合格实战鞋吗
875,http://www.bilibili.com/video/av87383011,1,14,911,5,【NABI穿搭】  小甜心19年ins故事发布的ootd
876,http://www.bilibili.com/video/av88250454,3,74,910,12,『dk制服』22家dk毛衣店&amp;近期毛衣上新分享
877,http://www.bilibili.com/video/av86923192,0,4,904,58,不市售乳腺癌配色，挑战连续一周每天开箱一双韦德之道3 第四天！ 小陈无声球鞋开箱
878,http://www.bilibili.com/video/av86872354,0,0,904,28,399买的驭帅13，110斤缓震如板砖
879,http://www.bilibili.com/video/av88114356,15,47,899,26,中华风lolita有多美？！国牌分享+妆面造型“成仙一条龙”
880,http://www.bilibili.com/video/av87619526,51,22,895,20,聊聊最近的鞋带艺术家GD权志龙丨用AJ1头等舱来做一个SACAI式双绑鞋带系法好看实用教学
881,http://www.bilibili.com/video/av88092564,0,17,894,12,肉丝系列 | 片头卡点预告 | 淡灰豹纹吊带裙 | 淡紫绿花朵肉丝 | 深紫色蕾丝高跟鞋
882,http://www.bilibili.com/video/av87244995,0,12,886,0,蝈蝈直播衣柜大公开之马面部分，敲可爱(?? . ??)
883,http://www.bilibili.com/video/av87465864,0,10,885,5,两万台币（约RMB4600）价位优质推荐！五款入门腕表选择
884,http://www.bilibili.com/video/av87086148,3,15,883,17,「钟灵记·兔月仙」兔兔这么可爱！当然要_____~
885,http://www.bilibili.com/video/av88000530,6,19,881,29,4000元汉服唐风头饰长啥样？
886,http://www.bilibili.com/video/av87299848,14,35,879,18,【比比】这一场人间流浪，长随步履死生相候｜汉服视频
887,http://www.bilibili.com/video/av87026568,1,10,872,12,【开箱】汉服开箱|上身试穿|她说大橘为重|流烟昔泠岁千秋|
888,http://www.bilibili.com/video/av87170810,2,0,870,17,粉丝要看的小扣碎pt正品对比
889,http://www.bilibili.com/video/av86187139,0,32,866,15,lolita私影“要和我一起开箱秋日的踏青嘛？”
890,http://www.bilibili.com/video/av86549703,1,22,857,6,【木风】现货Lolita裙子分享|全套低于300的白菜裙子安利|宅在家里就多看看裙子吧
891,http://www.bilibili.com/video/av88001579,0,10,854,10,说实话，你改了几次配色！
892,http://www.bilibili.com/video/av88121947,4,8,851,4,拆快递拆到爽 宅在家的第N天 过瘾下饭淘宝囤货开箱 巨型购物分享
893,http://www.bilibili.com/video/av87574887,1,5,851,7,入坑半年，我拥有多少汉服《上衣篇》
894,http://www.bilibili.com/video/av87433456,0,9,850,8,【jk制服】最近正在预约或者售出的神仙格裙
895,http://www.bilibili.com/video/av87762425,4,4,842,10,【淘子的包包推荐】Gucci2020年早春款 GG Marmont | bag review
896,http://www.bilibili.com/video/av87561378,8,10,839,22,我的假期穿搭|春节真实穿搭｜中国加油 武汉加油
897,http://www.bilibili.com/video/av88025715,0,2,827,14,百元就能买到的李宁国潮？潮流逼格两不耽误的球鞋，悟道x
898,http://www.bilibili.com/video/av88076625,0,16,823,2,乖乖平价学生党的鞋分享
899,http://www.bilibili.com/video/av86842975,0,34,823,2,百搭尖头细跟性感高跟鞋，显气质又显身材，怎么穿都好看！
900,http://www.bilibili.com/video/av86868903,0,35,814,2,那些一见倾心的花墙lolita小裙子 有点村又十分美丽
901,http://www.bilibili.com/video/av87049047,0,14,808,1,安利 男生冬天超百搭超nice的运动裤子
902,http://www.bilibili.com/video/av87525312,1,7,807,7,汉服搭一切：最基本的汉服款竟能搭出十几套衣服？
903,http://www.bilibili.com/video/av87911174,3,7,803,18,在lolita公司上班是什么神仙体验，开工啦，今天给大家带来的是我们的内搭，最后有彩蛋哦
904,http://www.bilibili.com/video/av87785446,0,6,803,1,穿得像11个K-POP的偶像！灵感来源于BTS、Blackpink等的服装！
905,http://www.bilibili.com/video/av86941034,0,8,803,6,百搭单品|适合大头围的冷帽，ZARA儿童款冷帽竟然戴得下？
906,http://www.bilibili.com/video/av88032177,7,20,799,46,153/92 日常穿搭 | 冬天外套里的内搭 | 春天该穿啥嘞
907,http://www.bilibili.com/video/av88116127,26,20,796,32,首饰｜耳饰·项链合辑   上班度假逛街搭配｜金属·亚克力·帆布·珍珠
908,http://www.bilibili.com/video/av87718212,1,12,796,0,玛丽莲优素福 乳胶小西装 鞋高跟鞋
909,http://www.bilibili.com/video/av87929503,0,28,793,3,如此超高跟的细跟高跟鞋，一般人真驾驭不了！
910,http://www.bilibili.com/video/av86979506,1,20,789,24,「安静社社长」我的衣橱㈡/170+的女孩子穿不同类型的衣服裙子都是什么样子呢？/高个子穿搭分享
911,http://www.bilibili.com/video/av87164517,3,10,786,5,好看的耳饰能修饰脸型，甚至可以改善肤色！变美不止化妆！！
912,http://www.bilibili.com/video/av87512731,0,4,782,2,驭帅13?  驭帅11 缓震 形变对比
913,http://www.bilibili.com/video/av87491475,16,12,781,11,07200206/ANNMS_AND WANDER 19秋冬
914,http://www.bilibili.com/video/av86884977,0,8,778,8,【2017年到2020年】lo裙合集打个卡哈哈哈哈
915,http://www.bilibili.com/video/av87066885,14,4,776,34,这才叫圣诞配色！挑战连续一周每天开箱一双韦德之道3 第五天！ 韦德之道3圣诞  小陈无声球鞋开箱
916,http://www.bilibili.com/video/av87035826,0,43,775,2,[Model Ulael]韩国模特ulael 日常穿搭lookbook
917,http://www.bilibili.com/video/av86796224,0,5,773,5,宅家无聊 | 平淡无奇的ZARA春季新款开箱 | 这里不生产影评 | 只是大批量电影清单的搬运工 | 总有一部适合你
918,http://www.bilibili.com/video/av87516011,5,5,772,60,【徐娇织羽集】今天是上元节啦~快来猜谜呀
919,http://www.bilibili.com/video/av87710948,0,24,769,19,【汉服婚服】盘点适合做婚服的汉服汉元素，等疫情过去，就结婚吧
920,http://www.bilibili.com/video/av87998371,0,10,765,5,今天带头壳出去拍照啦【黑曜】
921,http://www.bilibili.com/video/av87816393,10,13,763,37,【初久】圈毛汉服穿搭分享 | 冬季春节汉服LOOKBOOK
922,http://www.bilibili.com/video/av87607987,6,11,762,9,【汉服开箱测评】清辉阁琼烟依旧稳如狗 新店吟风踏月圆领大襟衫金玉满堂
923,http://www.bilibili.com/video/av87152838,3,3,760,7,白菜价AJ你说行不行吧
924,http://www.bilibili.com/video/av86913052,1,23,755,12,【吾王】jk鞋|Lolita鞋测评|半岛家|学院风复古玛丽珍小皮鞋
925,http://www.bilibili.com/video/av87892250,1,9,754,1,用平价服饰搭配出首尔韩系简约风穿搭【大魚Joyce -D】
926,http://www.bilibili.com/video/av87047069,0,21,749,6,【春季汉服安利第2波】这些独树一帜的汉服设计小铺，一定要记得收藏！
927,http://www.bilibili.com/video/av88117681,0,1,747,11,168cm/135斤‖春季穿搭‖胖女孩该如何穿可爱吊带裙蓬蓬裙
928,http://www.bilibili.com/video/av86882281,4,15,746,5,"【纱丽的一百种穿法】No. 9 Kuchipudi 2 Drape - Andhra Pradesh, India"
929,http://www.bilibili.com/video/av87807174,1,5,745,4,时尚街拍–高伟光  不一样的东华帝君
930,http://www.bilibili.com/video/av87971486,2,9,741,5,耐克400元以下冷门复古好鞋推荐 Nike Air Tech Challenge 3 阿加西网球鞋开箱上脚评测
931,http://www.bilibili.com/video/av87780476,2,5,741,37,挑战连续一周每天开箱一双韦德之道3！迟来的 第6天！ 小陈无声球鞋开箱：韦德之道3 马奎特
932,http://www.bilibili.com/video/av87573245,0,4,741,18,flytrap 2 凯尔特人配色，硬的像搬砖
933,http://www.bilibili.com/video/av86879484,1,22,737,4,女高中生的鞋子
934,http://www.bilibili.com/video/av86959855,3,6,736,15,一个普通高二学生，有哪些破鞋呢（fake慎入）
935,http://www.bilibili.com/video/av87723519,0,13,732,2,【送男朋友礼物指南】六种一定不会出错的礼物|情人节准备好了吗？？
936,http://www.bilibili.com/video/av87956123,2,11,729,0,时尚博主玛丽莲优素福 蓝色乳胶衬衫
937,http://www.bilibili.com/video/av87243843,1,17,728,1,收脚裤搭配细高跟凉鞋，身材不高，却搭配出精致的时尚美
938,http://www.bilibili.com/video/av86784898,0,3,724,21,【叶子】淘宝探店第三期｜59元超值卫衣的男女同款好店？——小尼力
939,http://www.bilibili.com/video/av87207780,19,16,722,25,【A的小衣柜】05 - Jane Marple 2019冬五折购入了什么呢？纸剧院/诗人港口/莎士比亚｜首次尝试出镜的购物分享，用了新剪辑软件w
940,http://www.bilibili.com/video/av87669784,2,10,721,12,【机能球鞋改装】将倒闭款Nike大气垫改装为高端款
941,http://www.bilibili.com/video/av87484081,0,8,712,0,【山本月】翻包|介绍我的13款大牌包包！（Fendi、巴黎世家、Chloe、loewe、香奈儿等）
942,http://www.bilibili.com/video/av87728926,0,18,711,19,jks少女
943,http://www.bilibili.com/video/av87628018,2,6,710,9,【八月】梵高的来信当睡衣？以及和地球人混搭！七天宅家穿lo挑战（4）
944,http://www.bilibili.com/video/av88049182,1,28,703,9,【白菜lolita集】绝美又白菜的中华风lolita来啦！！！你??动了吗？
945,http://www.bilibili.com/video/av87601913,1,6,700,11,球鞋定制有哪些种？球鞋定制小课堂开课了。
946,http://www.bilibili.com/video/av86888321,0,4,699,2,冬日 男生黑色牛仔裤 多种穿搭配法！
947,http://www.bilibili.com/video/av88066445,9,10,696,18,LV达芙妮翻包/what&#39;s in my bag/第一次拍视频～
948,http://www.bilibili.com/video/av87712594,0,15,691,5,网红一字带女鞋试穿，时尚小女人的精致！
949,http://www.bilibili.com/video/av86942045,1,40,690,9,【鱼妹の安利】八家中性风店铺推荐|我为酷帅GIRL带盐|谁说女孩子不可以酷酷的
950,http://www.bilibili.com/video/av86947756,4,2,688,9,【开箱测评】个人最贵的球鞋--回到未来，给大家新年增福！
951,http://www.bilibili.com/video/av87124066,0,0,686,0,Vlog2020-119-口罩多用小妙招（一次性，可水洗，N95等口罩都可DIY） 打败新型冠状病
952,http://www.bilibili.com/video/av87800379,1,6,685,2,【OH～鞋！】2019年度TOP 10神鞋盘点，回顾19年爆款球鞋
953,http://www.bilibili.com/video/av87722980,8,56,684,21,【缝纫向】如何自学服装制作？
954,http://www.bilibili.com/video/av88168929,6,7,683,17,160斤真胖春季穿搭|模仿爱情公寓开头打开春季穿搭6套LOOK|小西装/卫衣/牛仔外套/开衫/衬衫/裙子/显瘦裤子|大码穿搭
955,http://www.bilibili.com/video/av88204806,0,29,680,5,中国风味，就是这么任性
956,http://www.bilibili.com/video/av87878257,0,44,679,4,漆皮长风衣
957,http://www.bilibili.com/video/av87372737,0,4,679,6,自己穿汉服有什么意思～ 当然要和妈妈一起来穿啦～ 主动要求试穿汉服～ 亲妈无疑了
958,http://www.bilibili.com/video/av87658650,0,6,677,0,我好爱呀！嘻嘻！转载
959,http://www.bilibili.com/video/av88155050,4,1,673,5,2020年春季优衣库IDLF系列试穿|UNIQLO IDLF 120斤胖子 TRY ON HQUL
960,http://www.bilibili.com/video/av87510278,0,6,658,4,你是什么控？jk制服还是旗袍？
961,http://www.bilibili.com/video/av87804269,2,67,656,6,白菜jk制服安利刺绣衬衫篇
962,http://www.bilibili.com/video/av87325054,22,22,653,16,【白菜头饰分享】把入坑以来买的所有汉服头饰带头上，你要的亚子我都有
963,http://www.bilibili.com/video/av87566033,0,0,652,4,分不清口红色号怎么了？女生看得懂球鞋配色？？
964,http://www.bilibili.com/video/av86940652,11,3,652,16,【喜瓜的Lolita小裙子吐槽】第一期小宝石家伊丽宝石 小羊肖恩同款卷卷毛裙裙
965,http://www.bilibili.com/video/av87668735,0,14,651,20,【白泽的Lolita开箱】冥蝶乐章 ?了
966,http://www.bilibili.com/video/av88025531,0,34,649,7,【汉服安利】白菜向（大多数为明制）
967,http://www.bilibili.com/video/av86837135,1,10,649,9,「察渣渣」高个微胖女孩的初春穿搭 | 北方冬季内搭如何穿 | 叠穿干货篇 | 风格迥异的穿搭风格
968,http://www.bilibili.com/video/av86830373,6,5,648,25,时尚单品/各式百搭帽子/听说你们想看我的帽子/帽子分享/帽子搭配/你衣橱里一定要有的帽子/棒球帽/贝雷帽/八角帽/报童帽/画家帽
969,http://www.bilibili.com/video/av87080619,1,1,646,5,卡西欧G-Shock  GW-b5600ar简单开箱
970,http://www.bilibili.com/video/av87562407,30,19,644,28,李李的初春单品分享！今年春天穿什么？看我
971,http://www.bilibili.com/video/av86920853,15,4,642,57,机能风之机能合体之狂拽酷炫有点重的超频漫游开箱体验
972,http://www.bilibili.com/video/av88207222,13,12,637,13,低价买大牌！公开私藏外贸原单店铺：男女皆可！
973,http://www.bilibili.com/video/av87156378,3,12,636,24,一百到五千fog，supreme神裤，高桥的裤装分享
974,http://www.bilibili.com/video/av87079562,2,4,633,6,均价不过五块的平价耳饰！苍天啊！便宜又好看，被困在家里，只能发之前库存视频啦！太曝光啦
975,http://www.bilibili.com/video/av88310749,1,48,627,3,韩国新款吊带紧身裤试穿：造型怪异，但上身效果不错
976,http://www.bilibili.com/video/av87805314,9,9,621,27,只要【不到30元】就可以买到的洗鞋神器到底有用吗？GOTO洗鞋清洁套装评测 | 一起来刷鞋吧
977,http://www.bilibili.com/video/av87354831,0,20,617,3,. ? ?? 到1月为止的时尚单品推荐/冬季帽子推荐 .围巾 .豹纹匡威 .新百伦530 .每天都在背的包包 | RYU SE KONG
978,http://www.bilibili.com/video/av87856096,2,12,616,7,【汉服】入坑四年，这些汉服店铺让我粉到现在！
979,http://www.bilibili.com/video/av87402807,0,52,616,4,[Model Ulael]模特ulael派对约会穿搭lookbook
980,http://www.bilibili.com/video/av87536738,3,12,614,12,【27视频】服饰类购物分享-第九弹
981,http://www.bilibili.com/video/av88043443,0,10,611,1,可甜可凶
982,http://www.bilibili.com/video/av86937310,1,10,610,3,职场上班族春季日常温柔气质通勤穿搭！优雅知性职场女生高级感轻熟风搭配！平价学生党一衣多穿！好看的西装外套！衬衫！半身裙！风衣！阔腿裤
983,http://www.bilibili.com/video/av86888301,0,23,610,8,"【纱丽的一百种穿法】No. 10 Munger Drape - Bihar, India"
984,http://www.bilibili.com/video/av87430164,2,53,609,3,无痕瑜伽健身裤推荐：合身并不代表合适 还要能凸显身材
985,http://www.bilibili.com/video/av86758424,2,30,609,4,【袜子买家秀#8】丹吉娅超薄裤袜@90后女友穿丝袜短裙出门_男朋友却不让
986,http://www.bilibili.com/video/av87723955,0,23,607,1,【Saeeun】穿搭推荐 MLB X DISNEY联名Lookbook
987,http://www.bilibili.com/video/av87089274,0,11,606,10,超百搭休闲运动鞋分享
988,http://www.bilibili.com/video/av87664404,0,7,604,7,jk制服入坑，身高162，裙长45cm，供参考
989,http://www.bilibili.com/video/av87112551,0,11,604,14,大二学生的2019年球鞋合集
990,http://www.bilibili.com/video/av86960453,0,30,602,0,2月4日蝈蝈直播录屏，衣帽间。
991,http://www.bilibili.com/video/av88146101,1,5,598,10,【跳跳+色彩实验室】粉+雀蓝
992,http://www.bilibili.com/video/av87993247,0,13,596,1,时尚博主玛丽莲优素福 深红色胶衣 配乳胶长裤
993,http://www.bilibili.com/video/av87779370,0,1,596,10,155cm120斤苹果型矮胖 测评水手服连衣裙
994,http://www.bilibili.com/video/av87704849,0,8,596,2,玛丽莲优素福 latex皮裤 配高跟
995,http://www.bilibili.com/video/av87109754,25,13,594,29,我和家人做起了REMAKE！？致敬「武汉与科比」
996,http://www.bilibili.com/video/av87217782,0,9,593,7,【&amp;other Stories】新款开箱试穿|法式针织衫|超级时髦的廓形牛仔外套
997,http://www.bilibili.com/video/av86821231,2,22,593,38,【Lolita小裙子】蝴蝶效应“这片可是我罩的！”最A lo娘一日体验，圆脸加菲猫逆袭小野猫！小黑魔仙闪亮登场（雨女无瓜开始自动播放/国牌jsk神奇体验）
998,http://www.bilibili.com/video/av87651226,4,9,592,10,Air Jordan 1 ZOOM FEARLESS变色龙开箱上脚体验：蹦迪必备！【何必奈斯】
999,http://www.bilibili.com/video/av88040732,0,19,590,10,琼楼阁原创汉服白菜宋制三件套98
1000,http://www.bilibili.com/video/av87180631,0,1,590,0,轻奢包包分享-MK Coach
1001,http://www.bilibili.com/video/av88056112,0,2,585,9,求求各位汉服商家不要再买琵琶袖的晋制汉服了！！！
1002,http://www.bilibili.com/video/av88010948,2,6,580,5,Jk评测！池太西服到底什么样！
1003,http://www.bilibili.com/video/av86834768,0,0,578,0,超低调又高级的香奈儿口盖包，撞包算我输！
1004,http://www.bilibili.com/video/av87375469,2,67,575,13,【白菜汉服配饰】9.9包邮汉服发饰合集，低至一元。
1005,http://www.bilibili.com/video/av87262643,15,7,575,8,PAQ: 假货搭配竞赛 Ft:GULLY GUY LEO做裁判 | Kyra TV
1006,http://www.bilibili.com/video/av87000190,4,44,567,49,DK制服领带系法第三弹：三一结！（内含本佐中西服彩蛋）
1007,http://www.bilibili.com/video/av86804684,0,2,564,3,早春推荐～偏胖男生的穿搭体验，显腿瘦的裤子
1008,http://www.bilibili.com/video/av87327900,3,6,562,12,侃爷VSNike gang究竟谁输谁赢，你又支持谁？
1009,http://www.bilibili.com/video/av88017252,3,1,560,4,Chanel 香奈儿包包分享-是的我又买包了
1010,http://www.bilibili.com/video/av87057017,0,9,560,3,给大家安利一个超级貌美的汉服：汉韵阁芙蓉家的醉美人?   不加大袖衫只要99r   加大袖衫139r  真的是超级好看的，汉服宝贝们冲鸭！
1011,http://www.bilibili.com/video/av87876659,0,26,559,16,【蠢宝】｛明｝明制汉服搭配分享
1012,http://www.bilibili.com/video/av87333562,19,11,558,32,?汉尚华莲如意锁+凤语舞?一个时隔多年的汉服试穿
1013,http://www.bilibili.com/video/av87553174,5,7,556,15,潮流玩家必备的裤型你有几条？秋冬长裤推荐 除了 FOG 还有这些品牌
1014,http://www.bilibili.com/video/av86862713,0,20,553,3,【时尚内衣试穿#1】蕾丝吊带内衣试穿效果
1015,http://www.bilibili.com/video/av87441663,0,5,551,9,168cm/135斤‖高胖妹的显瘦单品穿搭‖大学生日常穿搭
1016,http://www.bilibili.com/video/av87323046,0,4,548,4,【汉服】汉服up肺炎期间的无聊换装
1017,http://www.bilibili.com/video/av87509385,1,11,544,14,FOG essentials 卫衣穿搭分享（EP1：Fear of God复线）
1018,http://www.bilibili.com/video/av87864573,0,0,542,1,[扭蛋] 百搭鞋子分享| 运动鞋 马丁靴 帆布鞋| 抖音搬运
1019,http://www.bilibili.com/video/av87072018,10,5,542,13,日本新年抢福袋现场直击！价值3500块福袋穿搭分享
1020,http://www.bilibili.com/video/av86922206,0,4,542,2,BrandyMelville有关于Coco Top的4种穿搭
1021,http://www.bilibili.com/video/av88071421,0,14,540,0,Lizzy Hadfield | 月度时尚报告 一月篇 | Monthly Fashion Report_January
1022,http://www.bilibili.com/video/av86871759,0,53,540,3,【裤袜搭配#3】价差24倍的丝袜有区别吗_男生最心动的五种服装实测
1023,http://www.bilibili.com/video/av87005973,2,42,539,2,韩国女主播NANA的试穿：参加婚礼该穿什么衣服
1024,http://www.bilibili.com/video/av87576490,5,14,538,24,【穿搭分享】早春的盐系甜酷日系女孩 论一条阔腿裤的n种搭法 高一学生党的日常穿搭 162cm 105斤
1025,http://www.bilibili.com/video/av87193876,2,4,536,7,147cm/78斤小个子女生早春穿搭
1026,http://www.bilibili.com/video/av87169030,3,3,536,6,入坑一年，up汉服大合集，汉服衣柜大公开
1027,http://www.bilibili.com/video/av88152197,2,5,534,38,在lolita公司上班是什么神仙体验，今天给大家展示下sk的腰封，最后有展示
1028,http://www.bilibili.com/video/av87887242,35,21,533,21,【喵老师试色】奶茶色合集！！最温柔的日杂色是哪个！
1029,http://www.bilibili.com/video/av87356263,0,3,529,1,初3学生的所有鞋子（无矿）视频是我的抖音
1030,http://www.bilibili.com/video/av87181575,0,14,527,2,Lolita上新裙子篇
1031,http://www.bilibili.com/video/av87820284,7,6,522,13,鞋子很潮但脚不能潮！开箱耐克超级飞马防水鞋，这个做工很耐克！
1032,http://www.bilibili.com/video/av87144448,2,4,521,10,来看看初三贫困家庭的球鞋呐！！！（无假放心入）
1033,http://www.bilibili.com/video/av87264967,0,37,517,2,简约风时尚一字扣名媛尖头高跟鞋，每一双都好看！
1034,http://www.bilibili.com/video/av88008325,3,8,515,7,平价耳饰店安利 | 8.63元质量也很好！| 超小众不撞款宝藏耳饰店 | 复古、简约、小清新 | 学生党推荐
1035,http://www.bilibili.com/video/av87693288,17,8,515,27,【Iris Zou】增加时尚搭配小配饰丨帽子、项链、耳饰
1036,http://www.bilibili.com/video/av87174168,2,4,512,12,2019年汉服年终总结-入坑半年，我拥有了多少汉服《下裙篇》
1037,http://www.bilibili.com/video/av88233137,0,12,505,8,【JK制服上新】二月份jk制服上新资讯|绝美格裙|萌款再贩|学生党平价|种草向【元气喵の种草】
1038,http://www.bilibili.com/video/av87619914,57,9,503,10,做个硬派男人如何？微胖男生穿搭指南丨150-175斤丨180CM160斤丨潮男搭配丨时尚穿搭丨怎么穿更MAN丨潮流男士丨男士穿搭指南丨男生怎么穿丨胖人显瘦丨
1039,http://www.bilibili.com/video/av88057754,3,15,501,8,Lolita新春贺图拍摄Tips，Lolita正片拍摄揭秘~
1040,http://www.bilibili.com/video/av87862998,0,7,501,5,【锌指】jk制服|lolita实体店探店vlog|新冠病毒肺炎结束后一起去玩！成都旅游|
1041,http://www.bilibili.com/video/av87918286,4,10,493,10,贫民窟女孩必入/8支均价30元的白菜包包满足你无聊时的购物欲望/淘宝探店/学生党包包/平价包包/平价白菜价
1042,http://www.bilibili.com/video/av87104062,7,40,493,18,【VIN周震南】阿南的百万衣橱巡礼（2019年8月）
1043,http://www.bilibili.com/video/av87827577,1,10,490,14,汉服小仙女转圈圈圈圈太无聊发发视频∠( ? 」∠)＿
1044,http://www.bilibili.com/video/av86759318,0,23,490,1,【袜子买家秀#9】浪莎超薄裤袜@为什么女人喜欢穿丝袜_妹子网购15元两双的丝袜看看效果
1045,http://www.bilibili.com/video/av87952939,0,39,489,6,【白菜汉服合集（七）】美貌和仙气并存的一片式齐胸
1046,http://www.bilibili.com/video/av87356840,0,1,488,0,香奈儿热卖的小饰品，带你们看下
1047,http://www.bilibili.com/video/av86897373,2,8,483,3,被迫宅男|晚上看日本混种天使  秀场服饰大放异彩
1048,http://www.bilibili.com/video/av86779727,0,0,481,29,我的压岁钱。fake.还不错
1049,http://www.bilibili.com/video/av88077223,0,15,480,1,学生党平价乖乖女孩鞋 分享
1050,http://www.bilibili.com/video/av87554021,0,22,479,2,【筱唐手作】荷叶袖连衣裙的制作过程
1051,http://www.bilibili.com/video/av88262843,3,6,477,19,【断舍离】170斤的毛衣03 | 这些衣服我买的时候脑袋住了个超模` （运动内衣穿起来真不行！）
1052,http://www.bilibili.com/video/av87115407,7,20,477,6,【涵涵的爱分享原创字幕】时尚博主Ari带来几套裙装的试穿！
1053,http://www.bilibili.com/video/av88027635,0,21,474,1,时尚博主玛丽莲优素福 黑色连衣裙
1054,http://www.bilibili.com/video/av88045999,1,19,473,2,高跟凉鞋如何穿的好看。
1055,http://www.bilibili.com/video/av87915841,0,5,473,0,【Vogue·中英字幕】如何挑选最完美的「紧身牛仔裤」| 不同身材有不同讲究
1056,http://www.bilibili.com/video/av87273071,0,2,469,0,运动高跟鞋，所有女人都想要！
1057,http://www.bilibili.com/video/av88243139,4,8,466,7,微胖穿搭丨158cm120斤丨冬季春季丨外套 内搭 包包丨纯分享丨日常平价丨真胖女孩丨来跟我做好胖友一起运动一起瘦丨标题怎么可以打这么长长长我就要输满80个字
1058,http://www.bilibili.com/video/av87215044,0,3,463,2,不良JK制服
1059,http://www.bilibili.com/video/av87340273,2,9,462,21,情人节约会穿搭，约会这么穿还愁没有男朋友吗？可盐可甜的直男斩穿搭
1060,http://www.bilibili.com/video/av87622406,0,10,461,14,一件衣服的九种搭配   /   优衣库搭配分享   /   平价穿搭
1061,http://www.bilibili.com/video/av88143678,2,45,460,4,【穿搭】年终聚会！如何艳压群芳？
1062,http://www.bilibili.com/video/av87956261,0,2,459,5,DIOR戴妃包的小秘密，今天聊聊DIOR蜥蜴皮戴妃包
1063,http://www.bilibili.com/video/av87682786,10,13,459,35,△神前▽ 冬春季帽子分享！
1064,http://www.bilibili.com/video/av87299610,5,7,459,12,2折买到LV， DIOR， FENDI？不吃土也能拥有奢侈品包/中古包入门新手小白可以从这些包试水
1065,http://www.bilibili.com/video/av86882948,2,8,457,6,四套浅色系冬季look|要温度也要风度的东北搭配|毛衣|外套|穿搭|平价
1066,http://www.bilibili.com/video/av86802974,0,0,456,10,丑or帅？简单聊一聊raf*adi这款鞋
1067,http://www.bilibili.com/video/av87000401,1,69,454,9,【试穿】火热迈阿密风格
1068,http://www.bilibili.com/video/av87453181,2,7,453,18,「量子把脉」REC. Sasquatchfabrix 小众/男装/机能？/搭配品牌介绍
1069,http://www.bilibili.com/video/av87108443,1,4,450,5,【Lo裙-花嫁】花嫁款lolita竟被我穿出了日常款的感觉，设计师哭晕在厕所！
1070,http://www.bilibili.com/video/av87936223,1,5,449,2,服装设计师：服装这个行业不是一蹴而就的，除了耐心，眼光很重要
1071,http://www.bilibili.com/video/av87463017,1,4,449,12,二次元肥宅的球鞋
1072,http://www.bilibili.com/video/av86768589,1,37,446,3,【裤袜搭配#4】白色蕾丝长筒袜开箱评测穿搭
1073,http://www.bilibili.com/video/av87058215,3,6,445,2,我的平淡假期｜闭关宅在家 做精致的睡衣女孩 疫情期间的居家穿搭
1074,http://www.bilibili.com/video/av86914126,0,1,445,7,153穿搭系 | 来喽来喽，春天必备百搭款来喽～
1075,http://www.bilibili.com/video/av87445420,0,25,444,1,【时尚高跟鞋试穿#1】美女的私人鞋库试穿合集
1076,http://www.bilibili.com/video/av87024753,3,2,443,4,Look Look | 留学生赶due穿搭指南 | Episode 1
1077,http://www.bilibili.com/video/av87594294,0,15,440,7,分享一款拖鞋
1078,http://www.bilibili.com/video/av87122054,0,13,440,3,[Lizzy Hadfield]2019最常穿搭服饰分享 | 闲聊
1079,http://www.bilibili.com/video/av87095215,0,2,440,2,真矮胖测评日系软妹风白衬衫，种草啦！
1080,http://www.bilibili.com/video/av87306480,3,34,439,13,【Lolita】和风lolita 京都伏见稻荷展示短片  怀石浪屿【35Ryo】
1081,http://www.bilibili.com/video/av87840677,1,2,438,2,【徐娇织羽集】扶桑 开箱|开箱环节又来啦
1082,http://www.bilibili.com/video/av87019650,1,11,438,10,Anya LookBook | 法式小众耳环分享 | Earrings Collection
1083,http://www.bilibili.com/video/av87070128,2,5,432,11,【喜瓜测评】身高163测评不同裙长Lolita
1084,http://www.bilibili.com/video/av86925929,6,3,432,14,【LOLITA上身】BABY 小红帽 和我一起去采毒蘑菇毒死狼外婆吧！
1085,http://www.bilibili.com/video/av87850809,0,19,430,2,【袜子买家秀#11】肉色秋冬款裤袜@因为疫情，美女穿丝袜和男朋友一起玩
1086,http://www.bilibili.com/video/av86762364,0,43,428,1,【裤袜搭配#2】肉色哑光裤袜开箱穿搭
1087,http://www.bilibili.com/video/av87538416,0,13,427,8,提高｜气质｜的小皮鞋分享，无论职场还是日常都能提高自我气场哦！
1088,http://www.bilibili.com/video/av87120757,1,2,427,4,早春毛衣穿搭分享，Pre-spring Look Book
1089,http://www.bilibili.com/video/av87411366,1,3,423,2,一个大学生的包里会有什么呢？我的包包里有什么？
1090,http://www.bilibili.com/video/av87773820,0,11,421,1,【球鞋】Lil Yachty小船和你聊球鞋，以及在他看来Travis到底算不算鞋头？ | Full Size Run S04E12
1091,http://www.bilibili.com/video/av86943682,0,6,420,1,Bell_0★日常随性穿搭分享
1092,http://www.bilibili.com/video/av87682780,0,8,419,1,金色细高跟短靴，长裤搭配大衣，穿出气质美
1093,http://www.bilibili.com/video/av86770989,0,32,419,1,【裤袜搭配#5】超薄塑腿裤袜开箱评测穿搭
1094,http://www.bilibili.com/video/av87553748,0,7,417,6,【鞋子分享】新款FILA厚底老爹鞋
1095,http://www.bilibili.com/video/av87560098,1,17,414,0,[ATQ Official] SUPERBOWL SUNDAY OOTD
1096,http://www.bilibili.com/video/av87873047,0,5,410,3,感受下印章机（bushi ）教父藤原浩的气场
1097,http://www.bilibili.com/video/av87529399,1,11,410,14,【阁子】汉服开箱|一次性开箱三件补服以及两条马面|春山集|汉客丝路|后物堂
1098,http://www.bilibili.com/video/av87566875,0,7,409,0,怕冷又要风度？抓住冬天的小尾巴10套日常穿搭保暖日常耐看
1099,http://www.bilibili.com/video/av88193197,0,14,407,8,棉袜
1100,http://www.bilibili.com/video/av87453691,1,3,407,0,【饼干搬运】【二宮 璃子】【爱用首饰】日本妹子喜欢的首饰分享
1101,http://www.bilibili.com/video/av87184697,0,16,404,2,【袜子买家秀#10】灰色丝裤袜@老婆穿上新袜子出门
1102,http://www.bilibili.com/video/av86942257,0,1,402,2,Brandy Melville 开箱视频/官网下单/支付宝支付/顺丰发货
1103,http://www.bilibili.com/video/av87727145,1,1,398,3,CLOT 倒闭款它不香吗！？
1104,http://www.bilibili.com/video/av87458763,1,18,398,5,【Lolita鞋子】白菜又貌美的小鞋子不来一双嘛！做个精致的洛丽塔女孩！
1105,http://www.bilibili.com/video/av87174297,0,5,398,3,【jk制服】神仙格裙推荐（绿色系）
1106,http://www.bilibili.com/video/av88035258,2,21,397,34,【夏天】华丽款小裙子 圣诞E☆送给自己的成年礼物 一个小小的分享视频~
1107,http://www.bilibili.com/video/av87480796,1,1,391,5,【Supreme】我收到了一个来自绿叉的神秘包裹之后，惊呆了
1108,http://www.bilibili.com/video/av87665371,4,8,389,22,［汉服种草］一二月份个人偏爱向汉服种草系列Ⅰ
1109,http://www.bilibili.com/video/av87534549,1,10,382,8,复原向【大唐女团1.0】—大唐照相馆
1110,http://www.bilibili.com/video/av86800452,0,0,382,0,网拍兼职
1111,http://www.bilibili.com/video/av87013039,0,1,381,2,yeezy 750 boost 黑武士
1112,http://www.bilibili.com/video/av87360224,2,4,380,14,【CE说鞋】AJ1也有彩蛋？？Dunk VS AJ1~~你更喜欢哪一款？
1113,http://www.bilibili.com/video/av87169466,4,9,378,17,Another perspective 我的绘画花絮日常｜MAOJIAYING
1114,http://www.bilibili.com/video/av86995043,0,4,378,2,七月夕-九定马面开箱（这个快递一波三折啊！）
1115,http://www.bilibili.com/video/av87945350,1,1,377,9,一位家里无矿的初三学生都有什么球鞋？
1116,http://www.bilibili.com/video/av86826424,0,7,376,3,白菜的288元cla系lolita，还包括发带，爱了爱了
1117,http://www.bilibili.com/video/av87944623,0,4,375,10,戒指，韩式搭配，日常首饰搭配，喜欢 +关注+后期会有更好上新
1118,http://www.bilibili.com/video/av87746631,0,3,374,3,冬日 街头简约，邻家大男孩风 的男生穿搭技巧！
1119,http://www.bilibili.com/video/av87332914,0,4,372,8,OFF-WHITE x AJ5 实物上手 OW联名AJ5 黑蝉翼【转自INS】
1120,http://www.bilibili.com/video/av86842252,0,12,371,1,秒从平胸妹升级成大胸？！妹妹的秘密武器比基尼+新年衣！
1121,http://www.bilibili.com/video/av87193664,0,14,370,2,【时尚内衣试穿#2】蓝色条纹内衣试穿效果
1122,http://www.bilibili.com/video/av87241069,1,3,368,3,模特试穿黑色皮短裤，搭配假过膝拼接连裤袜、高跟鞋，时尚漂亮！
1123,http://www.bilibili.com/video/av87254848,0,14,362,0,【Afrom】开春时尚穿搭分享
1124,http://www.bilibili.com/video/av87322191,0,0,359,6,【jk制服格裙测评安利】新人up求关爱呜！本次测评是梗豆兔姬舍中牌优马的裙子~
1125,http://www.bilibili.com/video/av86978620,0,12,359,1,【袜子买家秀#10】肉色光腿神器@美女要去参加婚礼，试穿新买的光腿神器
1126,http://www.bilibili.com/video/av88115607,2,5,358,17,汉服首饰
1127,http://www.bilibili.com/video/av87331948,11,4,358,12,职场穿搭分享|Tiffany&#39;s time
1128,http://www.bilibili.com/video/av87146026,2,1,355,3,【aKKlt】新鞋开箱 YEEZY 700 V3，以及up主对于学生党买鞋的一些疑问回答和看法
1129,http://www.bilibili.com/video/av87143249,0,1,354,1,匡威小雏菊，竟然在细节处“碰瓷”权志龙空军一号！
1130,http://www.bilibili.com/video/av87701718,1,0,353,3,服装设计师揭秘：在疫情影响下，服装行业还有哪些面料不受影响
1131,http://www.bilibili.com/video/av87284353,0,17,353,0,內衣秀2
1132,http://www.bilibili.com/video/av87731656,0,2,351,2,秋冬穿搭丨ZARA打折季购物分享丨狂撒几万块的精华总结丨高个妹子上身试穿+百搭单品介绍+男装大佬+购物攻略+什么值得买
1133,http://www.bilibili.com/video/av87597216,2,10,347,9,年底购入|早春服饰|购物分享
1134,http://www.bilibili.com/video/av87536126,0,0,347,2,过完十五才算年，穿着汉服过大年（夹带特产小吃馋哭你）
1135,http://www.bilibili.com/video/av86887714,0,1,346,0,【Jess】COACH UNBOXING | 2020年第一个包包
1136,http://www.bilibili.com/video/av87525359,1,22,345,0,[ATQ Official] SEXY DRESS IDEAS FOR VALENTINES DAY | TRY-ON!
1137,http://www.bilibili.com/video/av87053788,0,3,344,0,春季上新卫衣合集/春天的衣柜/基础穿搭/春季穿搭/日常/种草/平价/休闲/运动/返校穿搭
1138,http://www.bilibili.com/video/av86922363,1,3,344,4,AJ4黑猫开箱测评＋牛巴革护理小技巧 黑猫警长就是香!
1139,http://www.bilibili.com/video/av87343884,0,7,342,5,泷岛海上身效果 曾经是我的怨念款哈哈哈
1140,http://www.bilibili.com/video/av86824487,0,0,342,0,BrandyMelville开箱/第一次录视频/学生党
1141,http://www.bilibili.com/video/av86849223,0,3,341,6,早春穿搭合集～总有一套适合你的穿衣搭配
1142,http://www.bilibili.com/video/av87396284,0,10,340,1,这么美的背不拿来刮痧拔罐是不是可惜了点！！！
1143,http://www.bilibili.com/video/av87130037,3,2,340,10,人生中第一双Nike dunk sb
1144,http://www.bilibili.com/video/av86804469,1,2,340,0,过膝靴这样穿有杨幂那味哈哈
1145,http://www.bilibili.com/video/av86764022,0,16,339,3,【rooseoin】圣诞装搭配|圣诞约会装
1146,http://www.bilibili.com/video/av88003733,25,12,337,27,【Sino】想做视频博主？经历一年后，我却想说...
1147,http://www.bilibili.com/video/av87852439,0,1,337,27,AJ1 反转警灯 实物上手 Air Jordan 1 High OG WMNS “UNC To Chicago” 转自INS
1148,http://www.bilibili.com/video/av87333014,3,9,333,5,我选择鞋子的思路和穿搭技巧（不能出门在家随便录录，包含AJ、yeezy、vans vault和经典款）
1149,http://www.bilibili.com/video/av86997486,1,2,332,1,【咪妃】近半年就算狂撞鞋明星们也要入手的一双鞋款!周杰伦.邓紫棋.GD也不例外! | 潮牌精品开箱系列
1150,http://www.bilibili.com/video/av87757334,0,10,331,0,（英字）【 áFROM】韩国女孩的春季日常穿搭（韩剧女主风格的穿搭，这类型的衣服在tb都可以买到，所以借鉴性很高）
1151,http://www.bilibili.com/video/av88214979,0,2,327,7,【徐娇织羽集】蛮蛮 开箱
1152,http://www.bilibili.com/video/av86783392,0,3,326,0,【汉服】白菜汉服褶裙安利！69元包邮还好看！不心动嘛？佩戴耳机食用更佳哦╭(╯ε╰)╮
1153,http://www.bilibili.com/video/av87499052,1,1,325,4,郭言郭语
1154,http://www.bilibili.com/video/av87113297,1,7,325,17,关于球鞋的CNY，这里有一些你需要知道的知识点
1155,http://www.bilibili.com/video/av88278603,1,6,324,5,【汉服吐槽大会】跟最热的风 踩最狠的雷|那些成品汉服/风踩过的雷|大家一起来避雷/拔草
1156,http://www.bilibili.com/video/av88309258,0,0,321,3,0211-潮流新闻
1157,http://www.bilibili.com/video/av88021851,0,3,320,8,刚入坑时和19年夏天拍的图
1158,http://www.bilibili.com/video/av86968282,0,2,319,1,李宁潮流球裤爱了
1159,http://www.bilibili.com/video/av87126848,7,5,315,18,【Lolita上身安利】baby 小萌款 药箱  酒红/粉 双色上身
1160,http://www.bilibili.com/video/av87091294,0,13,315,7,【lolita集】现可预约的绝美lolita小裙纸??甜系/哥特/童话/cla优雅！！！
1161,http://www.bilibili.com/video/av87284956,0,21,314,0,內衣秀3
1162,http://www.bilibili.com/video/av88045068,0,29,313,3,合体女装基础版 后片
1163,http://www.bilibili.com/video/av88009399,0,2,313,4,几百块到1000左右能买到最超值的单品/BEAMS/ALYX/SUPREME/CARHARTT/宝格丽
1164,http://www.bilibili.com/video/av87080086,1,2,313,28,底层lo娘-黑皮琳开箱！之莉莉丝之眼家的水母流星！！一次开四个！！
1165,http://www.bilibili.com/video/av87072002,0,1,310,4,搭配界很耐打的一款单品，怎能少的了基础款衬衫，安排?
1166,http://www.bilibili.com/video/av86928455,1,0,310,0,今天份韩风穿搭
1167,http://www.bilibili.com/video/av88246952,0,1,308,4,再见冬天 | 4组穿搭14件单品大分享
1168,http://www.bilibili.com/video/av87576940,0,1,307,4,155cm120斤矮胖测评MG小象家羊羔绒，过年穿，好吧，年在家里蹲完了
1169,http://www.bilibili.com/video/av87216301,1,12,307,4,听说这么系领带的人都找到对象了-半温莎结实战教程
1170,http://www.bilibili.com/video/av87929942,0,27,306,2,欧美时尚性感尖头高跟鞋，女人的魅力十足！
1171,http://www.bilibili.com/video/av87600064,0,0,306,4,新买的耐克air max270被我给整坏了
1172,http://www.bilibili.com/video/av87123392,0,0,304,3,153系穿搭 | 嘿，姐妹！卫衣还可以这样穿～我最喜欢第三套，你呢？
1173,http://www.bilibili.com/video/av86954429,0,0,304,1,任意裁剪丝袜
1174,http://www.bilibili.com/video/av87961115,2,7,301,17,【九月衣】高雅Lolita 伊丽莎白【开箱+试穿】圆点点小姐Lolita洋服社
1175,http://www.bilibili.com/video/av87711533,10,15,300,66,恭喜喷子催更成功，我对国产龙头的态度？up祖安籍显露，温柔人设崩塌？顺便再抽个小奖
1176,http://www.bilibili.com/video/av87226417,7,11,300,5,长比甲显高显瘦新穿法！|能混入日常人群的汉服日常混搭|微胖人群的显高显瘦的小心机！
1177,http://www.bilibili.com/video/av88316416,0,29,299,0,[Anabella Galeano] Try On Haul │Bikinis &amp; Tangas
1178,http://www.bilibili.com/video/av88307054,0,22,299,0,韩国美女KKYUU试穿：ZARA的衣服好看是好看，但得穿在好看的人身上
1179,http://www.bilibili.com/video/av87958918,0,43,299,1,服装爱好者进来了，尤娜的性感浪漫约会造型
1180,http://www.bilibili.com/video/av87954201,0,41,299,4,我模型的Yuna舒适每日造型 Daily LookBook
1181,http://www.bilibili.com/video/av88006585,0,1,297,9,贫穷簪娘在线乞讨，900只要900通通带回家，救救孩子QAQ
1182,http://www.bilibili.com/video/av87530041,0,4,295,0,【Next in Fashion】时尚的未来 Alexa Chung&amp;Tan France Delve Into Their Most Iconic looks
1183,http://www.bilibili.com/video/av86895406,1,11,295,0,（英字）【Madison Amateau 】1000美元的 BRANDY MELVILLE购物分享
1184,http://www.bilibili.com/video/av87906800,0,29,294,3,【时尚高跟鞋试穿#3】美腿阿姨的私人鞋库试穿合集
1185,http://www.bilibili.com/video/av87011520,0,0,294,1,140斤中学up主的韦德之道8的死亡缓震～
1186,http://www.bilibili.com/video/av87572215,5,8,293,9,#OOTD 日常通勤穿搭｜160cm｜上班也要穿出风格
1187,http://www.bilibili.com/video/av86336662,10,28,293,58,???薰衣草???Baby海月姬の开箱「竟曾被拍卖到11w元！是你的白月光小裙裙吗？」（′ω｀?%）
1188,http://www.bilibili.com/video/av87656290,0,2,292,0,普通女生zara早春新品上身
1189,http://www.bilibili.com/video/av86895885,1,10,291,6,［Lolita安利］希腊神话系列
1190,http://www.bilibili.com/video/av86827266,1,1,290,0,| 连续发售8双yeezy350v2，阿迪这波操作我没看懂！
1191,http://www.bilibili.com/video/av88089137,0,14,289,1,【蓝星蕾】最让人心动的六款超性感旗袍
1192,http://www.bilibili.com/video/av87957756,0,8,289,1,Miyukichan‖垃圾摇滚/另类风格 穿搭
1193,http://www.bilibili.com/video/av87174918,1,11,288,3,【鄞子】100，200到500的小裙子到底有哪些不同？那些更应该选择？想入坑的平民窟少女看过来！
1194,http://www.bilibili.com/video/av87647415,0,21,287,0,时尚博主玛丽莲优素福
1195,http://www.bilibili.com/video/av87664276,0,13,286,0,百来块现货lo鞋，渴望无需等待！入坑推荐！！！
1196,http://www.bilibili.com/video/av87851667,0,15,284,3,【袜子买家秀#12】宝娜斯肉色裤袜@好吃不过嫂子的饺子
1197,http://www.bilibili.com/video/av87750197,0,17,284,4,『jk小物』蛇院女孩必备！神仙搭配领带领结！貌美精致！
1198,http://www.bilibili.com/video/av87664497,4,6,284,8,【蘑菇】开箱|我最贵的汉服|一条顶十条|林仙阁花罗花鸟裙
1199,http://www.bilibili.com/video/av88120231,0,9,279,14,【评测】400元档最有情怀的rapper联名球鞋/Future/Reebok Kamikaze 2/PAüPER&#39;s VLOG#14/评测VLOG#1
1200,http://www.bilibili.com/video/av87767290,1,5,278,2,【jk制服】神仙格裙推荐（绿色系）2
1201,http://www.bilibili.com/video/av87954354,0,17,277,0,时尚博主玛丽莲优素福  乳胶小西装配套裙
1202,http://www.bilibili.com/video/av88041949,1,4,276,1,【汉服配饰】我的料器花簪分享！春天到啦穿上汉服戴上花簪一起做个小仙女吧！
1203,http://www.bilibili.com/video/av86920804,1,6,276,0,【平价jk推荐】春天来了，还不换上小裙子拍照嘛。姐妹们，让我们买买买，冲冲冲！bgm：星茶会-灰澈
1204,http://www.bilibili.com/video/av87608570,2,11,275,3,【咪妃】【开箱】uniqlo最新推出在台日被秒杀的童贞杀发热衣！
1205,http://www.bilibili.com/video/av87320784,2,0,275,2,针尖对麦芒——韦德之道8无眠&amp;AJ34白镭射开箱&amp;上脚
1206,http://www.bilibili.com/video/av87158479,0,1,275,3,爱慕已久的性冷淡风运动鞋
1207,http://www.bilibili.com/video/av87465968,1,7,274,3,爱用品&amp;雷品 | 近期爱穿 | 时尚配饰 | 优衣库 | EVERLANE | URBAN OUTFITTERS | LAYPomelo
1208,http://www.bilibili.com/video/av87312621,0,1,274,21,转运术｜99lo锦鲤小仙开箱｜送祝福
1209,http://www.bilibili.com/video/av88049519,0,12,273,3,玛丽莲优素福 黑色小西装
1210,http://www.bilibili.com/video/av88039098,2,16,273,10,【下装】超百搭冬季下装｜拜拜小粗腿｜无敌显瘦不能放过｜针织裙｜牛仔裤｜半身裙｜长裙
1211,http://www.bilibili.com/video/av87642170,1,4,273,3,19|百元以内超平价2019年超爱的9条项链|复古|时尚|简约
1212,http://www.bilibili.com/video/av87226384,1,1,273,10,【jk制服】夏日制服穿搭/摄影分享
1213,http://www.bilibili.com/video/av86895241,0,8,273,2,‖Lolita种草‖看一眼便爱上
1214,http://www.bilibili.com/video/av86790385,0,4,273,2,宝藏古着店
1215,http://www.bilibili.com/video/av87710254,1,4,272,0,停止购买这些愚蠢的奢侈品-Stop Buying These Stupid Luxury Items NOW
1216,http://www.bilibili.com/video/av87518730,0,1,269,1,Zara新款西装裤，一衣多穿，风格百变，可搭配衬衫毛衣卫衣，可盐可甜，可御姐可温柔，这种颜色女生一定要尝试一下，很惊喜哦 ！ 新款开箱。
1217,http://www.bilibili.com/video/av87446790,1,5,268,1,"Black tights ootd, black see-through dress - New Years Eve Outfits Try on haul -"
1218,http://www.bilibili.com/video/av88202671,1,5,266,10,【汉服辟谣】盘点7类淘宝随处可见、披着汉服之名的汉风服饰（非汉服）
1219,http://www.bilibili.com/video/av88017297,0,4,265,7,jk格裙入坑第二弹 兔姬舍·星野，身高162，裙长42cm，供参考
1220,http://www.bilibili.com/video/av87998521,48,9,265,4,平价帆布鞋合集
1221,http://www.bilibili.com/video/av86761723,0,15,265,4,【裤袜搭配#1】秋冬款加厚黑色连裤袜的搭配技巧
1222,http://www.bilibili.com/video/av87299407,2,5,262,3,白菜汉服安利（1）最低一套79，内含女款，男款，情侣款。
1223,http://www.bilibili.com/video/av86925022,0,2,262,3,[我的初投稿]Brandy Melville饰品开箱视频
1224,http://www.bilibili.com/video/av87507703,0,2,261,12,适合175cm身高的男生穿搭
1225,http://www.bilibili.com/video/av86804232,0,2,261,2,早春推荐～显腿长的穿搭方式，个子矮的男生很受用
1226,http://www.bilibili.com/video/av87140144,0,0,257,0,【YOUIS 】虽然春天已经来了，但看下韩国气质小姐姐的12套冬日穿搭吧（这位小姐姐完全不怕冷的说！）
1227,http://www.bilibili.com/video/av87244565,0,0,254,0,老王就喜欢这样穿
1228,http://www.bilibili.com/video/av88100037,0,28,253,2,【高跟鞋试穿#4】紫色高跟鞋&amp;紫色丝袜试穿
1229,http://www.bilibili.com/video/av87156857,1,4,253,7,新年特辑-Kapital和Dakyam
1230,http://www.bilibili.com/video/av88163800,0,0,252,5,苹果型矮胖真实测评陆小团团家爆款大衣
1231,http://www.bilibili.com/video/av87926672,1,0,252,0,早春穿搭～干净利落的男生穿衣搭配
1232,http://www.bilibili.com/video/av87651445,0,5,252,3,【复古风】Leflacon 维多利亚晨衣OP 茶礼服灵感穿搭
1233,http://www.bilibili.com/video/av87205366,0,11,252,3,【试穿】如何设计2020年的时尚趋势
1234,http://www.bilibili.com/video/av87773147,0,0,250,9,初春穿搭 cool girl
1235,http://www.bilibili.com/video/av87868156,0,3,249,4,【白菜汉服】汉服店铺折扣(二)她说汉家衣裳活动合集 对襟齐腰低至89.9
1236,http://www.bilibili.com/video/av87557690,4,10,249,7,【lolita安利】20条绝美神仙还白菜的lo裙来了！最低98！物有所值！
1237,http://www.bilibili.com/video/av86843353,0,26,249,2,韩版气质职场高跟鞋，每一双都很精致，令人惊艳！
1238,http://www.bilibili.com/video/av88206750,1,4,248,2,疫情在父母家翻出了五年前的衣服｜现在穿依旧很好看很fashion！
1239,http://www.bilibili.com/video/av88297250,2,3,247,3,【浅墨】汉服坑吐槽～山转正？转发安利？
1240,http://www.bilibili.com/video/av87812600,1,7,247,0,vlog│日常穿搭之平底鞋高跟鞋分享
1241,http://www.bilibili.com/video/av87749543,2,2,247,2,同款不同价的连衣裙
1242,http://www.bilibili.com/video/av86792536,0,18,247,0,jihee教大家穿衣服来了
1243,http://www.bilibili.com/video/av87695454,9,20,246,10,【丝袜评测】五款风格各异的网袜展示（160cm/59kg）
1244,http://www.bilibili.com/video/av86836946,1,3,246,2,手表 |100元以内就能买到超高颜值的表！学生党闭眼入
1245,http://www.bilibili.com/video/av88027972,47,16,245,38,2019最满意的5笔消费 | 最能提高生活幸福感的东西竟然10几块？？（有浮力）
1246,http://www.bilibili.com/video/av87447024,0,8,244,2,【时尚高跟鞋试穿#2】白色高防水台高跟鞋试穿效果
1247,http://www.bilibili.com/video/av87177618,0,1,244,3,年度爱用包包Top10
1248,http://www.bilibili.com/video/av88228802,0,0,243,9,真假aj1脏粉比拼
1249,http://www.bilibili.com/video/av88148869,0,3,243,3,Air Jordan 1  B Roll拍攝後製手法做開箱
1250,http://www.bilibili.com/video/av87911586,0,13,243,1,超级适合搭配cla系lo裙的lo鞋，均价150元左右的cla系lo鞋
1251,http://www.bilibili.com/video/av87843862,2,4,242,1,看韩剧学穿搭-李圣经《举重妖精金福珠》|卫衣穿搭模板
1252,http://www.bilibili.com/video/av87346621,1,6,242,6,【Lolita分享】暗星之岛——猫与猫op
1253,http://www.bilibili.com/video/av87340589,0,1,241,0,3m口罩真假鉴定方法
1254,http://www.bilibili.com/video/av87574673,0,0,240,0,矮个子偏瘦男生的穿搭指导，看到就学到
1255,http://www.bilibili.com/video/av87134857,0,3,240,10,#柚子的制服穿搭#【08】我想和你四季同椿~
1256,http://www.bilibili.com/video/av87945214,0,2,239,1,155斤胖mm的早春穿搭
1257,http://www.bilibili.com/video/av87958962,0,6,238,2,最近超级想见你，男朋友的毛衣这么穿
1258,http://www.bilibili.com/video/av87852596,0,14,238,2,【时尚内衣试穿#3】水蓝色吊带&amp;白色无肩带背心试穿效果
1259,http://www.bilibili.com/video/av87950038,41,7,237,11,#穿搭干货#  4种搭配风格 | 新的一年 穿出新感觉 | 男生时尚
1260,http://www.bilibili.com/video/av87367495,0,0,237,3,妈妈裤子 韩国
1261,http://www.bilibili.com/video/av87035501,0,1,237,0,马上要出门上班了，是时候比谁护目镜帅了
1262,http://www.bilibili.com/video/av86905990,0,1,237,2,【VIBE STATION】5万人民币的短裤是什么样子？？  村上隆READYMADE短裤
1263,http://www.bilibili.com/video/av87450175,0,4,235,0,【饼干搬运】【紫帆ちゃんねる】【Haul】GU&amp;fifth服饰购物分享！适合春天的穿搭！！
1264,http://www.bilibili.com/video/av87937817,1,1,234,1,神鞋回到未来到底是怎么炒起来的？今天带你回顾一下这双鞋子的前因后果！
1265,http://www.bilibili.com/video/av87609943,0,1,234,3,【汉服开箱】新年新衣：十三余 花鸟行吟马面裙+池夏 玉兰辞对襟短袄。高期待的马面炸褶了，不抱希望的上袄却意外好看？
1266,http://www.bilibili.com/video/av87384136,0,3,233,10,淘宝探店|马切达工作室|上身超A的日系工装风穿搭，搭配出N种帅气风格，男女生均可！
1267,http://www.bilibili.com/video/av87477584,0,4,232,4,【白菜汉服】低至79一件～还有定制的哟
1268,http://www.bilibili.com/video/av88058916,0,14,231,0,时尚博主玛丽莲优素福 大红色连衣裙
1269,http://www.bilibili.com/video/av87414072,3,15,229,8,初投稿|罗圈腿适合骑士靴还是过膝靴?
1270,http://www.bilibili.com/video/av87309246,0,3,229,2,Lolita合集
1271,http://www.bilibili.com/video/av87199015,0,2,229,3,早春穿搭～显瘦的一条百搭牛仔裤！超赞
1272,http://www.bilibili.com/video/av88163807,9,8,226,9,服饰分享 | 为宅在家的你准备好了一份购物清单
1273,http://www.bilibili.com/video/av87589310,0,0,225,1,100多斤的姑娘如何把不到200米的裙子穿出2000米的气场来
1274,http://www.bilibili.com/video/av87350078,1,0,225,5,名牌奇葩包包吐槽大会
1275,http://www.bilibili.com/video/av88088765,0,0,223,4,【试穿】直播试穿各种无缝紧身裤
1276,http://www.bilibili.com/video/av87479844,0,2,222,6,黑椒汁
1277,http://www.bilibili.com/video/av87476972,0,3,222,0,炸 街 鞋
1278,http://www.bilibili.com/video/av86972930,0,16,222,2,【裤袜搭配#6】Wolford时尚丝袜开箱评测穿搭
1279,http://www.bilibili.com/video/av87242427,0,5,221,3,真·潮流合伙人！| 聊聊Nike future sport forum 发布的单品
1280,http://www.bilibili.com/video/av86724836,15,4,221,19,美女披麻袋也好看 | 超级A的欧美系美女 | 柜秘 #4
1281,http://www.bilibili.com/video/av87589123,0,0,219,5,Dunk Low Plum
1282,http://www.bilibili.com/video/av87061152,0,2,216,1,炸街系列AJ11满天星开箱
1283,http://www.bilibili.com/video/av87725049,0,13,215,0,低至79的白菜汉服安利
1284,http://www.bilibili.com/video/av87901375,1,5,213,8,【穿搭】溜肩应该怎么穿？ | 还能露肩吗？| 平口？吊带？T-shirt？| 被群嘲后越挫越勇的牛奶家日常
1285,http://www.bilibili.com/video/av87337467,0,0,213,0,153系穿搭 | 嘿，姐妹！你要的百搭款又来啦～
1286,http://www.bilibili.com/video/av87601642,0,1,212,2,包包合集｜7款学生党不容错过的百元内平价小众包包推荐
1287,http://www.bilibili.com/video/av87585019,0,4,212,4,【JK】 小裙子配常服的春季穿搭
1288,http://www.bilibili.com/video/av87281632,0,2,212,0,【Michelle Choi】ins上IT女孩的审美转变史（不知翻译的是否准确，见谅哈）
1289,http://www.bilibili.com/video/av87012629,0,1,212,1,ag家的cla系小裙子开箱视频 真香 素颜靓仔在线转圈
1290,http://www.bilibili.com/video/av86829433,12,6,212,3,价值1万的年货包裹大开箱！跨越太平洋，零食 | 衣服 | 母婴 | 美瞳 | 杂七八
1291,http://www.bilibili.com/video/av86948955,0,5,211,0,快来get好看的穿搭配色
1292,http://www.bilibili.com/video/av87970820,3,0,210,8,球鞋干货！渠道裸鞋大讲解，空军一号丝绸系列的渠道真的有吗？防坑指南，AJ 空军帮你避免被坑
1293,http://www.bilibili.com/video/av88171839,3,14,206,0,【高清 1080P】“腿精”杨幂的广告合集 [这就是“臭脚”的来源么？]
1294,http://www.bilibili.com/video/av86910704,0,2,206,2,来自飞马36的踩屎感
1295,http://www.bilibili.com/video/av87176641,0,1,205,1,米米在小也能变大
1296,http://www.bilibili.com/video/av87538264,1,5,204,9,【阴中聚迷惑】 艺术学院的小哥哥们走秀
1297,http://www.bilibili.com/video/av87694908,0,2,202,0,【KIMRIZ】穿搭|济州岛的夜晚：春季针织衫、雪纺衫、连衣裙等
1298,http://www.bilibili.com/video/av87613325,37,18,202,3,【电视剧穿搭】郑合惠子&lt;夏至未至&gt;57套服饰剪辑
1299,http://www.bilibili.com/video/av86980445,1,24,202,3,【裤袜穿搭#7】黑色连裤袜开箱评测穿搭
1300,http://www.bilibili.com/video/av88163395,0,24,201,1,MY FIRST EVER TRY ON HAUL ! | Fashion nova
1301,http://www.bilibili.com/video/av88312699,0,7,200,2,【球鞋】Jeff Staple回忆当年发售Nike Pigeon Dunk鸽子时候的疯狂！
1302,http://www.bilibili.com/video/av88240998,1,1,200,5,147cm/78斤小个子女生早春复古花朵穿搭
1303,http://www.bilibili.com/video/av86907503,0,0,200,3,刚玩B站，大家多多支持以后会开更多球鞋。
1304,http://www.bilibili.com/video/av86841777,0,9,199,0,【minyoung_aori】穿搭：ABLY品牌购物分享
1305,http://www.bilibili.com/video/av87526146,0,7,198,0,【Next in Fashion】时尚的未来 Alexa Chung 钟小姐 &amp; Tan France Swap Phones in CELL MATES
1306,http://www.bilibili.com/video/av87191432,2,5,198,7,【糍粑少女秀芹】穿搭小技巧第二期|梨形身材小个子女孩的显高藏肉秘诀
1307,http://www.bilibili.com/video/av86753682,17,9,198,16,【Samuel】要想红包收得多 帅气穿搭不能少 2020新年穿搭特辑
1308,http://www.bilibili.com/video/av87838150,0,1,197,1,半五十的球鞋狂魔，愛鞋分享~
1309,http://www.bilibili.com/video/av87911965,0,6,196,12,【韦恩手表】用精工的价钱可以买一块卡地亚你信吗？（有字幕）
1310,http://www.bilibili.com/video/av87881676,0,2,194,2,【汉服安利】马面裙的N种穿搭第一期 明制马面永远都不会错
1311,http://www.bilibili.com/video/av87526476,0,1,194,1,我的包包里有什么2-翻包记
1312,http://www.bilibili.com/video/av88054381,0,2,192,2,BM girl｜Brandy Melville 158cm 女孩开箱测评
1313,http://www.bilibili.com/video/av87781909,0,0,192,0,153系穿搭 | 早春这样穿，就好像一包跳跳糖撒在心里～
1314,http://www.bilibili.com/video/av86791709,0,1,192,1,off-white nike dunk pine green 白绿 开箱X测评
1315,http://www.bilibili.com/video/av88284445,1,27,191,1,看美女是怎么搭配紧身裤
1316,http://www.bilibili.com/video/av88074530,2,5,191,2,2019上海汉服摄影群，年会随拍
1317,http://www.bilibili.com/video/av87782944,0,0,191,0,接上一条匡威70百搭一直被模仿从未被超越！匡威不愧是帆布鞋老大
1318,http://www.bilibili.com/video/av86840620,1,20,191,4,30元JK制服领带店推荐/情人节买什么 购物分享 萌新必看 第比利斯的雨白金之星 潘特维拉
1319,http://www.bilibili.com/video/av87789444,1,7,190,2,【叶子】私藏淘宝店铺分享之适合甜酷女孩的平价店铺~唠嗑向｜一起云逛街叭~
1320,http://www.bilibili.com/video/av87574926,0,1,187,0,显腿瘦的裤子～适合偏胖男生的搭配
1321,http://www.bilibili.com/video/av88270615,0,16,186,6,恕我直言~200以下的小裙子都是“垃圾”！还99？快来反驳我吧！
1322,http://www.bilibili.com/video/av87834878,0,17,186,0,时尚博主玛丽莲优素福 连衣裙配高跟鞋
1323,http://www.bilibili.com/video/av87591666,28,5,186,7,男生买包分享2—我在2019年下半年所买的包（MCM｜Nike｜ASSC｜UR｜ZARA｜alexanderwang｜Giambattista Valli｜DC
1324,http://www.bilibili.com/video/av87574447,0,0,186,0,体重160斤左右的男生休闲穿搭
1325,http://www.bilibili.com/video/av87265051,0,0,186,3,【安幼贤】140斤巨型lo娘的正片发型记录
1326,http://www.bilibili.com/video/av87127525,0,5,185,0,[Lizzy Hadfield]基础款测评 - 西裤 | Q&amp;A
1327,http://www.bilibili.com/video/av87958126,0,4,183,4,【落笔成衣】当设计图变成衣！这是你们心中的白龙马吗？
1328,http://www.bilibili.com/video/av87585554,0,1,183,13,160，110斤梨形猪精本命年显瘦穿搭2|twice狂粉热舞feel special
1329,http://www.bilibili.com/video/av87321707,0,1,183,2,我不但可爱，而且可爱你啦
1330,http://www.bilibili.com/video/av87429907,0,1,181,4,以啤酒肚为灵感设计的鞋？一双值得收藏的小众联名鞋款
1331,http://www.bilibili.com/video/av86983788,0,3,181,2,[即墨】流风回雪 十三余汉服开箱
1332,http://www.bilibili.com/video/av86929064,0,2,181,0,盘点那些神仙古风娃衣
1333,http://www.bilibili.com/video/av88112780,0,6,180,3,【lolita】正在预约中的白菜lo裙
1334,http://www.bilibili.com/video/av86996178,1,4,177,17,[羊毛日记] EP02 flight89 值得拥有！！460元入手AJ4兄弟款！还是芝加哥配色哦！
1335,http://www.bilibili.com/video/av88289783,3,2,176,6,【极简生活】鞋子合集 | 十双鞋过四季
1336,http://www.bilibili.com/video/av88272356,1,1,176,3,高一狗的鞋柜里有什么？！平价种草（内含目前大致售价）
1337,http://www.bilibili.com/video/av86876642,0,1,176,0,你一转身，群芳失色。
1338,http://www.bilibili.com/video/av87482977,0,1,175,1,潮鞋?
1339,http://www.bilibili.com/video/av87318824,0,2,175,10,【jk格裙】草莓喵喵屋的绝美黑格(?￣? ?? ￣??)
1340,http://www.bilibili.com/video/av87525544,1,6,174,4,"【19年最爱/最想吐槽的鞋】干货测评/Gucci拖鞋/Bally/Yeezy椰子350,700/LV小白鞋/华伦天奴小白鞋/Dior帆布鞋/UGG雪地靴"
1341,http://www.bilibili.com/video/av87735173,0,0,173,1,换个汉服继续臭美
1342,http://www.bilibili.com/video/av86523357,0,11,173,1,这就是男人想要的肥美吗？幻想金莲cosplay
1343,http://www.bilibili.com/video/av87110901,0,1,172,0,[Lizzy Hadfield]Vlog - 护肤 x 参观卧室
1344,http://www.bilibili.com/video/av87785763,0,0,171,0,小姜老师的耳环和项链！
1345,http://www.bilibili.com/video/av88222990,0,4,170,4,学生党盘点一年入手的十双球鞋，不盲目从众适合自己的才是最值得的
1346,http://www.bilibili.com/video/av87143116,0,3,170,3,一衣多穿，贫民窟女孩的自我修养哈哈
1347,http://www.bilibili.com/video/av86969436,0,0,170,1,超美aj1，Jordan说要让aj设计的让人们在婚礼也能穿上
1348,http://www.bilibili.com/video/av88292680,0,100,169,0,史上最酷国潮穿搭分享？SMFK凭什么承包半个娱乐圈？
1349,http://www.bilibili.com/video/av87814572,0,0,169,1,韦德之道5市旗在闪光灯下的效果。炸裂！
1350,http://www.bilibili.com/video/av87738715,2,1,169,5,【Lolita开箱】和基友一起开箱ZJ家的宝石茶会是什么沙雕体验??拥有的第一条绝美花嫁超出预期且温柔优雅!
1351,http://www.bilibili.com/video/av87404137,1,3,169,8,兆淇的日常//20块钱买大衣？韩国古着去哪买？｜韩国vintage购物分享｜东庙市场真的有那么好逛？
1352,http://www.bilibili.com/video/av87862957,0,7,167,0,玛丽莲优素福 一个小片段
1353,http://www.bilibili.com/video/av87601591,0,2,167,0,【咪妃】今天穿什麼?!三分鐘看七套一周穿搭!暖春篇 VOL.08
1354,http://www.bilibili.com/video/av87068360,0,3,167,6,24条lolita小裙子 甜甜甜！
1355,http://www.bilibili.com/video/av87055227,0,2,167,4,Gallery Dept 2020最火牛仔裤 为什么Virgil不穿LV天天穿它？（含购买方式+LA实体店购物分享）
1356,http://www.bilibili.com/video/av86971596,0,3,167,0,2020年的开春百搭服装推荐
1357,http://www.bilibili.com/video/av88176029,4,2,166,7,元年二手也能买到假鞋？不谨慎翻车是必然
1358,http://www.bilibili.com/video/av87913722,0,3,166,3,【Lailli Mirza】莱莱和Alizey一起分享情人节约会穿搭啦！
1359,http://www.bilibili.com/video/av87642217,0,1,166,2,如果甩头有段位！
1360,http://www.bilibili.com/video/av87546218,0,1,166,0,Zara 开箱视频｜新款水果系列饰品太美太有趣
1361,http://www.bilibili.com/video/av87480630,0,0,166,3,Yeezy Boost 350 Turtledove
1362,http://www.bilibili.com/video/av87655883,2,5,165,12,Vol | 1. 可盐可甜春天穿搭|西装外套|卫衣|连衣裙|机能马甲|百搭帆布鞋
1363,http://www.bilibili.com/video/av87155292,0,0,165,6,165 53kg穿搭短视频 又纯又欲初春搭配 等疫情过去了就这样穿出去逛gai吧
1364,http://www.bilibili.com/video/av87148769,0,0,165,0,新买的小镜子啊哈
1365,http://www.bilibili.com/video/av87975178,2,2,164,1,Zara试衣间 2020春季印花裙合集
1366,http://www.bilibili.com/video/av87709601,0,0,164,0,560块钱买的aj1黑曜石，看着怎么样
1367,http://www.bilibili.com/video/av87036889,0,16,164,0,HOT MIAMI STYLES 2020 HAUL
1368,http://www.bilibili.com/video/av87714546,0,11,163,4,【丝袜评测】五款风格各异的网袜展示_手机竖屏版（160cm/59kg）
1369,http://www.bilibili.com/video/av86921803,0,1,163,2,2020年不置衣计划第十二集淘宝开箱意大利手工鞋
1370,http://www.bilibili.com/video/av87676978,7,0,162,8,#vlog#初三学生对球鞋市场的个人看法
1371,http://www.bilibili.com/video/av86933610,0,1,162,2,究竟一双鞋能有多百搭？
1372,http://www.bilibili.com/video/av86902600,0,2,162,1,LOOKBOOK#2020春季日常穿搭#准备好了吗
1373,http://www.bilibili.com/video/av87160529,1,3,161,4,#豆蔻心动混剪#
1374,http://www.bilibili.com/video/av88027688,0,4,160,6,早春季节
1375,http://www.bilibili.com/video/av88009326,0,0,160,2,153穿搭系 | 妈妈和男朋友竟然想让我这样穿？最后才是我嘛～
1376,http://www.bilibili.com/video/av87915459,0,0,160,2,咸鱼某人的出簪视频，有发簪、发夹、璎珞、发冠。霸气的、可爱的、温柔的、调皮的都有(?? ??)‥?各种各样，以及还有没录制上的囤货哦，有看上的私信。(?｀∧′)
1377,http://www.bilibili.com/video/av87129625,0,1,159,6,分享衣服+穿搭
1378,http://www.bilibili.com/video/av88217723,1,2,158,3,lolita裙安利：三条200r以下正处于预约期的jsk！
1379,http://www.bilibili.com/video/av88055196,0,0,158,2,闪击6的塑料管可以当吸管用吗？
1380,http://www.bilibili.com/video/av87972994,0,4,158,4,魏晋武侠风（？）小姐姐我又来了  真的懒得重新剪了 直接发之前剪好的吧【大过年真的好无聊哦】
1381,http://www.bilibili.com/video/av87698198,0,4,158,1,【MsRosieBea】大型服饰购物试穿现场
1382,http://www.bilibili.com/video/av88281354,0,3,157,1,优衣库穿搭合辑 | Uniqlo Look
1383,http://www.bilibili.com/video/av88202414,0,3,157,0,[Lizzy Hadfield]月度时尚报告 Monthly Fashion Report | January 2020
1384,http://www.bilibili.com/video/av88044936,0,0,157,3,舞者的穿衣指南第二期
1385,http://www.bilibili.com/video/av87505620,0,3,157,7,AJ1×OFF WHITE联名三剑客 芝加哥 北卡蓝 欧洲限定 欢迎大神来比划比划。
1386,http://www.bilibili.com/video/av86787129,5,4,157,1,【鞋述特辑】回 到 未 来 的圣诞 ！？Nike Apapt BB Back to the Future
1387,http://www.bilibili.com/video/av87928336,1,3,156,0,一个普通高三学生每天都穿什么鞋?
1388,http://www.bilibili.com/video/av87520603,0,3,156,0,（英字）【山本月 / Runa Yamamoto】樱花妹纸的包包合集（dior、Chanel、fendi、chole.....）
1389,http://www.bilibili.com/video/av87097816,0,0,155,2,[1688购物分享] [平价学生党系列]均价2块的耳环和项链值不值得买！两字，超值！！！
1390,http://www.bilibili.com/video/av86991902,1,1,154,0,聊天永远不让我结尾的人真的太好了 
1391,http://www.bilibili.com/video/av86955875,2,2,154,2,大码穿搭_优雅又不失休闲的一组
1392,http://www.bilibili.com/video/av87953868,0,0,153,0,干嘛嘴里要塞颗糖
1393,http://www.bilibili.com/video/av87528977,1,0,153,0,第一次我，说什么都生硬，不能软一点吗
1394,http://www.bilibili.com/video/av87870549,8,5,152,8,【咪咪】lolita搭配日记#3粉与黑的优雅盛宴/悠尼蒂鹿芙蕾雅之忆蕾丝版的拍摄记录
1395,http://www.bilibili.com/video/av87726372,0,1,152,0,黑透肤打底裤，暖暖的，好漂亮！告诉你怎么样搭配好看！
1396,http://www.bilibili.com/video/av87611381,0,2,152,2,超好康的lolita罩裙！白菜至55元！确定不来一件吗？
1397,http://www.bilibili.com/video/av87411709,0,0,150,3,白菜簪，大甩卖啦，走过路过不要错过啊！
1398,http://www.bilibili.com/video/av87944340,0,6,149,0,【百年时尚】婚纱演变史～
1399,http://www.bilibili.com/video/av87247759,0,4,149,7,短发初尝试JK制服
1400,http://www.bilibili.com/video/av87164771,0,2,149,0,[Lindsey Holland]英国时尚博主的Missoma饰品搭配
1401,http://www.bilibili.com/video/av87157149,18,2,149,6,越糊越美丽！90s的领带透着浓浓的时代感，90代的我们告别老式电视机还将告别什么？
1402,http://www.bilibili.com/video/av87467629,0,0,148,2,等疫情过去了你最想去哪？鞋哥要去海边，穿着椰子踩着沙滩，体验双倍踩shi感，哈哈哈哈哈！
1403,http://www.bilibili.com/video/av87346441,0,0,148,0,谦谦同款蛇骨链
1404,http://www.bilibili.com/video/av87574071,0,0,146,0,170cm男生的街头工装风格穿搭
1405,http://www.bilibili.com/video/av87980855,2,3,145,1,【中字】Niki&amp;Gabi低成本重现A妹和碧梨2020格莱美穿搭|Recreating Billie and Ariana&#39;s 2020 Grammy Look
1406,http://www.bilibili.com/video/av87124942,1,1,145,1,奢侈品柜姐穿什么？超强员工福利大公开！
1407,http://www.bilibili.com/video/av86918901,0,0,145,0,怪奇物语联名nike
1408,http://www.bilibili.com/video/av88303651,1,2,143,1,150cm/体重不详（预估58kg左右）穿搭
1409,http://www.bilibili.com/video/av88089224,0,10,143,1,【时尚内衣试穿#4】米黄色编织吊带内衣试穿效果
1410,http://www.bilibili.com/video/av86875385,1,0,143,7,买买买也要简单高效！同款不同色也可以过冬！
1411,http://www.bilibili.com/video/av87308615,3,23,142,5,【趣味古着VINTAGE】日常穿搭/古着感/有趣/拒绝撞衫/复古/质感
1412,http://www.bilibili.com/video/av87778163,0,1,141,8,猛男不该穿粉鞋？？
1413,http://www.bilibili.com/video/av87410609,0,8,141,1,少年，来撸铁吗？看看我家的阵容！『健身少女cosplay』
1414,http://www.bilibili.com/video/av86967069,0,0,141,3,时尚穿搭 潮流球裤爱了
1415,http://www.bilibili.com/video/av87454862,0,0,140,0,Tiffany 项链开箱碎碎念 加字幕真的好累哦
1416,http://www.bilibili.com/video/av87358374,0,0,140,7,解药潮玩评测：air jordan 11 AJ11大灌篮真假鉴定原盒开箱
1417,http://www.bilibili.com/video/av87161958,0,0,140,0,“想成为你一抬头，就会嘴角上扬的小窃喜”
1418,http://www.bilibili.com/video/av88185683,0,0,139,2,1807ganggang这才是街头！
1419,http://www.bilibili.com/video/av87798768,1,13,139,5,【阿宁】低至30元的vintage哪里淘？！8个你绝不可错过的泰国小众古着店看这里！| 泰国vintage购物分享 | 古着搭配 | 复古时尚女孩
1420,http://www.bilibili.com/video/av87788699,0,0,139,0,flytrap2 这形变不敢恭维
1421,http://www.bilibili.com/video/av87060143,0,0,139,0,Daily Look | 有关花西装的答疑解惑
1422,http://www.bilibili.com/video/av87804164,0,3,138,6,入坑三年大码娘最常穿着的裙子——摩罗双子 瞎裁
1423,http://www.bilibili.com/video/av87481076,0,0,138,3,福袋樱花玛瑙20件吐血价99包邮
1424,http://www.bilibili.com/video/av87377971,0,2,138,2,一周不洗头|帽子大合集
1425,http://www.bilibili.com/video/av87245288,0,2,138,0,包包合集｜爱用平价Mini小包包
1426,http://www.bilibili.com/video/av86925968,0,0,138,4,非簪娘白菜价出簪回血    快来买我呀~
1427,http://www.bilibili.com/video/av87373700,0,0,137,1,匡威拆箱｜欧阳娜娜同款
1428,http://www.bilibili.com/video/av87155019,1,1,137,2,【黑+粉】高冷沉稳的黑色搭配明亮甜美的粉色 刚柔结合 不一样的温柔
1429,http://www.bilibili.com/video/av88041392,0,0,136,0,我现在对帅哥不感兴趣了，不信你退几个给我试试
1430,http://www.bilibili.com/video/av87563823,0,0,136,1,153系穿搭 | 嘿，姐妹！我又来啦，想要一件衣服做到风格多变怎么穿？点进来～
1431,http://www.bilibili.com/video/av87355636,0,6,135,0,Lolita安利鞋子篇2
1432,http://www.bilibili.com/video/av87105166,0,0,133,0,没有耳洞怕什么，耳夹一样美出新高度
1433,http://www.bilibili.com/video/av86784905,0,0,133,0,日常服饰＃闲置＃我以前最爱的衣服
1434,http://www.bilibili.com/video/av87287745,0,3,132,0,实用舒适又简约 开工必备的四套小西装分享
1435,http://www.bilibili.com/video/av87180002,4,1,132,4,PINK PIG日常穿搭｜卫衣衬衣西装合集｜初春搭配｜Brandy Melviile｜学生ootd｜
1436,http://www.bilibili.com/video/av87335253,1,4,131,3,LOOK春季穿搭/这个春天要紫色出圈！
1437,http://www.bilibili.com/video/av87316513,0,0,131,1,分享我的100双球鞋2，超级经典的Aj11黑红
1438,http://www.bilibili.com/video/av87434681,0,2,130,6,媛儿的秋冬穿搭VLOG
1439,http://www.bilibili.com/video/av86882591,0,0,130,1,喜欢私我、顺丰包邮
1440,http://www.bilibili.com/video/av88150676,0,3,128,1,【二月上新jk制服】超多现货格裙 看到就是赚到！！
1441,http://www.bilibili.com/video/av87766790,0,0,128,0,戴发带的JOY！又甜又酷的复古时尚感！
1442,http://www.bilibili.com/video/av87389791,1,2,128,1,【党妹×芒种】党妹盛世美颜心动混剪！
1443,http://www.bilibili.com/video/av88282827,0,1,127,3,Brandy Melville 购物分享（隔离在家的第一支vlog)
1444,http://www.bilibili.com/video/av87093543,0,1,127,0,JK制服   入坑2年内心以如老年人。
1445,http://www.bilibili.com/video/av86795947,0,2,127,0,快时尚品牌包合集200-400元/小CK/UR/ZARA/NINEWEST/
1446,http://www.bilibili.com/video/av87545952,0,1,126,0,实用好搭配的包包分享（1）
1447,http://www.bilibili.com/video/av87271732,0,0,126,0,[beauty小姐]大型服装促销现场，像极了我们在商场逛街的样子，欧阳娜娜好可爱啊
1448,http://www.bilibili.com/video/av87965808,1,4,125,1,【jk】二月格裙上新｜炒鸡好康的小裙子 确定不来一条嘛
1449,http://www.bilibili.com/video/av87766824,0,0,125,0,aj4
1450,http://www.bilibili.com/video/av87462186,0,0,125,0,ub新配色，你爱了吗(?°з°)-?
1451,http://www.bilibili.com/video/av87421943,0,7,125,2,装饰艺术的点睛之物——Jabot
1452,http://www.bilibili.com/video/av87880300,0,2,124,1,七夕节情侣穿搭指南｜168女 183男 ｜情侣卫衣穿搭 #情人节不隔离爱#
1453,http://www.bilibili.com/video/av87319210,0,0,124,0,【jk制服开箱】
1454,http://www.bilibili.com/video/av87007802,0,2,124,5,时装设计师揭密西装内幕/买它不踩雷
1455,http://www.bilibili.com/video/av88031957,0,1,122,4,壕气！好好的Aj被这么蹂躏！万幸，还挺好看的
1456,http://www.bilibili.com/video/av87596994,0,1,122,0,Ttaeng|宅在家无聊 要不和我一起玩穿搭吧
1457,http://www.bilibili.com/video/av87472618,0,2,122,0,【仙女必备】2020年买的第一双帆布鞋
1458,http://www.bilibili.com/video/av87341211,0,5,122,1,平价lo鞋，白菜又好看
1459,http://www.bilibili.com/video/av87184757,0,0,122,0,矮子女大学生最爱的快时尚品牌??第一名你绝对没听过
1460,http://www.bilibili.com/video/av87031474,0,0,122,0,jk 格裙
1461,http://www.bilibili.com/video/av86916541,0,2,122,6,MELLCHIC买手店2020开年短片｜约10小时拍摄｜小成本宣传片
1462,http://www.bilibili.com/video/av87016293,0,11,121,0,胶衣摄影2
1463,http://www.bilibili.com/video/av86874839,0,0,121,0,淘宝探店-春秋冬平价小众小香风外套百搭
1464,http://www.bilibili.com/video/av87204763,0,0,120,0,《我不是购物狂》孟子义 时尚穿搭 每一件都美美哒
1465,http://www.bilibili.com/video/av87611229,2,7,119,5,年度古风+Lolita的一键换装合集，久违了我的小伙伴们~
1466,http://www.bilibili.com/video/av87573373,0,3,119,17,【白菜汉服鞋子】最低只要八元包邮 绣花弓鞋只要14还包邮
1467,http://www.bilibili.com/video/av86909798,0,0,119,1,新人，各位大佬多多支持
1468,http://www.bilibili.com/video/av87705828,0,0,118,1,椰子350
1469,http://www.bilibili.com/video/av87578037,0,2,118,5,白菜汉服！贫民窟女孩也可以拥有的比甲还在等什么！！！
1470,http://www.bilibili.com/video/av87049452,2,1,118,2,西装测评探店试穿
1471,http://www.bilibili.com/video/av86805431,0,2,118,2,+Katherine+ 关于最近买的一些brandy melville /quicklook
1472,http://www.bilibili.com/video/av88350905,1,3,117,3,黑鲨鱼灰鲨鱼 千元左右理财dunk
1473,http://www.bilibili.com/video/av88044627,3,3,117,5,无滤镜三里空山太子悦神试穿
1474,http://www.bilibili.com/video/av87807513,0,0,117,6,梦古三千汉服
1475,http://www.bilibili.com/video/av87410203,0,1,117,4,157/90微胖小个子显高显瘦/马丁靴春夏秋冬穿搭
1476,http://www.bilibili.com/video/av87197483,0,0,117,0,韩国购物开箱视频第三集——小物件与服饰篇，来啦。line friends /MLB/Olive young /EVISU/ADLV/Aland~买它！
1477,http://www.bilibili.com/video/av88327117,2,5,116,6,风星 | 开箱试穿 | 某一天，我收到了一箱Lo裙……
1478,http://www.bilibili.com/video/av88116139,0,0,116,1,真180买的空军大家看怎么样
1479,http://www.bilibili.com/video/av87603814,0,2,116,0,本周钻石欣赏！我的天那，都是土豪级别的大克拉钻石！
1480,http://www.bilibili.com/video/av87505654,0,0,116,0,美美的韩系穿搭，集美们看一下
1481,http://www.bilibili.com/video/av87485248,0,0,116,2,樱花玛瑙小高福袋99包邮
1482,http://www.bilibili.com/video/av87193166,1,0,116,0,OOTD｜158矮个子星人穿搭分享之 好看的毛衣合辑！第一次录视频 希望大家喜欢～
1483,http://www.bilibili.com/video/av87151728,0,1,116,4,2019最爱穿搭／今年亚历山大的风有点大哦
1484,http://www.bilibili.com/video/av87112956,6,2,116,2,(无矿) 一个高中生的所有战靴
1485,http://www.bilibili.com/video/av88316644,0,19,115,2,【试穿】 Beatriz Oruê 喜欢的小裙子
1486,http://www.bilibili.com/video/av86980700,0,0,115,0,【笛子】汉服搭配实验（含卫衣毛衣混搭汉服）
1487,http://www.bilibili.com/video/av86961425,0,1,115,0,【好物分享】ZARA新品&amp;折扣分享-1
1488,http://www.bilibili.com/video/av86881991,0,0,115,5,【一个软胖胖】小个子秋冬穿搭
1489,http://www.bilibili.com/video/av86861077,0,0,115,1,清新简约风大容量学生党15.6寸电脑包大学生书包种草
1490,http://www.bilibili.com/video/av86845132,87,6,115,1,【羽斯】原创【汉服发型】手残党福音 宋制发型
1491,http://www.bilibili.com/video/av86817242,0,4,114,2,入坑指南?版型靠谱明制汉服店铺推荐！
1492,http://www.bilibili.com/video/av86792743,0,0,113,0,【汉服开箱第一弹】宅家里不如看个开箱？又是被微博up种草的一套汉服！
1493,http://www.bilibili.com/video/av88350920,0,9,112,1,【美女博主】韩国小姐姐rooseoin-从冬天到春天的时尚穿搭分享
1494,http://www.bilibili.com/video/av87995745,0,0,112,1,大四女生部分球鞋分享/Nike×Sacai/aj1/adidas eqt/匡威/aj4
1495,http://www.bilibili.com/video/av87714006,0,0,112,2,被严重低估的匡威联名鞋1970 P.A.M.联名
1496,http://www.bilibili.com/video/av87448972,0,0,111,2,初三普通球鞋文化小学生
1497,http://www.bilibili.com/video/av87324280,0,4,111,0,…摸索中
1498,http://www.bilibili.com/video/av87120830,2,3,111,7,Ahooiii | 入冬后我买的5件外套 / 新年假期 / lookbook
1499,http://www.bilibili.com/video/av87043010,0,0,111,2,学生党开学季双肩包种草 街头时尚风拼接飘带款大容量书包推荐
1500,http://www.bilibili.com/video/av86898120,0,3,111,3,如何选择帅气的飞行夹克？？||2020早春飞行夹克集合/推荐
1501,http://www.bilibili.com/video/av86861382,1,1,111,5,开学穿搭| 小个子穿搭| 一衣多穿
1502,http://www.bilibili.com/video/av87623763,0,1,110,0,穿搭
1503,http://www.bilibili.com/video/av87404783,0,0,110,0,三代yeezy 椰子700对比一下，你最喜欢哪一代？
1504,http://www.bilibili.com/video/av87158260,0,0,110,0,潮图来了#1
1505,http://www.bilibili.com/video/av86797816,0,0,110,0,150/90左右上浮动中。腿粗微胖小个子矮个子春天显瘦显高穿搭。
1506,http://www.bilibili.com/video/av88047694,0,9,109,2,让她脱！
1507,http://www.bilibili.com/video/av87105086,0,2,109,5,【矢鸠拾镹】黑塔利亚王耀cos服制作过程
1508,http://www.bilibili.com/video/av86985163,0,0,109,1,NK Air Force 1 Shell WMNS 实拍
1509,http://www.bilibili.com/video/av87766298,1,2,108,0,新型肺炎期间在家呆着都做些什么lolita超（高亮）粗糙开箱+试穿胡桃鹿融心巧克力
1510,http://www.bilibili.com/video/av87664527,0,0,108,1,【jk制服】第一次画格裙有成就感，还没有起名字
1511,http://www.bilibili.com/video/av87457104,0,0,108,2,态极一周年
1512,http://www.bilibili.com/video/av87393712,0,15,108,8,b站首发dk制服店铺大汇总
1513,http://www.bilibili.com/video/av86732635,0,0,108,0,Vlog512工作日常：开箱和保养一只So-Kelly26大象灰
1514,http://www.bilibili.com/video/av87892400,0,4,107,0,【VANESSA PUR】vanessa的豪华套房之旅（肉色连裤袜高跟）720p
1515,http://www.bilibili.com/video/av87774048,0,4,107,4,【汉服私影-绯棠】武汉去年的春天
1516,http://www.bilibili.com/video/av87428494,0,1,107,3,全球潮流合伙人，你真的了解么？
1517,http://www.bilibili.com/video/av86888801,2,2,107,1,【”良“心推荐 】- 日本著名时尚帆布鞋 *对宽慰Converse致敬
1518,http://www.bilibili.com/video/av87563493,0,1,106,0,【T.I.E】穿搭系列-1 MAXMARA羊绒大衣 一周7套不同风格穿搭灵感
1519,http://www.bilibili.com/video/av87325993,0,2,106,1,【MAMAMOO】LOOK BOOK
1520,http://www.bilibili.com/video/av87113236,0,1,106,0,仙女必备款
1521,http://www.bilibili.com/video/av88115881,0,0,105,0,校园风～早春男生青春阳光的穿衣搭配
1522,http://www.bilibili.com/video/av88031102,0,0,105,0,今年平价入的部分球鞋
1523,http://www.bilibili.com/video/av87805448,0,1,105,7,【汉洋折衷】鱼尾裙显胖？no！跟着up穿身材不好也不怕！
1524,http://www.bilibili.com/video/av87609386,0,0,105,0,【Rebecca】初投稿视频 大学生穿搭分享/BrandyMelville/冠军/阿迪达斯
1525,http://www.bilibili.com/video/av87531957,0,0,105,6,我常常因为我的腿不够瘦而感到和你们格格不入
1526,http://www.bilibili.com/video/av87367258,0,0,105,0,妈妈服饰
1527,http://www.bilibili.com/video/av86821552,0,0,105,2,这款水貂绒外套洋气时尚显年轻，一卖就是两三件……
1528,http://www.bilibili.com/video/av87773090,0,2,104,0,（英字）【SangAhTube】韩国女生的冬季外出穿搭（浓浓的韩系风）
1529,http://www.bilibili.com/video/av87263108,0,0,104,0,精分美少女自闭家中快被逼疯！挖出年前vlog细品，发现了离奇的一幕！
1530,http://www.bilibili.com/video/av87169663,0,3,104,2,【Vlada Roslyakova】出席Amfar的俄罗斯仙女
1531,http://www.bilibili.com/video/av86837564,0,1,104,0,发现一款超级超级潮流的运动裤，里面有哪咤三头六臂的绣花，真的好棒啊
1532,http://www.bilibili.com/video/av88230500,0,3,103,1,日常古风，蕾丝款塑型平衡袜超级有质感喔
1533,http://www.bilibili.com/video/av88115797,1,0,103,0,治愈穿搭～专门治疗那些不会挑选衣服的男生们
1534,http://www.bilibili.com/video/av87972674,0,1,103,9,Brandy Melville和bershka购物分享
1535,http://www.bilibili.com/video/av87515165,4,11,103,11,【雑】LOLITA新年一周穿搭｜153小个子红色系穿搭分享｜元宵节快乐
1536,http://www.bilibili.com/video/av87346095,0,1,103,6,金有谦同款蛇骨链 安排！
1537,http://www.bilibili.com/video/av87143097,0,10,103,0,（英字）【ELLE JAPAN】日本混血模特大屋夏南的衣橱tour（百科了下，妹纸原来有172cm！）
1538,http://www.bilibili.com/video/av86860218,0,0,103,1,男士入春可穿第二弹
1539,http://www.bilibili.com/video/av87988389,0,3,102,0,最近外出的10套日常穿搭lookbook
1540,http://www.bilibili.com/video/av87553437,0,2,102,0,（英字）【Gemary 】最爱的5条高腰牛仔裤试穿报告（博主身型属于肩宽胯大腿粗类型，但个高脸小）
1541,http://www.bilibili.com/video/av87379736,0,0,102,0,Vlog515来货！超酷一只Birkin！
1542,http://www.bilibili.com/video/av86809926,0,2,102,4,几双个人认为实战性能比较好的球鞋，如果还有你的想法，请在评论区留言，勿喷
1543,http://www.bilibili.com/video/av87833571,0,1,101,1,NIKE Lebron 7 LBJ7 詹姆斯圣诞大战 篮球鞋 CU5133-600
1544,http://www.bilibili.com/video/av87795665,0,3,101,2,小个子百搭增高靴，穿了舍不得扔
1545,http://www.bilibili.com/video/av87772245,0,4,101,1,（英字）【INGHWA】韩国学生的春季校园穿搭//SPRING CAMPUS HAUL（适合大学生哦）
1546,http://www.bilibili.com/video/av87572709,0,1,101,3,元宵穿什么？白+蓝! 汉洋折衷更日常~
1547,http://www.bilibili.com/video/av87075278,0,1,101,0,wk！这就是鞋款的全部了
1548,http://www.bilibili.com/video/av86891289,0,1,101,0,（英字）【kinda cool】 纽约购物分享// FASHION HAUL
1549,http://www.bilibili.com/video/av87794237,0,0,100,6,超好看的黑色直筒牛仔裤 穿上去贼显瘦
1550,http://www.bilibili.com/video/av87299493,3,6,100,2,【Brian The Bootmaker】生肉转载全集 『Red Wing 8829 Resole』红翼8829翻新
1551,http://www.bilibili.com/video/av87283088,29,2,100,6,【肆木霁肆`】lolita 汉服 妹纸汉纸看 过 来 嘿嘿
1552,http://www.bilibili.com/video/av87210629,0,0,100,0,Kobe 4 Protro Carpe Diem
1553,http://www.bilibili.com/video/av87012839,0,0,100,0,TSAJ1倒钩low
1554,http://www.bilibili.com/video/av87811229,0,0,99,0,番长VV的意大利VLOG#3——牵着龙哥环游世界 ▏天堂般的陶尔米纳
1555,http://www.bilibili.com/video/av87596228,0,0,99,0,匡威1970
1556,http://www.bilibili.com/video/av87575732,2,5,99,6,翻箱倒柜找到自己的元年罗斯4.0 2020年你是否还会为他买单？
1557,http://www.bilibili.com/video/av87239937,1,1,99,3,衣橱互换|男穿女装？女穿男装？穿什么不重要，好看最重要！
1558,http://www.bilibili.com/video/av87013847,0,3,99,3,【JK日常】在家无聊，就把之前夏天穿jks的一些照片做了个视频～
1559,http://www.bilibili.com/video/av86792610,0,0,99,2,假期禁足家中的大明少女 一晚上撸了个造型 假期太无聊了 哭鸟~~
1560,http://www.bilibili.com/video/av87674525,0,2,98,1,穿搭｜178cm 53kg 衣柜大公开｜如何成为纸片人？第一步：买衬衫！！
1561,http://www.bilibili.com/video/av87628370,0,3,98,1,[lolita]猫咪幻想曲Lolita&amp;上新娘联合活动
1562,http://www.bilibili.com/video/av87410363,0,0,98,1,选对了耳饰相当于做了一次削骨手术【2】
1563,http://www.bilibili.com/video/av87338097,0,1,98,3,初笙原创汉服上古开箱视频
1564,http://www.bilibili.com/video/av88052314,0,3,97,14,风星 | 开箱 | 跟发小愉快拆包裹的周末之Day1
1565,http://www.bilibili.com/video/av87836954,0,3,97,6,Nike Zoom Pegasus 35 Turbo 彩虹开箱
1566,http://www.bilibili.com/video/av87795586,0,0,97,0,一百二十斤和一百斤差别有多大
1567,http://www.bilibili.com/video/av87777516,0,0,97,2,【lolita】小萌款摘星魔法到底翻车了吗？
1568,http://www.bilibili.com/video/av87196720,0,0,97,2,[熙装华服]尚老师和何老师的衣品真的是绝了，难怪企鹅熙又叫熙贵妃，这是只贵鹅，侵权立删
1569,http://www.bilibili.com/video/av87114927,0,0,97,1,户外运动时尚搭配必备的腕表之一。
1570,http://www.bilibili.com/video/av88151004,0,2,96,1,都说旗袍是上身丰满妹纸的穿搭神器～这期试了十二件不同款式的旗袍～大家可以最直观滴看到上身效果～本人出镜试衣：身高：156cm；70E试衣效果仅供大家参考～
1571,http://www.bilibili.com/video/av87524463,0,0,96,0,纯原出货 Nike Air Fear of God 1 联名高街FOG  &quot;Amarillo&quot; 黄白
1572,http://www.bilibili.com/video/av87173617,0,1,96,2,拂锦阁汉服原创纯色系列
1573,http://www.bilibili.com/video/av86964413,2,0,96,5,爱情公寓5赵海棠剧里眼镜
1574,http://www.bilibili.com/video/av87101140,0,0,95,2,【阿尔克纳之梦】永不再贩的小裙子？？？
1575,http://www.bilibili.com/video/av87194045,0,1,94,1,【LolitaFashion】-民族风lolita-锦绣华章系列·侗语JSK
1576,http://www.bilibili.com/video/av87157293,0,0,94,0,snkrs2019心酸陪跑路
1577,http://www.bilibili.com/video/av86902946,0,2,94,3,第一代采用zoom的aj正代—12      心只为此燃！
1578,http://www.bilibili.com/video/av86889357,0,0,94,0,OOTD|酷女孩穿搭|裤子分享
1579,http://www.bilibili.com/video/av86853681,0,0,94,0,【Lolita】宅在家里太无聊啦！不能穿裙子出去只好在家晒晒啦！
1580,http://www.bilibili.com/video/av87870674,1,3,93,0,【白菜价汉服】【汉服安利】四件超美的交领，好看且巨便宜（冲鸭！！！）
1581,http://www.bilibili.com/video/av87853783,0,1,93,0,汉服手工刺绣定制
1582,http://www.bilibili.com/video/av87819686,0,1,93,6,均价15元耳饰分享 最低0元 平民窟女孩平价饰品
1583,http://www.bilibili.com/video/av87682402,2,2,93,10,开箱8双白菜价科比元年球鞋！致敬Legend!
1584,http://www.bilibili.com/video/av87436549,0,0,93,3,莆田鞋
1585,http://www.bilibili.com/video/av87340529,0,0,93,0,手绘
1586,http://www.bilibili.com/video/av87284543,0,0,93,0,10款秋冬最爱的平价包包
1587,http://www.bilibili.com/video/av87082148,0,0,93,1,小玫瑰lolita
1588,http://www.bilibili.com/video/av87080829,0,1,93,0,灰色吊带裙内搭黑色T恤，丝袜搭配红色高跟鞋，性感十足！
1589,http://www.bilibili.com/video/av87012672,0,0,93,0,科比10代精英
1590,http://www.bilibili.com/video/av86837605,0,0,93,3,jk制服 每天不同搭配每天都要好心情
1591,http://www.bilibili.com/video/av87920720,0,0,92,1,VALENTINO与张艺兴《会好的》适配性
1592,http://www.bilibili.com/video/av87573306,0,0,92,0,早春穿搭～可甜可咸的男生穿搭，拒绝臃肿
1593,http://www.bilibili.com/video/av87489065,0,0,92,22,新人up的派大星pt正品对比！
1594,http://www.bilibili.com/video/av87399763,0,2,92,3,2020FW初春怎么穿？
1595,http://www.bilibili.com/video/av87122536,0,1,92,2,汉服
1596,http://www.bilibili.com/video/av86910693,3,2,92,10,【SISYPHEAN】哥特/另类/小众服饰穿搭展示与分享｜春夏秋冬四季｜Gothic/Alternative/Minority LOOKBOOK
1597,http://www.bilibili.com/video/av87786654,0,0,91,1,（英字）【Mica Briones 】我的每日穿搭灵感//EVERYDAY OUTFIT IDEAS（有自己风格的小姐姐，吃她的颜）
1598,http://www.bilibili.com/video/av87532970,0,3,91,4,【买家秀】9条网购压箱底连衣裙试穿 | 1到10你几给分呢 | 这就叫做失心疯吧
1599,http://www.bilibili.com/video/av87420322,0,5,91,2,麦克儿聊鞋EP8：我给自己打造了一双Maison Margiela x Converse 纯手工制作的马吉拉匡威！
1600,http://www.bilibili.com/video/av86975175,0,0,91,3,Vlog513细腻皮革的魅力：爱马仕Kelly32一只
1601,http://www.bilibili.com/video/av86925492,0,1,91,2,Bape 冲
1602,http://www.bilibili.com/video/av86821627,0,2,91,1,换装
1603,http://www.bilibili.com/video/av87678623,0,1,90,2,先锋工匠系列介绍，番外篇之Yohji Yamamoto山本耀司
1604,http://www.bilibili.com/video/av87474412,0,6,90,0,【纪录片】《着装守则》美国2019微纪录片/中文字幕/1080p高清/时尚/服饰/西服
1605,http://www.bilibili.com/video/av86988405,0,1,90,4,大三学姐平价穿搭/南方城市时冷时热/秋衣秋裤怎么穿？百搭打底衫马丁靴推荐
1606,http://www.bilibili.com/video/av86827165,0,2,90,7,【安幼贤】Lolita汉服正片
1607,http://www.bilibili.com/video/av88225299,0,4,89,3,lolita科普向   如何辨别山寨店铺山店避雷及白菜正店安利！
1608,http://www.bilibili.com/video/av87762243,0,0,89,0,身高170+穿搭酷另类风格 甜美胖女孩
1609,http://www.bilibili.com/video/av87550080,0,0,89,0,高级感的诞生
1610,http://www.bilibili.com/video/av87514137,1,0,89,2,第一次穿明制袄裙+披风（不知道是不是，求科普
1611,http://www.bilibili.com/video/av87177963,1,0,89,0,2020年春季新款韩版运动潮鞋，男生这么搭穿起来很时尚！潮男穿搭指南
1612,http://www.bilibili.com/video/av87051932,0,1,89,0,西装测评探店试穿
1613,http://www.bilibili.com/video/av88257053,2,0,88,4,自己画的格柄！！叫【玫瑰星云】有什么不对的地方请指出来。不知道有没有擦边其他的裙子。真的好爱这个格ToT希望有店家收。每次练习都会发出来的！抖音也有发
1614,http://www.bilibili.com/video/av88206108,0,3,88,3,怎样将日常服穿的像lolita一样lo里lo气？
1615,http://www.bilibili.com/video/av88107560,7,4,88,14,淘宝店主｜模特｜服装设计师｜三位一体服装创业up主之国外新品拍摄vlog分享｜带你揭秘模特拍摄从出到日落的一天｜揭开时尚拍摄的神秘面纱～
1616,http://www.bilibili.com/video/av88029944,3,2,88,5,Nike震惊！竟然买到了超难买的小凯尔特人Air Jordan 1 Low
1617,http://www.bilibili.com/video/av87740352,0,0,88,0,把b站当朋友圈发
1618,http://www.bilibili.com/video/av87503060,0,2,88,4,男士包包分享|居然花了十几万人民币？_2019年度购物分享_hermes_loewe_celine
1619,http://www.bilibili.com/video/av87350150,0,1,88,4,【包包】Zatchels包包倒闭？回归？|平价包包|英国手工包|牛皮|学生党真爱|剑桥包|水桶包
1620,http://www.bilibili.com/video/av87336782,0,0,88,0,150/90以上了。过几天就要开始减肥了，哈哈。微胖矮个子春天小清新穿搭。感觉把我拍丑了，实物可好看了呢。
1621,http://www.bilibili.com/video/av87268003,0,0,88,11,红色密涅瓦猫头鹰展示[ lolita服装]
1622,http://www.bilibili.com/video/av87219465,1,3,88,1,ZARA折扣季-100元以下单品-复古时尚-繁花似锦穿搭合集
1623,http://www.bilibili.com/video/av86839030,0,0,88,7,带大家揭秘莆田！
1624,http://www.bilibili.com/video/av87974343,1,1,87,0,【Lolitafashion】民族风Lolita-锦绣华章侗语JSK，来自广西的侗族织锦～
1625,http://www.bilibili.com/video/av87422222,0,2,87,0,装饰艺术礼服夹的正确打开方式
1626,http://www.bilibili.com/video/av87149683,0,4,87,6,从爷爷的衣柜里能发现怎样的神级百搭单品？
1627,http://www.bilibili.com/video/av88009098,6,8,86,4,用郭语教你打jk制服直条领巾
1628,http://www.bilibili.com/video/av87959520,0,1,86,0,#Dress me【世理奈】甜丧女孩的白昼梦游
1629,http://www.bilibili.com/video/av87803743,2,1,86,2,Vlog517愉快的试包视频：Kelly32、Birkin30、HAC28与32
1630,http://www.bilibili.com/video/av87472446,1,4,86,1,【Kelsey Simone】和我一起为纽约时装周准备穿搭吧！
1631,http://www.bilibili.com/video/av87415734,0,0,86,0,一位高三党的个人搭配
1632,http://www.bilibili.com/video/av87311658,0,2,86,5,〔GUN〕佛系up第三套lo开箱！是白菜还是欺骗?新店购买需谨慎鸭！
1633,http://www.bilibili.com/video/av87190594,1,0,86,4,Brandy购物分享|红蓝格子裤测评|座机拍的像素垃圾大家见谅
1634,http://www.bilibili.com/video/av86897896,0,2,86,4,用爱情公寓的片头打开Lolita装扮
1635,http://www.bilibili.com/video/av88217444,0,3,85,0,闲鱼真的可以捡漏吗？带你云游闲鱼 | SALOMON HOKA HUMAN MADE New Balance NIKE CDG AIME
1636,http://www.bilibili.com/video/av88209740,1,4,85,0,矮个女生穿搭，基础款凹出高高瘦瘦气质风 | Dearly Bethany
1637,http://www.bilibili.com/video/av88043054,0,3,85,4,lolita裙安利：200r以下的jsk安利［第三弹］
1638,http://www.bilibili.com/video/av88037632,0,1,85,4,古风短视频 东北老阿姨爱古风
1639,http://www.bilibili.com/video/av87981005,0,2,85,1,光腿，走那都是靓丽的风景线
1640,http://www.bilibili.com/video/av87630092,2,3,85,0,穿汉服去故宫，[锦瑟衣庄]熹曌和[繁韶]来仪绝版汉服穿去故宫是怎样的体验
1641,http://www.bilibili.com/video/av87355874,8,1,85,1,【秋冬穿搭型录】拥有针织衣=拥有了温度｜瘦的人已经穿上了优衣库童装
1642,http://www.bilibili.com/video/av87296734,0,2,85,1,中国加油！武汉加油！近视镜架浅谈（一）：平价日本鯖江sabae制celluloid赛璐珞和韩产tr90材质镜架！
1643,http://www.bilibili.com/video/av87288536,0,0,85,0,狗王“陈冠希”致敬科比
1644,http://www.bilibili.com/video/av86827910,1,0,85,0,这款方格外套，时尚洋气显年轻，是胖妈妈们的首选……
1645,http://www.bilibili.com/video/av86794157,0,1,85,2,原创不良jk制服，冲鸭！！！
1646,http://www.bilibili.com/video/av87926232,0,1,84,2,手工刺绣定制，补服定制马面定制
1647,http://www.bilibili.com/video/av87842700,2,4,84,1,【迪奥的迪奥Dior by Dior（1947-1957）】加拿大安大略博物馆Christian  Dior 布展
1648,http://www.bilibili.com/video/av87789531,0,0,84,1,看看老布鞋有气垫吗
1649,http://www.bilibili.com/video/av87396672,0,6,84,1,41| 嗨 还在无聊吗 来看鞋子合集第二弹！AJ/Gucci/Prada/Puma/Vans...
1650,http://www.bilibili.com/video/av87368084,2,2,84,4,【SwiftScout】顶级缓震鞋遭简配还是真香？亚瑟士Asics Nimbus21开箱上脚
1651,http://www.bilibili.com/video/av87337471,0,0,84,0,. ? ?? 韩妹推荐7种适合校服的外套 短套 连帽衫 卫衣 秋冬外衣服饰推荐 | ggo.ni_2
1652,http://www.bilibili.com/video/av86837280,0,0,84,0,搞定服装搭配，做精致小买手。
1653,http://www.bilibili.com/video/av87957408,0,5,83,2,【汉服安利】盘点那些神仙渐变色汉服
1654,http://www.bilibili.com/video/av87150201,0,0,83,0,[Samantha Maria] 饰品搭配 | 闲聊 - 如何走出负能量
1655,http://www.bilibili.com/video/av88219785,0,5,82,2,国潮品牌|云探店？四家优质国潮分享|日系、工装city boy风格品牌推荐|适合学生党的国潮品牌分享
1656,http://www.bilibili.com/video/av88036328,0,1,82,0,大码穿搭_发现了一款宝藏针织衫
1657,http://www.bilibili.com/video/av88027497,0,0,82,0,初春
1658,http://www.bilibili.com/video/av87821121,0,1,82,0,真实高一普通孩子的鞋子
1659,http://www.bilibili.com/video/av87797021,0,1,82,2,高中生vk的平价及奢侈 包包合集
1660,http://www.bilibili.com/video/av87715187,0,0,82,2,开拓者是否真有气垫
1661,http://www.bilibili.com/video/av87273360,0,0,82,0,2020年都是流行这种？
1662,http://www.bilibili.com/video/av87018546,0,0,82,2,神级汉服买家秀之重回汉唐
1663,http://www.bilibili.com/video/av86995268,0,0,82,0,2020年徐州苏宁广场UR 专柜试衣四件 四件都很喜欢 身高165体重112左右浮动 小伙伴们可以参考
1664,http://www.bilibili.com/video/av86977809,0,1,82,0,作为JK小姐姐你一定要知道的三套超优大小姐JK
1665,http://www.bilibili.com/video/av88306934,0,0,81,10,【汉服鉴赏】2020中国装束复原秀·解读·先秦篇|复原小组
1666,http://www.bilibili.com/video/av87558928,0,1,81,3,大明少女换装记
1667,http://www.bilibili.com/video/av86977654,0,0,81,0,Moussy春装新款小个子日系复古穿搭
1668,http://www.bilibili.com/video/av86884356,0,1,81,1,《潮流没问题》EP1 | 直男社畜秒变日系潮流男孩
1669,http://www.bilibili.com/video/av88146134,0,0,80,1,Air Jordan 1“85”柏林线下抽签Vlog
1670,http://www.bilibili.com/video/av87792062,0,1,80,0,来自蜈蚣精女孩的日常球鞋分享~
1671,http://www.bilibili.com/video/av87787259,0,2,80,1,【日常舒适基础色】基础款怎么搭配出高质感
1672,http://www.bilibili.com/video/av87574687,0,4,80,3,在？进来康康
1673,http://www.bilibili.com/video/av87545546,1,0,80,2,【卫衣单品评测】分享一件宝藏单品卫衣  来自小众日潮品牌——Facetasm
1674,http://www.bilibili.com/video/av87510218,0,2,80,1,小众品牌推荐Sulvam/yohji旗下的板师藤田哲平的品牌
1675,http://www.bilibili.com/video/av87452545,0,1,80,0,【小王子】我的球鞋分享（一）
1676,http://www.bilibili.com/video/av88263821,2,2,79,1,稀饭稀饭稀饭
1677,http://www.bilibili.com/video/av87908532,0,6,79,0,【中字】油管百万时尚博主教你「如何找到适合自己的时尚风格+自信地穿出去」
1678,http://www.bilibili.com/video/av87833329,0,0,79,0,Nike Dunk Low OFF WHITE University RedOFF WHITE x Nike Dunk low OW联名 三色结构绑带 板鞋CT
1679,http://www.bilibili.com/video/av87785760,1,2,79,0,成都街头帅哥，哪个是你的菜？
1680,http://www.bilibili.com/video/av87749880,0,2,79,0,分享一下自己常穿的鞋子（up主第一次水视频，不喜勿喷）
1681,http://www.bilibili.com/video/av87456652,0,2,79,1,【白菜汉服】超适合学生党！性价比高的百元左右明制立领对襟安利！
1682,http://www.bilibili.com/video/av87356603,1,2,79,6,汉服原创设计      古风      买家开箱返图
1683,http://www.bilibili.com/video/av87330821,0,3,79,0,中文字幕 | vintage复古风入门教程 | 古着穿搭妆容发型全分析
1684,http://www.bilibili.com/video/av87325726,0,0,79,2,上传一个小姐姐(单身)，这是什么神仙颜值啊，谁要微信号和QQ的联系我
1685,http://www.bilibili.com/video/av87158711,0,0,79,0,潮图来了＃2
1686,http://www.bilibili.com/video/av87032248,0,0,79,0,中长款格子衬衫搭配光泽打底裤、高跟鞋，显高挑气质！
1687,http://www.bilibili.com/video/av88058469,0,0,78,0,贫穷初三鞋狗
1688,http://www.bilibili.com/video/av88012678,3,4,78,6,喜瓜每日Lolita推荐第六期过气萌款占星猫
1689,http://www.bilibili.com/video/av87945475,0,0,78,0,高中生女孩的首饰分享｜便宜又好看｜可爱又浮夸｜无耳洞女孩必看！ ！ ！
1690,http://www.bilibili.com/video/av87848050,0,0,78,2,我的鞋子分享
1691,http://www.bilibili.com/video/av87595112,1,0,78,0,男生这样也是帅的哦
1692,http://www.bilibili.com/video/av87409253,0,1,78,1,“我忽然想起高兴的事。” “你明明在笑我！”
1693,http://www.bilibili.com/video/av87027851,0,2,78,0,刘·乔(LIU·JO) | BORN IN 1995系列&amp;Kendall Jenner
1694,http://www.bilibili.com/video/av86978581,1,2,78,3,【肥鼬】日系春夏穿搭| 可盐可甜| 一衣多穿
1695,http://www.bilibili.com/video/av86966696,0,0,78,0,终于下单了，好贵的裙子，不过好喜欢羡羡，也值了。下次买云深款的。
1696,http://www.bilibili.com/video/av86788514,0,0,78,0,第一次测评，有失误之处，请多多包涵。
1697,http://www.bilibili.com/video/av87812721,0,2,77,1,伦敦网红必朝圣的买手店，怎么突然说关就关？| the shop at bluebird最后一瞥
1698,http://www.bilibili.com/video/av87781235,0,1,77,0,卓卓木
1699,http://www.bilibili.com/video/av87723585,0,0,77,0,买裤子该如何选择？花三分时间给你一个最直观的示范体验
1700,http://www.bilibili.com/video/av87700705,0,1,77,2,潮  流  破  站
1701,http://www.bilibili.com/video/av87615877,1,2,77,1,小众or奇葩的耳饰合集
1702,http://www.bilibili.com/video/av87529281,0,1,77,3,部分摄影作品小结合集1｜汉服摄影作品｜汉服小哥哥小姐姐
1703,http://www.bilibili.com/video/av87298942,0,5,77,1,用最温柔的紫去融化你的少女心
1704,http://www.bilibili.com/video/av86912134,3,3,77,8,西装穿搭｜学生党上班族百搭穿搭分享｜新人up主的第二次视频尝试
1705,http://www.bilibili.com/video/av86821317,4,0,77,0,很专业的内衣模特，好身材衬托了内衣的美
1706,http://www.bilibili.com/video/av88302073,0,3,76,0,. ? ?? 鲜艳色彩感的独特 冬季时尚穿搭?? winter lookbook|约会装|俱乐部装|派对装 | LoveHeo
1707,http://www.bilibili.com/video/av88288956,0,5,76,5,【寒假生草】汉服娘·千层套路【复原党快乐天团提醒您特殊时期出门戴口罩哦~】
1708,http://www.bilibili.com/video/av87641864,0,0,76,4,据说全键盘输入“我真的”接下来会暴露你的弱点～
1709,http://www.bilibili.com/video/av87448464,1,2,76,6,日常穿搭｜柔软的针织小开衫不止是初春！是一年四季必备！
1710,http://www.bilibili.com/video/av87124311,0,0,76,1,【穿搭】贺繁星的衣橱 ‖ 耳环也超好看哒 | 锁骨太优秀了
1711,http://www.bilibili.com/video/av87022775,0,0,76,0,无聊的小鲁老师的无聊的耳饰分享
1712,http://www.bilibili.com/video/av86894918,1,4,76,6,【零食】一个抽奖的开箱视频，新店质量还不错！
1713,http://www.bilibili.com/video/av86891763,0,1,76,0,春秋小个子白色直筒裤搭配
1714,http://www.bilibili.com/video/av86704974,0,0,76,2,【汉服开箱】洛水令琥珀黄马面【收】
1715,http://www.bilibili.com/video/av86552433,3,2,76,7,【觊觎】汉元素开箱|濯羽龙女吊带齐胸|粉粉嫩嫩 度假必备
1716,http://www.bilibili.com/video/av88162551,0,0,75,0,yeezy350
1717,http://www.bilibili.com/video/av87797213,0,1,75,0,Zara Shop Up- New Season
1718,http://www.bilibili.com/video/av87382664,0,2,75,2,明制道袍的美丽
1719,http://www.bilibili.com/video/av86854077,0,1,75,0,低价超值的鞋又来啦！kappa串标帆布鞋低至五折！
1720,http://www.bilibili.com/video/av86713663,0,13,75,0,BOUTINE_LA-_Swimsuit_try_on_!
1721,http://www.bilibili.com/video/av87948012,2,2,74,0,鞋柜中必不可少的一双鞋new balance 860
1722,http://www.bilibili.com/video/av87856077,0,0,74,2,【扑棱星球】tibbie开箱详细展示
1723,http://www.bilibili.com/video/av87396298,0,3,74,0,党妹的盛世美颜
1724,http://www.bilibili.com/video/av87280107,0,2,74,4,初春甜美学生党穿搭分享丨153 88小个子穿搭丨
1725,http://www.bilibili.com/video/av87273622,0,0,74,2,一明高二学生19年下半年购入的球鞋，新人up，请多指教！，(想上首页)
1726,http://www.bilibili.com/video/av87057134,0,0,74,0,小白入坑四个月的格裙汇总
1727,http://www.bilibili.com/video/av86802849,0,1,74,2,希德穿给你看04 Reebok Answer IV Philadelphia 艾弗森答案4代 费城配色 上脚实拍
1728,http://www.bilibili.com/video/av86589271,0,0,74,2,底  层  lo  爹
1729,http://www.bilibili.com/video/av88321444,0,0,73,4,【测评】29元包邮！ 小米小背包防水性能如何？
1730,http://www.bilibili.com/video/av87862789,0,6,73,1,一分钟学会全温莎结教程
1731,http://www.bilibili.com/video/av87536010,0,2,73,0,HISTORY| 关于衬衫的有趣历史
1732,http://www.bilibili.com/video/av87388957,0,0,73,3,新年禁止出行#整理穿搭#打发时间囖
1733,http://www.bilibili.com/video/av87207005,0,1,73,1,海水珍珠凭啥辣么贵
1734,http://www.bilibili.com/video/av87109119,0,2,73,2,复原款汉服【山涧】小武曌
1735,http://www.bilibili.com/video/av87001394,0,1,73,1,情人节礼物/穿搭/球鞋分享
1736,http://www.bilibili.com/video/av88270474,0,2,72,2,是我我又来了转圈圈了(￣へ￣)三套马面随意混搭~明制意外的好看啊
1737,http://www.bilibili.com/video/av88169448,0,0,72,0,pg2.5整体感受总结，种草
1738,http://www.bilibili.com/video/av87688545,0,3,72,0,绿色白菜正版汉服
1739,http://www.bilibili.com/video/av87539326,0,1,72,0,英文字幕 Alexa Chung And Tan France Delve Into Their Most Iconic Fashion Looks
1740,http://www.bilibili.com/video/av87392910,0,0,72,0,低端亚瑟士跑步鞋后跟形变
1741,http://www.bilibili.com/video/av87360275,0,1,72,0,在网易云音乐里也能购物？59元斜挎包复古工装风搭配
1742,http://www.bilibili.com/video/av86826843,0,0,72,2,妈妈穿的水貂绒外套，洋气时尚显年轻，春，冬两季最流行……
1743,http://www.bilibili.com/video/av87842276,0,0,71,0,心中2019年的鞋王
1744,http://www.bilibili.com/video/av87533302,1,3,71,0,这是一个正经的开箱-怀谷居马王堆复原曲裾开箱
1745,http://www.bilibili.com/video/av86933714,0,0,71,0,珍珠常用年龄阶段搭配
1746,http://www.bilibili.com/video/av86811040,0,0,71,3,【160/52kg】5套冬季保暖穿搭 | 普通微胖身材的穿搭分享
1747,http://www.bilibili.com/video/av88236972,0,0,70,2,春季冰淇凌色穿搭合辑｜ZARA BM NIKE 优衣库
1748,http://www.bilibili.com/video/av88035034,0,1,70,1,lolita安利：200r以下的lolita裙［第二弹］
1749,http://www.bilibili.com/video/av88005059,0,5,70,0,大三女学生春秋冬鞋子推荐
1750,http://www.bilibili.com/video/av87776888,0,0,70,0,你看匡威70多百搭
1751,http://www.bilibili.com/video/av87643287,0,3,70,2,【汉服开箱】谁说大宋少女没有冬天？初果工作室仿铁拐墓宽袖长袄，飞机袖和两片裙开箱，谦修馆毛茸茸尾单开箱，朝辞帝城绿格子马面裙开箱
1752,http://www.bilibili.com/video/av87630546,0,0,70,0,【潮物分享】潮流御三家！台北最稳最齐的Supreme选货店大搜查！来台北买潮牌选他就对了！！
1753,http://www.bilibili.com/video/av87471972,0,4,70,0,奶爸专属战术背心 叠穿小达人必备卫衣 feat. Undercover  N.Hoolywood
1754,http://www.bilibili.com/video/av87406038,0,1,70,0,汉洋折衷太好看啦！
1755,http://www.bilibili.com/video/av87269418,0,3,70,3,「槿璃推荐」国风系列lolita，走过录过不要错过哇，买不了吃亏，买不了上当
1756,http://www.bilibili.com/video/av87096775,0,1,70,0,夕瑶赋(春樱)晋制汉服全绣花破裙
1757,http://www.bilibili.com/video/av86998605,0,1,70,1,拆解  gp 芝柏 手表维修 修表
1758,http://www.bilibili.com/video/av86962507,0,0,70,0,汉服合集
1759,http://www.bilibili.com/video/av86881288,0,2,70,0,（英字）【Lizzy Hadfield 】冬日一周穿搭//What I Wore This Week  Winter Outfits
1760,http://www.bilibili.com/video/av88023208,0,2,69,7,十分之一价格「假AJ1低帮倒钩」做工细节材料如此香？
1761,http://www.bilibili.com/video/av87865193,0,0,69,2,明制汉服汉洋折衷试穿测评-远山黛（糖不甩）小狐狸九尾狐妆花金银马面裙与猫罗万象敦煌猫补服
1762,http://www.bilibili.com/video/av87615101,0,1,69,2,在日本所购入的潮流单品开箱及讲解.1————jeylanzhang的购物分享
1763,http://www.bilibili.com/video/av87304156,0,1,69,0,Tory Burch 新包推介
1764,http://www.bilibili.com/video/av87291962,0,0,69,2,道定火狐与马面小视频～～～
1765,http://www.bilibili.com/video/av86946211,1,2,69,3,一个人怎么拍出高级的照片！！还不赶紧看过来
1766,http://www.bilibili.com/video/av88098461,1,2,68,0,2020春季购物分享 | by FAR网红腋下包 | 小众首饰Missoma项链耳骨夹 | Ejing Zhang珍珠耳环 | RIKI美妆镜
1767,http://www.bilibili.com/video/av87996539,0,0,68,0,【leeanfilm】日常用的包包推荐 | 和包包相配的穿搭推荐
1768,http://www.bilibili.com/video/av87387592,0,2,68,0,OOTD｜黑西装的五种搭配｜出不了门就在家翻翻衣柜吧
1769,http://www.bilibili.com/video/av87097793,0,2,68,1,"162cm,43kg的穿搭"
1770,http://www.bilibili.com/video/av87081491,0,0,68,0,圆脸方腮怎么选耳饰？选对耳饰堪比整容，提升气质靠耳饰就可以啦
1771,http://www.bilibili.com/video/av88117874,0,0,67,0,G-Dragon一回归就炸出年度鞋款？！ 美国抽签到店拿鞋全过程
1772,http://www.bilibili.com/video/av88109293,1,2,67,4,“牛王”? 牛王！NBHD牛王以及其他牛仔裤分享
1773,http://www.bilibili.com/video/av87917433,0,0,67,0,暗黑系风格的热热看来又飒又A，不愧是我女神！！
1774,http://www.bilibili.com/video/av87344238,0,6,67,2,汉服种草系列之齐胸襦裙！首期均价百元汉服安利！最低仅需74元！记得素质三连！
1775,http://www.bilibili.com/video/av87985877,0,1,66,2,BillBill是我的高清画质朋友圈
1776,http://www.bilibili.com/video/av87964252,0,4,66,1,【AIR FORCE 1球鞋定制】蓝色腰果花AF1制作过程分享
1777,http://www.bilibili.com/video/av87741087,1,2,66,4,【jennies】13只 | 职场小白 | 小个子 | 超高性价比 | 省钱女孩分享的入门级包包来了！！！
1778,http://www.bilibili.com/video/av87639147,0,2,66,2,【Lolita质检】Honeyhoney lolita洋装贩售--占星猫系列
1779,http://www.bilibili.com/video/av87623449,0,2,66,0,【up手翻】2020你不得不看的时尚指南
1780,http://www.bilibili.com/video/av87539230,0,0,66,0,穿搭
1781,http://www.bilibili.com/video/av87524948,0,2,66,0,tiktok 抖音2020最火◆抖音熱門合集tiktok!最時尚的街拍美人EP.7 china tiktok ，Chinese girls
1782,http://www.bilibili.com/video/av87446016,0,0,66,0,记录2019年满意的小投资之 ——包包&amp;鞋子们 | Janice
1783,http://www.bilibili.com/video/av87205548,0,1,66,0,一件西装的多种搭配
1784,http://www.bilibili.com/video/av87154085,0,1,66,0,冬天的时尚单品非红色袜子不可
1785,http://www.bilibili.com/video/av87146869,0,0,66,0,weddy教大家如何将闲置钱包变废为宝
1786,http://www.bilibili.com/video/av86946362,0,0,66,2,酷女孩必备神裤|叠穿分享|学生党平民窟女孩穿搭|我的日常穿搭|我爱的西装
1787,http://www.bilibili.com/video/av86928562,0,3,66,0,解锁3套MA-1飞行员夹克的搭配方式，单品基本都是国潮品牌
1788,http://www.bilibili.com/video/av88204558,0,4,65,4,多动症高一女生在家闲的无聊(ノ=Д=)的鞋子分享【平价】《鞋脏慎入》
1789,http://www.bilibili.com/video/av87294381,0,2,65,0,【Hana Lee 】模仿Twice成员的穿搭//recreating TWICE inspired outfits
1790,http://www.bilibili.com/video/av87290829,1,0,65,2,一双优秀运动鞋需要具备的条件有三个:舒服、好看、耐穿。
1791,http://www.bilibili.com/video/av87247797,0,1,65,2,下一站幸福｜宋茜｜贺繁星穿搭篇05-06
1792,http://www.bilibili.com/video/av87223899,0,0,65,0,闭门不出的第七天，已疯
1793,http://www.bilibili.com/video/av87218048,0,0,65,2,好物分享·绝无仅有绝不撞款的绝美配饰
1794,http://www.bilibili.com/video/av87133239,0,1,65,0,/ghostInSh3ll/19年被低估的时装品牌联名球鞋/陈伟霆上身短袖/Pyer Moss Reebok Fury Trail 最详细开箱，鞋垫都给你说清楚
1795,http://www.bilibili.com/video/av87032818,0,0,65,0,卢豆豆心目中性价比最高的aj1？？？
1796,http://www.bilibili.com/video/av87021965,2,0,65,0,☆明制汉服推荐鸭☆
1797,http://www.bilibili.com/video/av86817997,0,0,65,4,我真的好想出去玩。。。但我现在只能在家拍视频
1798,http://www.bilibili.com/video/av87913921,1,2,64,1,【Lolita开箱】超欧！263元福袋开出价值800+的小裙子，三叶亭新春福袋开箱试穿
1799,http://www.bilibili.com/video/av87437213,0,2,64,1,2019年过去了   做了一个小裙裙的合集 第一次投稿
1800,http://www.bilibili.com/video/av86930253,1,7,64,2,【威尔女士】2019最爱牛仔裤合集|世界值得牛仔裤|性价比|mom jeans|
1801,http://www.bilibili.com/video/av88231253,3,1,63,2,月野萌款雾松高还留不留？
1802,http://www.bilibili.com/video/av88070016,0,1,63,0,微胖女孩 春季 一周穿搭
1803,http://www.bilibili.com/video/av87610443,0,0,63,0,雪山羽绒服 supreme 真假对比
1804,http://www.bilibili.com/video/av87326944,0,1,63,0,8套冬季穿搭LOOKBOOK | 小个子工装女孩儿保暖穿搭
1805,http://www.bilibili.com/video/av87068209,0,0,63,0,我们终将上岸 阳光万里
1806,http://www.bilibili.com/video/av87048756,0,0,63,0,Acronym Nike Air Presto Mid
1807,http://www.bilibili.com/video/av86991467,0,1,63,0,花城忆开箱实物超级美店主整批货都是按照瑕疵清仓价卖的到手比很多正常售卖的马面做工都要nice
1808,http://www.bilibili.com/video/av86956750,0,1,63,1,小个子穿搭
1809,http://www.bilibili.com/video/av86894296,0,0,63,0,【1月购物分享】 | Gucci包包 | diptyque | 星巴克 | icy大衣 | asm
1810,http://www.bilibili.com/video/av86803712,0,1,63,1,【JK日常】云杉+新茶，优等的斯莱特林绿
1811,http://www.bilibili.com/video/av86783425,0,0,63,1,今日在家穿搭
1812,http://www.bilibili.com/video/av88246246,2,3,62,8,十三余花间狸奴|开箱试穿+妆容+成片
1813,http://www.bilibili.com/video/av88038278,0,2,62,0,【匡威测评】五年老粉对于三双all star的好理解！
1814,http://www.bilibili.com/video/av88012282,0,0,62,4,如何选到真复古高腰牛仔裤｜科学求真打败伪高腰｜Anysong尬舞
1815,http://www.bilibili.com/video/av87834099,0,0,62,0,2-7日视频结尾处的the north face x supreme自由女神像的自拍
1816,http://www.bilibili.com/video/av87620860,0,0,62,0,【致敬科比】 Zoom Kobe 1 Protro ZK1科比1
1817,http://www.bilibili.com/video/av87071750,1,0,62,6,阁楼开箱VLOG EP.11 | 来瞧瞧我的aj11 bred 顺便听听小城青年的买鞋故事
1818,http://www.bilibili.com/video/av86701156,0,0,62,3,【汉服开箱】洛水令有点甜系列香芋马面【收】
1819,http://www.bilibili.com/video/av88162337,0,5,61,7,【VIN周震南】阿南的百万衣橱巡礼（2019年9月）
1820,http://www.bilibili.com/video/av88156060,0,0,61,1,威少2se 测评。
1821,http://www.bilibili.com/video/av88078153,0,0,61,0,☆ 春日红色穿搭☆
1822,http://www.bilibili.com/video/av87633764,9,0,61,4,耳饰分享
1823,http://www.bilibili.com/video/av87512739,0,0,61,0,直男超爱的一款汉服推荐
1824,http://www.bilibili.com/video/av87031019,2,0,61,0,AF-1 Custom涂鸦！每个图案都是故事！
1825,http://www.bilibili.com/video/av86827437,0,0,61,3,皮衣加厚加绒外套，时尚洋气显年轻，最适合爱美的妈妈们……
1826,http://www.bilibili.com/video/av86777805,1,0,61,0,十三余小桃花长款连衣裙细节展示【冬初 - 雅】
1827,http://www.bilibili.com/video/av88277863,1,3,60,9,你已经是个成熟的大人，可以去穿妈妈的衣服了
1828,http://www.bilibili.com/video/av88106226,0,4,60,1,小姐姐日常换装
1829,http://www.bilibili.com/video/av87968168,0,1,60,4,解药潮玩评测：教你怎么分辨初代椰子yeezy350的真假对比区别，第一代椰子
1830,http://www.bilibili.com/video/av87967473,0,2,60,0,【韩剧穿搭】孔孝真《门锁》11套/时尚/优雅
1831,http://www.bilibili.com/video/av87831658,0,0,60,0,Adidas Yeezy 700 V3 Azael 椰子鞋700V3男女鞋yeezy
1832,http://www.bilibili.com/video/av87794282,0,1,60,3,底层lo娘的衣柜总结
1833,http://www.bilibili.com/video/av87545654,1,1,60,0,北京DECADES探店
1834,http://www.bilibili.com/video/av87210091,0,1,60,1,【24套大衣/风衣/内搭穿搭分享 】春季穿搭技巧 | 单品混搭 | 大衣 | 内搭
1835,http://www.bilibili.com/video/av88188554,0,0,59,0,优衣库最值得购买的单品推荐
1836,http://www.bilibili.com/video/av87927299,0,4,59,0,Dr.Mike | 北美当红播主 最性感医生 2020年冬天必备的6种搭配
1837,http://www.bilibili.com/video/av87831253,0,0,59,0,第17话 2020春季新款男生休闲运动鞋街拍搭配！牛仔外套+黑色小脚裤+黑色帽子+复古双肩包+潮袜
1838,http://www.bilibili.com/video/av87729982,0,1,59,0,一家不是lo鞋店却“特别”（适合cla系花嫁茶会款lo裙）的店～“安娜林”
1839,http://www.bilibili.com/video/av87451243,0,1,59,0,既能打球又能出街的Nike DNA 耐克 篮球短裤 推荐
1840,http://www.bilibili.com/video/av87367273,0,1,59,1,穿搭分享|Oversize上装+打底裤春天必备
1841,http://www.bilibili.com/video/av87207183,0,0,59,0,【十三余开箱】山水之乐开箱
1842,http://www.bilibili.com/video/av86864064,0,1,59,0,（英字）【heycarmen 】慵懒舒适的穿搭灵感//LAZY DAY OUTFIT IDEAS LOOKBOOK  easy  comfy
1843,http://www.bilibili.com/video/av88280138,0,3,58,1,【江南高校】南京JKDK江南高校，看到的小伙伴加入我们吧
1844,http://www.bilibili.com/video/av88243476,0,0,58,0,155小个子女生冬日穿搭～
1845,http://www.bilibili.com/video/av88232053,0,3,58,2,【宝藏店铺大公开】/疫情在家也能享受逛街的乐趣
1846,http://www.bilibili.com/video/av88075679,0,0,58,0,威少2se实战两场之后的形变。本人75公斤。
1847,http://www.bilibili.com/video/av87904061,2,0,58,0,【汉服开箱】129一套的大白菜迷仙记明十三到底值不值？
1848,http://www.bilibili.com/video/av87745515,0,0,58,0,KIKO KOSTADINOV｜Spring/Summer 2020 Full Show | London Fashion Week Men&#39;s
1849,http://www.bilibili.com/video/av87731263,0,3,58,1,【试穿】颜值主播穿蕾丝连体衣别有一番风味
1850,http://www.bilibili.com/video/av87471697,0,0,58,0,开箱part one
1851,http://www.bilibili.com/video/av87246478,0,0,58,0,希望今天开始每天都可以听到好消息
1852,http://www.bilibili.com/video/av87197610,0,0,58,0,牛仔外套的各种搭配！
1853,http://www.bilibili.com/video/av87185790,0,0,58,0,Vlog514为经典的Kelly包试几只Twilly
1854,http://www.bilibili.com/video/av87168867,0,2,58,0,试衣到家—她穿_Susan Zou：「非流量」博主的流量之谈
1855,http://www.bilibili.com/video/av87076233,3,0,58,0,阁楼开箱VLOG EP.12 | 一次抽中三双  一双香得恰到好处的 aj1 black satin
1856,http://www.bilibili.com/video/av87065480,0,0,58,2,aj13反转熊猫测评，一个小说区不知名coser的想法。
1857,http://www.bilibili.com/video/av87014213,0,2,58,0,vans save our planet era 把世界穿脚上
1858,http://www.bilibili.com/video/av87002946,0,2,58,3,十月分享&lt;002&gt;:私藏平价小众复古耳饰分享&amp;种草|学生党|淘宝
1859,http://www.bilibili.com/video/av86892114,0,0,58,0,DDU的包包分享 gucci marmont supermini
1860,http://www.bilibili.com/video/av86871908,6,0,58,6,【lolita开箱】平成魔女彩虹诗｜内附实习魔女教程哦！
1861,http://www.bilibili.com/video/av86850546,0,0,58,1,超白菜Lolita安利（二） 都是150左右的大白菜吖～走过路过不要错过
1862,http://www.bilibili.com/video/av87973753,0,0,57,0,学生党的鞋子价位如何呢?阿镜:不一定都是几十块的?!
1863,http://www.bilibili.com/video/av87640026,0,0,57,0,当百达翡丽遇上疫情，武汉加油，中国加油
1864,http://www.bilibili.com/video/av87399832,0,0,57,0,记录太平有象马面裙搭配
1865,http://www.bilibili.com/video/av87294410,0,0,57,3,宠粉！匹克与自家粉丝联名态极1.0plus，你入手了吗？
1866,http://www.bilibili.com/video/av87114003,0,0,57,0,问汉服店家，我买的织金马面布料是在 “盘丝洞”打包的吗？！
1867,http://www.bilibili.com/video/av87084193,0,1,57,3,朱绮绮   就像日雜走出來！年節絕不出錯質感系美衣 #一綺穿搭 #抽獎送包包 __Green?Label?Relaxing Lookbook
1868,http://www.bilibili.com/video/av86931459,0,3,57,2,【Lolita测评】迟了两个月的Lullaby摇篮曲纯色马戏团黑色测评。
1869,http://www.bilibili.com/video/av88026469,0,3,56,0,不可错过的优雅系小裙子??????
1870,http://www.bilibili.com/video/av88025618,3,2,56,0,【轻奢小众包包合集】IT bag｜brandy melville｜三宅一生｜cdg｜coach吃豆人
1871,http://www.bilibili.com/video/av87976632,0,3,56,2,优雅高贵冷艳的lo裙，最低值248，买不了吃亏，买不了上当
1872,http://www.bilibili.com/video/av87853471,0,1,56,2,JK制服101—小萌款、知名款、小透明款你pick谁？
1873,http://www.bilibili.com/video/av87804022,0,1,56,0,new balance 990v5 开箱展示
1874,http://www.bilibili.com/video/av87641378,0,0,56,1,世界上有三种马 黑马 宝马 还有一种马叫什么
1875,http://www.bilibili.com/video/av87531507,0,0,56,0,Outfits - lookbook 早春穿搭 随便一看 正月十五 不准出门！
1876,http://www.bilibili.com/video/av87466169,0,1,56,0,微风轻轻起，超级喜欢你
1877,http://www.bilibili.com/video/av87407049,0,0,56,0,这双情侣鞋也太好看了 姐妹们冲呀
1878,http://www.bilibili.com/video/av87290847,1,0,56,0,看你老師球鞋介紹 - Nike More uptempo _Dusk_
1879,http://www.bilibili.com/video/av87088786,0,3,56,2,【桃夭汉服】和妈妈一起的汉服写真，在妈妈生日的时候送给妈妈一套汉服写真，留住妈妈最美的瞬间。
1880,http://www.bilibili.com/video/av87081778,0,0,56,1,云端皇后lolita
1881,http://www.bilibili.com/video/av87066876,0,0,56,3,大刀出汉服，原价799的汉服居然只要299？汉服袍子大刀出汉服，彩云间濯香令，慕仙姿飞龙在天
1882,http://www.bilibili.com/video/av86789768,0,0,56,0,莆田的鞋子真的就不好吗
1883,http://www.bilibili.com/video/av88211363,2,3,55,0,穿搭|情人节穿搭灵感|恋爱中的失恋中的暗恋中的单恋中的一起来过情人节|谁是一个人不能过情人节
1884,http://www.bilibili.com/video/av88012190,0,2,55,1,jk制服 春天要到了穿上喜欢的小裙子出去玩了
1885,http://www.bilibili.com/video/av87247622,0,1,55,0,下一站幸福｜宋茜｜贺繁星穿搭篇03-04
1886,http://www.bilibili.com/video/av87234924,0,0,55,3,出汉服，m码，便宜出红色锦宫，牡丹国色，云锦花大袖衫以及星愿
1887,http://www.bilibili.com/video/av87096545,0,0,55,0,Han Kjobenhavn x Puma Clyde Stitched  丹麦高街潮牌联名 头层小羊皮 克莱德金标系列复古板鞋
1888,http://www.bilibili.com/video/av88171708,0,3,54,0,国外美女高跟鞋写真
1889,http://www.bilibili.com/video/av88020345,0,0,54,0,百搭显瘦，质量杠杠的，
1890,http://www.bilibili.com/video/av88017851,0,1,54,1,平价精致 小众不撞款 平价不输气质的 学生党百搭
1891,http://www.bilibili.com/video/av87649727,0,0,54,0,一个月耳环不重复
1892,http://www.bilibili.com/video/av87502934,0,3,54,0,【学生党超平价汉服】 超平价比甲  超仙貌美 深陷明制
1893,http://www.bilibili.com/video/av87332523,0,0,54,0,古着推荐｜初投稿    日系    美式   衬衫     vintage
1894,http://www.bilibili.com/video/av87306550,0,2,54,1,斯凯奇厚底老爹鞋，增高必备
1895,http://www.bilibili.com/video/av87225373,0,0,54,0,白菜汉服又来啦！流烟昔冷方领半臂+琵琶袖交领，搭配一叶馨香马面裙
1896,http://www.bilibili.com/video/av86898925,0,1,54,1,开学季｜学生党40元以内平价背包，挎包推荐
1897,http://www.bilibili.com/video/av86888811,0,0,54,0,麦克儿聊鞋EP7：在我的努力下促成了NIKE与Rick Owens的“联名”，NIKE BY YOU定制自己独一无二的限量款
1898,http://www.bilibili.com/video/av88040107,0,1,53,0,Check These Wedding Outfits NOW _  KALKI Anniversary Sale
1899,http://www.bilibili.com/video/av87845206,0,0,53,0,【早春穿搭】
1900,http://www.bilibili.com/video/av87725103,1,1,53,5,汉服开箱+试穿/织云汉服家君寻 麒麟元素传统明制原创圆领袍夏季仙男女同款
1901,http://www.bilibili.com/video/av87700421,0,0,53,0,初中生帅气穿搭
1902,http://www.bilibili.com/video/av87520940,0,2,53,1,情人节不能出门？高颜值睡衣大推荐！迷倒心上人
1903,http://www.bilibili.com/video/av87470180,0,0,53,0,即使明天是世界末日呢我们依然要穿着得体这是一种生活态度！
1904,http://www.bilibili.com/video/av87373335,0,2,53,1,【Julien Fournié】Everybody Wants To Rule The World.
1905,http://www.bilibili.com/video/av87366557,0,0,53,0,有一个陪自己穿情侣装的人也太棒了
1906,http://www.bilibili.com/video/av87360560,0,0,53,0,春季必备   超百搭米色板鞋
1907,http://www.bilibili.com/video/av87292892,0,0,53,2,看你老師球鞋介紹 - Air Jordan 9 _Johnny Kilroy_
1908,http://www.bilibili.com/video/av87146730,0,0,53,0,[Samantha Maria] 实用穿搭分享 | 当妈也要时髦起来~
1909,http://www.bilibili.com/video/av87122602,0,2,53,1,【lolita搭配】手把手教你如何选择裙撑和内搭
1910,http://www.bilibili.com/video/av86889706,0,0,53,0,汉服开箱～
1911,http://www.bilibili.com/video/av88169476,0,1,52,0,（英字）【rachspeed 】早春购物季//Pre-Spring Haul  revolve thrift aritzia  more
1912,http://www.bilibili.com/video/av87878156,0,1,52,0,【冬季穿搭】衣橱必备时尚单品大盘点 | Allegra Shaw
1913,http://www.bilibili.com/video/av87791691,0,0,52,0,牛仔外套都穿不好，难怪就你找不到女票！！~点赞~投币！收藏
1914,http://www.bilibili.com/video/av87778073,1,2,52,2,【基础款穿搭】【Jennifer Lai】如何让基础款穿搭更时髦 158cm SS春夏【中英双字】4个搭配造型灵感 不费力气穿搭造型
1915,http://www.bilibili.com/video/av87489608,1,0,52,7,一条吓到up的小裙子——娃娃工厂开箱测评
1916,http://www.bilibili.com/video/av87126767,0,3,52,1,巨无敌美的军装Lolita、jk  确定要错过？？？
1917,http://www.bilibili.com/video/av86852501,0,1,52,0,（英字）【Elena Tsushima】最近购入的人气商品介绍//最近のお気に入り商品！ my latest obsessions
1918,http://www.bilibili.com/video/av88100417,0,4,51,1,约会必备_亚伯特王子结
1919,http://www.bilibili.com/video/av87746859,0,0,51,0,一双“莆田”鞋到底纯原到什么水平！用权志龙的小雏菊就知道
1920,http://www.bilibili.com/video/av87654247,0,0,51,0,nike联名天团
1921,http://www.bilibili.com/video/av87573848,0,1,51,0,你最爱的香水味-18K金香水瓶钻石项链。
1922,http://www.bilibili.com/video/av86843215,0,1,51,0,ins/早春日系少女穿搭/古着感
1923,http://www.bilibili.com/video/av86795927,0,3,51,0,神仙厌世脸模特Sofia Steinberg的ins照片分享
1924,http://www.bilibili.com/video/av87836116,0,0,50,0,第18话 2020春季新款男生高帮帆布鞋街拍搭配！白色卫衣+牛仔裤+帆布鞋+黑色帽子
1925,http://www.bilibili.com/video/av87822393,0,1,50,0,你想和谁一起穿，我们一起@他(她)
1926,http://www.bilibili.com/video/av87808363,0,3,50,5,aj4珍珠奶茶蘑菇球鞋开箱测评 记得点赞 我买了女鞋不能出门
1927,http://www.bilibili.com/video/av87767086,0,1,50,0,【山正鉴定向】2500软妹币的萌款ap贝壳jsk真的值吗？
1928,http://www.bilibili.com/video/av87697514,0,0,50,0,【古典玩偶lo裙开箱】Lolita初体验 春蚕儿op fs
1929,http://www.bilibili.com/video/av87447465,0,0,50,0,yeezy700v3测评
1930,http://www.bilibili.com/video/av87376081,0,1,50,1,草莓晶 月光石 绿幽灵
1931,http://www.bilibili.com/video/av87373189,0,1,50,6,开箱 | 梅露露+狙击甜心 | 非常百搭 | Lolita鞋
1932,http://www.bilibili.com/video/av87321422,1,3,50,2,?神仙鞋子开箱试穿及少年的你原书开箱~
1933,http://www.bilibili.com/video/av87147937,0,3,50,1,【我喜欢的耳饰分享】穿搭必不可少的 | 百搭&amp;日常
1934,http://www.bilibili.com/video/av87130523,1,0,50,5,仿铁拳人物的时装装扮
1935,http://www.bilibili.com/video/av88071245,0,0,49,3,啥！？韦德之道8四个雷卖3500多？当年这双韦德之道可是只要299…
1936,http://www.bilibili.com/video/av88032038,3,2,49,2,｜平价｜衣服｜推荐｜不会说话的tutu第一次给大家测评，希望大家喜欢。
1937,http://www.bilibili.com/video/av87952172,0,1,49,0,（英字）【Eva Meloche 】the cutest princess polly pieces out there ( giveaway)（迪斯科风格？）
1938,http://www.bilibili.com/video/av87831304,0,0,49,1,Adidas UltraBoost 20 Triple Black adidas UltraBOOST 20 纯黑武士缓震轻便跑步鞋 EG0691
1939,http://www.bilibili.com/video/av87724922,2,1,49,0,微胖少女遮肉穿搭分享
1940,http://www.bilibili.com/video/av87679550,0,0,49,2,簪花仕女图团购啦
1941,http://www.bilibili.com/video/av87545880,0,0,49,0,精神小伙的穿搭！
1942,http://www.bilibili.com/video/av87517100,0,0,49,4,一周七天 「约会or逛街or通勤or休闲」一件半身裙的百搭穿搭～
1943,http://www.bilibili.com/video/av87482438,0,0,49,0,原价中签分享
1944,http://www.bilibili.com/video/av87361000,0,1,49,0,最低只要59元的开衫jk毛衣，不来一件吗？
1945,http://www.bilibili.com/video/av87262308,0,0,49,0,2020新年买包指南：绝不撞包的蛇皮纹小众包，好看实用又百搭
1946,http://www.bilibili.com/video/av87167864,0,0,49,2,【汉服开箱】四月小姐姐同款猫补开箱｜实力美貌｜实力工艺
1947,http://www.bilibili.com/video/av88301108,0,4,48,0,. ? ?? 适合年末派对的冬季时尚造型薄│winter style lookbook|派对装|约会|年末装|圣诞节 | LoveHeo
1948,http://www.bilibili.com/video/av88224925,0,2,48,6,"【纱丽的一百种穿法】No. 12 Purnia Drape - Bihar, India"
1949,http://www.bilibili.com/video/av88211852,1,1,48,5,第三弹平价耳饰，均价不过五元，最近大家在家过的都可好，只能发库存啦！
1950,http://www.bilibili.com/video/av88117251,0,0,48,0,LV三合一老花链条包开包+容量+一米七高妹上身效果
1951,http://www.bilibili.com/video/av88058495,0,0,48,0,看你老師球鞋介紹 - Nike Dunk Low Pro SB 2005 (Full De La Soul Collection
1952,http://www.bilibili.com/video/av88042891,0,2,48,0,平价饰品
1953,http://www.bilibili.com/video/av87894806,1,0,48,2,Fear of God 3rd回味
1954,http://www.bilibili.com/video/av87890585,0,2,48,0,疫情过后一起踏春吧
1955,http://www.bilibili.com/video/av87525170,2,5,48,14,我想跟你谈个恋爱～?风花雪月丶汉服版
1956,http://www.bilibili.com/video/av87169211,0,0,48,0,试衣到家_王少帅：青年艺术家与男装MJU：T的不谋而合
1957,http://www.bilibili.com/video/av87135187,0,1,48,0,爱穿缎面的女生，骨子里一定独立且自信的吧～
1958,http://www.bilibili.com/video/av87047763,0,0,48,0,【小桃子呀呀】Gucci marmont supermini包包全方位测评/值得买吗？/容量大吗？/上身好看吗？
1959,http://www.bilibili.com/video/av86934271,0,0,48,3,白丝绸实拍
1960,http://www.bilibili.com/video/av86923391,0,0,48,1,一双AJ四色鸳鸯神仙配色
1961,http://www.bilibili.com/video/av86846289,0,1,48,1,开学季不能错过的鞋子合集
1962,http://www.bilibili.com/video/av88330579,0,2,47,1,AJ34首发配色上脚及形变
1963,http://www.bilibili.com/video/av88175614,0,0,47,0,【Stephanie Ahn 】慵懒但依旧可爱的校园穿搭（两个小啾啾很可爱，翘臀厉害了！）
1964,http://www.bilibili.com/video/av88084811,0,2,47,1,下一站是幸福｜宋茜｜贺繁星穿搭篇09-10
1965,http://www.bilibili.com/video/av87914279,0,1,47,1,新年特辑：高中生VK包包合集
1966,http://www.bilibili.com/video/av87874796,0,2,47,0,【冬季穿搭】冬季衣橱基础单品大盘点 | Valeria Lipovetsky
1967,http://www.bilibili.com/video/av87862506,0,2,47,5,【凝萌】2019年汉服总结|分享我的云衣柜|我的年度汉服总消费已突破六万？！
1968,http://www.bilibili.com/video/av87661516,0,0,47,0,拆箱～快来康康有没有你们i的小萌款
1969,http://www.bilibili.com/video/av87595247,0,0,47,0,Vlog516-BUTLER？是CHAMONIX！
1970,http://www.bilibili.com/video/av87587211,0,0,47,0,lolita裙子开箱 | nyanya海上生明月 | lo衬衫 | 苔丝的秘密
1971,http://www.bilibili.com/video/av87421938,0,1,47,6,懒   狗   球   鞋   分   享
1972,http://www.bilibili.com/video/av87388606,0,2,47,1,椰子党集合！！！氧化椰子天使白测评（氧化好康） @新人up猪
1973,http://www.bilibili.com/video/av87350237,0,0,47,0,情人节限定款 樱花粉大鹅羽绒服，给你一个浪漫又温暖的节日
1974,http://www.bilibili.com/video/av87294699,0,0,47,0,球鞋分享#nike yeezy 2#不是正儿八经的开箱哈哈哈
1975,http://www.bilibili.com/video/av87275460,0,2,47,0,【Volks DollfieDream】新搭配的dd娃造型展示，装扮了和雀眼和sk假发后更充满活力的梅露蒂和艾雅莉！
1976,http://www.bilibili.com/video/av86969298,0,2,47,3,【澳里奥】Alexander wang×McDonald&#39;s联名的外卖袋手包值得入手吗？容量如何？时尚博主在线实测！
1977,http://www.bilibili.com/video/av86919815,0,0,47,0,女装原型  CAD  服装制版
1978,http://www.bilibili.com/video/av86905312,0,0,47,0,来看看我的热带度假都带了哪些配饰吧～
1979,http://www.bilibili.com/video/av86893808,0,2,47,1,【Lolita测评】在2018年2019年曾小火过的滞水之影家的饕餮系列是否值得购入？ 细节拍摄带你观察实物  天空树试穿
1980,http://www.bilibili.com/video/av86873244,0,1,47,2,【kinoko中字】157cm小个子女生必看！版型巨好的质感大衣，让你这个春天又飒又美~
1981,http://www.bilibili.com/video/av88264425,0,0,46,3,［KT4实战长期测评感受］绝对实战，适合外场，学生党
1982,http://www.bilibili.com/video/av88217248,0,1,46,0,限时特价白菜汉服 ！温柔色搭配！新袍子的选择！
1983,http://www.bilibili.com/video/av88216607,0,0,46,3,【首饰合集】平价不撞款的首饰推荐｜黄黑皮福音 |宅家学会提升穿搭质感「宝爷」
1984,http://www.bilibili.com/video/av88174205,0,3,46,1,白菜汉服安利（2）最低119一套，视频内含男款、女款、情侣款
1985,http://www.bilibili.com/video/av87834439,0,1,46,0,Air Jordan 13 乔13 AJ13 黑白熊猫 18年复刻篮球鞋 414571-104
1986,http://www.bilibili.com/video/av87564141,1,3,46,0,权志龙涂鸦定制教程
1987,http://www.bilibili.com/video/av87471142,0,0,46,0,太帅了  最爱的搭配  权志龙
1988,http://www.bilibili.com/video/av87329726,10,2,46,1,蛇院女孩一眼沦陷的超美单品
1989,http://www.bilibili.com/video/av87109703,0,1,46,0,{配饰}2019爱用物分享第一波
1990,http://www.bilibili.com/video/av87044945,0,0,46,2,【J式推荐】高性价比且好搭的球鞋TOP4！！
1991,http://www.bilibili.com/video/av86912105,0,1,46,0,jk必修手册/正版店铺大盘点上/种草向/一起逛淘宝
1992,http://www.bilibili.com/video/av88211301,1,0,45,0,我的50副Chanel中古耳环｜当家花旦
1993,http://www.bilibili.com/video/av88208858,0,0,45,8,我买的最值得和最不值的奢侈品！
1994,http://www.bilibili.com/video/av87632398,0,1,45,2,CHULOOK || 蜜糖系棕黄暖色系出游穿搭 || 风格穿搭少不了配饰加分 | 软乎乎暖洋洋 | 是蜂蜜焦糖的感觉 | 穿上小熊维尼去见它吧
1995,http://www.bilibili.com/video/av87543673,0,0,45,0,美腻的复古裙儿，多是婚纱礼服，图片是我从网上买来的以及各处搜集来的，没有商业用途，大家一起来欣赏欣赏鸭，不过视频是自己做的，虽然非常粗糙。
1996,http://www.bilibili.com/video/av87525640,0,0,45,0,【挫男改造手册】第十二期：春季穿搭指南
1997,http://www.bilibili.com/video/av87519227,0,0,45,0,看你老師球鞋介紹 - Air Jordan 5 retro Fire Red
1998,http://www.bilibili.com/video/av87496344,0,1,45,0,［Lolita走秀］Lolitafashion 文化盛典
1999,http://www.bilibili.com/video/av87341941,0,0,45,1,当年侃爷穿了都说好，现在只要白菜价？
2000,http://www.bilibili.com/video/av87251322,0,1,45,0,jk制服上身效果 兔姬舍咩啊
2001,http://www.bilibili.com/video/av87141668,0,1,45,8,超全的帽子合集！不看必后悔！
2002,http://www.bilibili.com/video/av87129654,1,2,45,2,小z｜鞋子分享 最爱穿的6双鞋 日常四季百搭显高 球鞋马丁靴松糕 年度最爱的鞋子
2003,http://www.bilibili.com/video/av86906044,0,0,45,6,闲着没事 做条lolita
2004,http://www.bilibili.com/video/av86879265,0,2,45,1,【三戸なつめのビデオブログ】日本敲可爱的模特，高円寺古着购物分享
2005,http://www.bilibili.com/video/av86876564,0,1,45,0,矮个子女生4款教科书级职场穿搭，西装外套搭配，温婉优雅又有范
2006,http://www.bilibili.com/video/av88262140,0,0,44,5,153小个子|假胯宽|梨形身材|大一如何春夏秋冬通勤少女运动风用最少单品都拥有
2007,http://www.bilibili.com/video/av88250938,0,5,44,2,Lolita安利包包篇
2008,http://www.bilibili.com/video/av88042301,0,0,44,3,【汉服开箱】花间夕，上遥居，花下有期，福鹿记，杉水集。集体开箱的快乐
2009,http://www.bilibili.com/video/av87879799,0,0,44,3,【璐芽穿搭】159.5/48 ｜ 快来查收这只没洗头还要穿新衣服的朱美丽 / 情人节云约会装扮get了吗？ / 这间店快递还有发哦:)
2010,http://www.bilibili.com/video/av87699099,0,0,44,4,博主衣帽间大揭秘「旅拍鞋子类型推荐」旅行穿搭切记：要既好看又舒适！！不能只注重外表！
2011,http://www.bilibili.com/video/av87611439,0,0,44,1,初次见面～你好
2012,http://www.bilibili.com/video/av87556118,0,1,44,0,（英字）【SEIKA&#39;s VMAG】日本网红自创品牌RANDEBOO的lookbook拍摄花絮（RANDEBOO服装风格偏日剧OL风格，很适合上班族）
2013,http://www.bilibili.com/video/av87520680,4,0,44,1,集齐七种颜色：召唤神龙？135斤黄皮微胖女孩彩色毛衣卫衣色彩适配显白挑战
2014,http://www.bilibili.com/video/av87444333,0,0,44,0,柳钉马鞍包
2015,http://www.bilibili.com/video/av87398630,0,1,44,0,看你老師球鞋介紹 - Nike Air Yeezy 2
2016,http://www.bilibili.com/video/av87353794,0,0,44,2,日常必备|精致饰品
2017,http://www.bilibili.com/video/av86928529,0,0,44,2,想象中疫情好了我出门的样子
2018,http://www.bilibili.com/video/av86917630,0,0,44,1,羽汐自制工作室—嘉翎
2019,http://www.bilibili.com/video/av86869601,0,1,44,0,翻开妈妈的衣橱 | 1X7这周穿什么
2020,http://www.bilibili.com/video/av86864760,1,1,44,3,微胖160斤，穿什么？CAVEMPTCLUB   4PK 国潮 （豹纹围巾）冬天常穿服饰分享
2021,http://www.bilibili.com/video/av88185316,0,0,43,3,JK格裙安利
2022,http://www.bilibili.com/video/av87983743,0,0,43,1,去了趟奥莱买了几件好东西
2023,http://www.bilibili.com/video/av87844186,0,0,43,2,【大大 vlog】怎么样穿才时髦？反正毛衣就是不能好好穿！
2024,http://www.bilibili.com/video/av87236676,0,1,43,0,早春穿搭 学生党返校穿搭
2025,http://www.bilibili.com/video/av87228148,0,0,43,1,这个冬天汉服女孩怎么穿最保暖？如何做到走在街上也能吸引路人的眼光？
2026,http://www.bilibili.com/video/av87212877,0,1,43,0,2019最爱的5双鞋|巴黎世家老爹鞋、jimmy choo、cl、sam edelman
2027,http://www.bilibili.com/video/av87012519,0,1,43,2,春季必备基础单品之——拖地西裤
2028,http://www.bilibili.com/video/av88218526,0,3,42,6,"【纱丽的一百种穿法】No. 11 East Champaran Drape - Bihar, India_withBGM"
2029,http://www.bilibili.com/video/av88097928,0,1,42,3,100以下的春夏白菜汉服～（多为宋裤，皆为正版）
2030,http://www.bilibili.com/video/av88024153,0,0,42,0,Vlog518包包称重系列：Box皮Birkin30
2031,http://www.bilibili.com/video/av88023527,0,1,42,0,【2020奥斯卡最佳着装】The 10 best dressed at the 2020 Oscars
2032,http://www.bilibili.com/video/av87918973,0,1,42,2,VLOG#001【跟着韩剧学穿搭】
2033,http://www.bilibili.com/video/av87910758,0,0,42,0,穿搭
2034,http://www.bilibili.com/video/av87824686,0,2,42,0,休闲百搭低帮高帮都有的鞋集-阿觉
2035,http://www.bilibili.com/video/av87819932,0,1,42,4,爆料：「 炒鞋 」的背后是什么
2036,http://www.bilibili.com/video/av87476138,0,0,42,1,2020积极健康，穿搭可甜可咸
2037,http://www.bilibili.com/video/av87464454,0,0,42,0,fog开箱
2038,http://www.bilibili.com/video/av87232239,0,0,42,0,2020SS H&amp;M | 平价 | 购物分享
2039,http://www.bilibili.com/video/av87170843,0,0,42,2,美女宅着无聊，试穿198汉服，效果不尽人意，华丽款还是要买贵的
2040,http://www.bilibili.com/video/av87165423,0,0,42,0,【线头】入坑白菜裙子第三弹?格林特
2041,http://www.bilibili.com/video/av87123743,0,0,42,0,可能是Baby天国少女与AJ擦出的小火花
2042,http://www.bilibili.com/video/av87076227,1,1,42,3,释小龙时装大片，Z.TOP电子杂志
2043,http://www.bilibili.com/video/av86981823,0,0,42,0,【韩国东大门购物】在首尔打拼的农村姑娘
2044,http://www.bilibili.com/video/av86956658,0,0,42,1,一个高三党的球鞋分享!
2045,http://www.bilibili.com/video/av86883630,0,1,42,0,马克笔汉服手绘之明皇后鞠衣
2046,http://www.bilibili.com/video/av88348712,0,5,41,3,三种领带打法和一些小技巧，花式打领带
2047,http://www.bilibili.com/video/av88203228,0,3,41,1,【萌款/洛丽塔】超梦幻lo裙！绝美新色！国牌萌款梦见鲸鱼岛细节展示
2048,http://www.bilibili.com/video/av88135524,0,1,41,0,巴黎街头丨春天怎么穿丨和法国女孩过一天
2049,http://www.bilibili.com/video/av88086829,0,0,41,3,【柚子糖】新年焕新装，美美过新年
2050,http://www.bilibili.com/video/av88075905,0,0,41,0,春季新款风衣到货了！爆款！
2051,http://www.bilibili.com/video/av87920006,0,1,41,0,换装汉服后可能君临天下
2052,http://www.bilibili.com/video/av87541124,1,0,41,0,汉服半测评，  对我所买过的汉服指出一些缺点！
2053,http://www.bilibili.com/video/av87531108,0,2,41,3,【试穿】酒红色连裤袜你敢尝试吗？
2054,http://www.bilibili.com/video/av87503061,0,0,41,1,文艺而又迷人的少女感
2055,http://www.bilibili.com/video/av87454469,0,0,41,0,【春季穿搭】分享几套简约的暖春穿搭，待春暖花开时就可以用上了，小仙女们学起来吧～
2056,http://www.bilibili.com/video/av87136270,0,1,41,0,小个子别再穿大衣啦，显矮又俗气！建议穿这外套，拉长腿型更显高
2057,http://www.bilibili.com/video/av87106429,0,0,41,0,好看
2058,http://www.bilibili.com/video/av87062108,0,1,41,0,网友问领钉是什么
2059,http://www.bilibili.com/video/av86913726,0,0,41,0,非常时期，小本生意努力维持中????有喜欢衣服的猛戳VX????不定时直播中！点一点关注，谢谢????
2060,http://www.bilibili.com/video/av86877928,0,0,41,0,【jazzy le 】男友为我挑选一周穿搭（这个男友的时尚感还不错哦）
2061,http://www.bilibili.com/video/av88263177,0,1,40,0,麦克儿聊鞋EP8（番外篇）：蒙面小姐姐求我指导她打造一双马吉拉与匡威的联名
2062,http://www.bilibili.com/video/av88244264,0,0,40,3,茶羽中绝美 就是月野家的裙子真的起球太厉害了
2063,http://www.bilibili.com/video/av88180891,0,1,40,0,【I Covet Thee】MY COAT COLLECTION
2064,http://www.bilibili.com/video/av88169178,0,4,40,2,不超过200元的白菜齐胸衫裙～先屯着
2065,http://www.bilibili.com/video/av88114454,0,0,40,0,迟来的Zara早春新款分享～马卡龙的春天
2066,http://www.bilibili.com/video/av87960055,0,0,40,1,文龙xie道 AJ1 红漆禁穿
2067,http://www.bilibili.com/video/av87790681,1,4,40,13,我的過年Look
2068,http://www.bilibili.com/video/av87566414,0,2,40,0,【T.I.E】穿搭系列-2 黑色皮草短外套 一周7套不同风格穿搭灵感
2069,http://www.bilibili.com/video/av87549268,0,0,40,0,18k金akoya系列
2070,http://www.bilibili.com/video/av87445271,0,2,40,4,初春穿搭  | 矮子的马丁搭配| 宅在家用手机瞎剪的
2071,http://www.bilibili.com/video/av87443811,0,0,40,0,MCM Patricia复古马鞍包 Visetos经典印花系列
2072,http://www.bilibili.com/video/av87432024,0,0,40,3,我的明制婚礼 朋友粗略剪了一下～
2073,http://www.bilibili.com/video/av87096331,0,1,40,1,penshoppe神级种草机代言人:竟有Lisa，bella，Kendall，Kaia，Dara，南柱赫，Zayn，泰国小鲜肉马里奥，每个都好喜欢啊啊啊
2074,http://www.bilibili.com/video/av87008718,1,5,40,1,【互动视频】来一起玩qq秀吗？| 快时尚品牌穿搭
2075,http://www.bilibili.com/video/av86867434,0,0,40,0,Lolita“150”左右“超白菜”小裙叽种草～嘻嘻(?˙︶˙?)～
2076,http://www.bilibili.com/video/av88248524,0,0,39,0,带金边的打底裤你见过吗？
2077,http://www.bilibili.com/video/av88176772,0,2,39,1,【竖屏】千元就可买大牌！中古包购物分享！东京真的是中古包的天堂啊！太好买了！
2078,http://www.bilibili.com/video/av88036489,0,1,39,2,come on
2079,http://www.bilibili.com/video/av87963151,0,2,39,0,（英字）【leeanfilm】韩国女生的包包合集//BAG HAUL
2080,http://www.bilibili.com/video/av87923799,0,0,39,0,神奇的鞋子，穿上就能自动跑起来！
2081,http://www.bilibili.com/video/av87921996,0,1,39,1,【CC】秋冬帽子大分享！不爱洗头、手残党赶紧看过来！
2082,http://www.bilibili.com/video/av87908114,0,0,39,0,Shopping Haul ｜ Chanel两款经典魔术贴凉鞋对比 ｜ 秀场亮灯香奈儿凉鞋 ｜ Prada hobo bag ｜ 卡戴珊家的塑形衣们 ｜网红合集
2083,http://www.bilibili.com/video/av87891146,0,0,39,0,喜欢港风  缺少了那个味道 哈哈哈哈
2084,http://www.bilibili.com/video/av87451388,0,0,39,0,舒适百搭的Bounce百元运动束脚长裤推荐
2085,http://www.bilibili.com/video/av87374055,0,0,39,0,外国美女试穿分享001
2086,http://www.bilibili.com/video/av87325654,0,0,39,0,Vlog/[我的鞋墙分享]/一小部分哦
2087,http://www.bilibili.com/video/av87202899,0,0,39,4,一件连衣裙穿三年，如果我能出门了…
2088,http://www.bilibili.com/video/av87083869,0,0,39,0,【空瓶记】用过才有说服力！年度大型护肤分享tips，学生党必看
2089,http://www.bilibili.com/video/av87079666,0,1,39,2,OOTD初次试投国外读硕的无聊日常
2090,http://www.bilibili.com/video/av87076401,0,0,39,0,曝光拼多多nike鞋中底配置/拆解/拆解
2091,http://www.bilibili.com/video/av87030868,0,0,39,0,【欧美男模】【BRIGLIA1949】定春出镜
2092,http://www.bilibili.com/video/av88185378,0,1,38,1,日本lo牌baby辱华，它还是你们口中的baby爸爸吗？
2093,http://www.bilibili.com/video/av88022107,0,0,38,0,生命中最美好的一天
2094,http://www.bilibili.com/video/av87796310,0,0,38,0,心疼！又一双耐克被折腾
2095,http://www.bilibili.com/video/av87701470,0,2,38,2,看你老師 X 台灣鞋頭特集專訪 - 熱狗 Mc Hotdog - Pt 1
2096,http://www.bilibili.com/video/av87651836,0,2,38,13,【每周潮报】淡塔每周潮流资讯报道（一）
2097,http://www.bilibili.com/video/av87438417,0,0,38,0,AJ1倒钩，国内价格被炒作过万
2098,http://www.bilibili.com/video/av87384515,0,0,38,1,针织搭配、迎接美好的春天
2099,http://www.bilibili.com/video/av87360727,0,0,38,0,Dunk ow联名dunk 绿色 区别莆田 带你认识下什么叫原版组装
2100,http://www.bilibili.com/video/av87320581,0,1,38,2,Share1.0 | 我的篮球鞋分享【2】
2101,http://www.bilibili.com/video/av87164503,0,3,38,0,西服的旅行Sp：塑形
2102,http://www.bilibili.com/video/av87105639,0,0,38,1,【小满】是今日份的宝姐姐呀 | 汉服年会走秀存档
2103,http://www.bilibili.com/video/av87093158,0,2,38,0,【如何改造男朋友】男生穿搭之灵感篇
2104,http://www.bilibili.com/video/av86840115,0,0,38,1,戴好口罩 不要感冒
2105,http://www.bilibili.com/video/av88282844,0,1,37,1,【Hidelica】Lolita开箱｜ZJ爱丽丝双款双色｜75kg大码lo娘的日常，烧烤罪恶后遗症
2106,http://www.bilibili.com/video/av88198669,0,0,37,0,180块钱买的匡威值不值，双围蓝底的
2107,http://www.bilibili.com/video/av88114934,0,0,37,4,【微胖穿搭】158cm. 52kg暖冬穿搭分享
2108,http://www.bilibili.com/video/av88088787,0,2,37,0,初投稿//超甜der草莓浴衣开箱//初版草莓浴衣的甜蜜//
2109,http://www.bilibili.com/video/av88087747,0,0,37,0,Lv达芙妮上身图！真的好看吼！
2110,http://www.bilibili.com/video/av87972739,0,2,37,1,关于Hip-Hop的几个小知识~黑人为什么穿的肥大？Cobar Cop的帽檐竖起来是什么意思？平沿棒球帽的圆形贴纸有什么作用？
2111,http://www.bilibili.com/video/av87952216,0,0,37,0,春季牛仔外套
2112,http://www.bilibili.com/video/av87878596,0,0,37,1,在英国走汉服秀
2113,http://www.bilibili.com/video/av87795890,0,0,37,0,一直流行的格子外套配牛仔裤，原来可以这么美，时髦又高级
2114,http://www.bilibili.com/video/av87488186,0,0,37,4,看看海绵宝宝的心脏
2115,http://www.bilibili.com/video/av87465990,0,0,37,0,【汉服安利】春山集bambolotta
2116,http://www.bilibili.com/video/av87421368,0,0,37,0,太喜欢这首歌啦
2117,http://www.bilibili.com/video/av87402478,0,0,37,0,【日常】开箱-HM特价靴子
2118,http://www.bilibili.com/video/av87066512,1,1,37,1,[Brian The Bootmaker]生肉转载
2119,http://www.bilibili.com/video/av86949497,0,0,37,0,【内衣】中薄杯  酒红诱心聚拢法式三角杯来替代孔雀蓝这款的中薄杯！聚拢！大小胸型都适合 复古法式风情+升级版罩杯（更加贴合东方女性胸型）
2120,http://www.bilibili.com/video/av86895526,0,0,37,0,近期超爱耳环！简约华丽奢美，2020的第一支视频终于剪出来啦，希望疫情尽快过去，温州加油
2121,http://www.bilibili.com/video/av86860987,0,2,37,0,【三戸なつめのビデオブログ】日本模特merWEB撮影！（敲可爱的妹纸！）
2122,http://www.bilibili.com/video/av88294921,1,0,36,5,初二普通学生党的球鞋
2123,http://www.bilibili.com/video/av88241748,0,3,36,0,（英字）【Haruka Kuriyama】最近の購入品???【日用品、雑誌、コスメなど】（超喜欢这个博主的，身材超棒的！）
2124,http://www.bilibili.com/video/av88094771,0,0,36,2,Fendi vintage中古异形包，小众花样多！
2125,http://www.bilibili.com/video/av87908897,0,2,36,0,ins韩国kimehwa （酷似金高银的小姐姐）  2020年0101到0209穿搭记录分享
2126,http://www.bilibili.com/video/av87840755,0,0,36,0,汉服
2127,http://www.bilibili.com/video/av87828965,0,2,36,1,【Sylviald】在家无聊录视频！我的耳饰分享
2128,http://www.bilibili.com/video/av87593935,0,0,36,0,130斤开春穿搭
2129,http://www.bilibili.com/video/av87448884,0,0,36,0,卡帝这设计一般般，全靠石头大，片子倒是拍的不错。Cartier Destinee 系列婚戒定制过程。
2130,http://www.bilibili.com/video/av87376623,0,0,36,0,教你如何得心应手搭配牛仔外套
2131,http://www.bilibili.com/video/av87289406,0,0,36,2,旗袍
2132,http://www.bilibili.com/video/av87161513,2,5,36,7,大头女孩的12顶秋冬帽子分享|教你头大也能轻松显脸小|复古可爱女生必备|小众真爱私藏合辑
2133,http://www.bilibili.com/video/av87093167,0,0,36,0,【茉莉】看看我回国过年行李箱都有什么
2134,http://www.bilibili.com/video/av86889323,0,0,36,0,春季必备牛仔外套的搭配，能解决你春天所有的搭配，时髦又百搭
2135,http://www.bilibili.com/video/av88020115,1,3,35,3,【喵喵呜】萌喵柄~美短柄jsk
2136,http://www.bilibili.com/video/av88006940,0,0,35,0,Joy朴秀荣和迪丽热巴差4岁，同穿紫色毛衣，竟然都是隐藏时髦精！
2137,http://www.bilibili.com/video/av87826116,0,0,35,0,白菜汉服也很好看！
2138,http://www.bilibili.com/video/av87775417,0,2,35,1,（英字）【Sophia Chang 】我最常穿的衣服//My Most Worn Pieces
2139,http://www.bilibili.com/video/av87705555,0,5,35,0,『鉴赏』Breitling 百年灵 航空计时1 B03双追针腕表
2140,http://www.bilibili.com/video/av87386864,0,0,35,4,Jk安利转圈
2141,http://www.bilibili.com/video/av87326774,0,0,35,0,Dr.苏阳阳教你色彩搭配
2142,http://www.bilibili.com/video/av87111519,0,1,35,0,圆脸如何挑选耳饰？圆脸妹子看过来；饰品大合集；
2143,http://www.bilibili.com/video/av87084631,0,1,35,0,斯凯奇美少女限定测评！没有这双鞋你敢说自己是萌系少女？
2144,http://www.bilibili.com/video/av86860437,0,0,35,0,浓浓复古风
2145,http://www.bilibili.com/video/av88349618,0,1,34,0,PHENOMENAL CURVY FITNESS OUTFIT IDEAS (Anastasiya Kvitko)
2146,http://www.bilibili.com/video/av88329100,0,0,34,4,日常ootd  h&amp;m新款史迪仔联名卫衣！穿上可爱就是你的标签！
2147,http://www.bilibili.com/video/av88278719,0,0,34,0,jk日常
2148,http://www.bilibili.com/video/av88269968,0,1,34,0,淘宝探店 | 番茄小铺子 | 微胖穿搭 | 百元真的能买到这么好的衣服吗 | 平价女装店 | 学生党看就对了！
2149,http://www.bilibili.com/video/av88159873,0,0,34,0,中古店最常见的菲拉格慕平底鞋，都是几百块
2150,http://www.bilibili.com/video/av88073619,0,0,34,0,春季新款风衣！爆款！
2151,http://www.bilibili.com/video/av88061031,0,2,34,2,男生穿搭｜开工穿搭｜不要让糟糕的疫情影响开工的心情 生活不易 更要给自己加油打气
2152,http://www.bilibili.com/video/av87940218,0,0,34,0,让我做你的搭配师吧
2153,http://www.bilibili.com/video/av87906412,0,0,34,0,一周穿搭简约休闲/各种类型
2154,http://www.bilibili.com/video/av87808374,0,0,34,3,竹枝的日常---为这只簪子拍了个小故事
2155,http://www.bilibili.com/video/av87801972,0,1,34,0,小裙子开箱测评-第一期   适合秋冬的lo裙
2156,http://www.bilibili.com/video/av87764214,1,2,34,0,今天让我们走进侗寨体验不同的婚礼
2157,http://www.bilibili.com/video/av87758361,0,4,34,2,只要几十块的白菜原创汉服，对学生党非常友好
2158,http://www.bilibili.com/video/av87639125,0,0,34,2,air force 1gore tex
2159,http://www.bilibili.com/video/av87633496,0,0,34,0,最后爱人走了，敌人走了，兄弟走了，朋友走了……只剩下昭一人…解树改变了他的嗜血凶残却给了他深宫的寂寞，而他要的从始至终都是你……连你也走了，他真的什么都没有了
2160,http://www.bilibili.com/video/av87615252,0,0,34,3,Winter Essential 2019- 2020 冬季搭配
2161,http://www.bilibili.com/video/av87535039,0,3,34,1,（英字）【とみいちゃんねる】樱花妹子和狗狗的下北泽vlog（狗狗好萌，当然妹子也很卡哇伊）
2162,http://www.bilibili.com/video/av87520524,0,0,34,0,复古港风耳环
2163,http://www.bilibili.com/video/av87375306,1,3,34,0,3D打印 Iris Van Herpen 幕后制作、走秀视频合集
2164,http://www.bilibili.com/video/av87358212,0,0,34,0,OFFWHITE联名max90白色实拍细节 原版复刻
2165,http://www.bilibili.com/video/av87239121,0,1,34,1,有原创设计   也有参考古图的设计     希望大家喜欢汉服
2166,http://www.bilibili.com/video/av87015948,0,0,34,3,Nina&#39;s lookbook|我的年度最爱穿搭|在家没事做|这么穿显腿长
2167,http://www.bilibili.com/video/av87015727,0,0,34,0,在下锦衣卫南镇抚司 小姐姐莫慌臣来也
2168,http://www.bilibili.com/video/av86875509,0,4,34,0,（英字）【Gemary 】2020年1月爱用品//January Favorites 2020 Things Im Loving
2169,http://www.bilibili.com/video/av86831245,0,0,34,0,早春搭配适合文艺风，高开叉西装配高开叉连衣裙，春节穿高雅大气
2170,http://www.bilibili.com/video/av88230830,0,0,33,0,杂物房的意外发现          之                  詹姆斯16
2171,http://www.bilibili.com/video/av88170926,0,0,33,0,买到假货?Gucci竹节包有裂痕
2172,http://www.bilibili.com/video/av88074517,0,2,33,6,盐盐的穿衣装/一周我穿什么？
2173,http://www.bilibili.com/video/av87837407,0,1,33,0,1人付款 耐克Air Flightposite蓝风绿风一加内特男子休闲篮球鞋AO9378-500
2174,http://www.bilibili.com/video/av87767025,0,0,33,1,从前，有一座塔，叫做“落栗塔”
2175,http://www.bilibili.com/video/av87746927,0,0,33,0,每日穿搭
2176,http://www.bilibili.com/video/av87701231,0,0,33,0,超美的2020春季新款大容量托特包种草，学生党集美们开学必备哦！
2177,http://www.bilibili.com/video/av87697811,0,0,33,1,油管千万播放量视频——我花10万人民币加价购入，有人骂我傻？
2178,http://www.bilibili.com/video/av87594631,0,1,33,0,【全英文介绍】衣帽间的旅游视频
2179,http://www.bilibili.com/video/av87517748,0,0,33,1,小姐姐大学汉服show
2180,http://www.bilibili.com/video/av87456745,0,1,33,0,一生一饰
2181,http://www.bilibili.com/video/av87393923,0,2,33,0,【党妹/混剪/疯狂踩点】论党妹盛世美颜与古风电音的适容度
2182,http://www.bilibili.com/video/av87375651,0,2,33,0,【2020罗马漫展】cosplay最佳现场汇演
2183,http://www.bilibili.com/video/av87351399,0,1,33,1,简单却意外的时髦！时尚博主早春日常穿搭，穿出随性洒脱的好气质
2184,http://www.bilibili.com/video/av87350059,0,1,33,0,[中英字幕]对2020球鞋趋势以及发展预测~
2185,http://www.bilibili.com/video/av87268747,0,0,33,0,popeye2
2186,http://www.bilibili.com/video/av87141633,0,0,33,0,【Amy Serrano】10种T恤与牛仔裤的搭配（up和这个博主的身形一样，肩宽胯大腰细，可以借鉴啦）
2187,http://www.bilibili.com/video/av87084033,0,2,33,0,ootd|学生党|日常穿搭
2188,http://www.bilibili.com/video/av86973970,0,0,33,0,温少卿入驻
2189,http://www.bilibili.com/video/av86951151,0,1,33,3,各位桥本环奈康康这是什么神仙裙子！双色开箱?上身
2190,http://www.bilibili.com/video/av86949759,1,1,33,0,【大明少女·访西安青龙寺】盛夏光年——2019年汉服之旅
2191,http://www.bilibili.com/video/av86936199,0,0,33,0,各种唯美旗袍，量身定制。
2192,http://www.bilibili.com/video/av86917183,0,1,33,0,【汉服】敲美汉服萌妹子，萝莉齐胸襦裙写真图集！康康～?˙?˙????
2193,http://www.bilibili.com/video/av86785772,0,0,33,2,武汉，你好吗？
2194,http://www.bilibili.com/video/av88229385,0,0,32,0,一男子竟然这样虐待鞋子
2195,http://www.bilibili.com/video/av88200147,0,0,32,1,JK窥偷玫瑰写真集 入骨
2196,http://www.bilibili.com/video/av88152064,0,0,32,0,［显白穿搭］衣服色彩搭配秘诀 | 女生一定要知道的百搭干货
2197,http://www.bilibili.com/video/av87971656,0,0,32,1,[155cm 48kg]|想要变得可爱 | 一衣多穿 | 学生党 | 萌妹子
2198,http://www.bilibili.com/video/av87965432,0,0,32,0,Reformation $1000 试穿 | 约会穿什么 | 情人节穿搭 | 早春穿搭 0:08 / 8:45 Reformation $1000 试穿 | 约
2199,http://www.bilibili.com/video/av87860301,0,1,32,2,【kinoko中字】固体香 | 眼影盘 | 耳环 | 我的一月购物分享
2200,http://www.bilibili.com/video/av87843925,0,0,32,2,初春一周穿搭｜春天男生怎么搭配｜韩国穿搭｜基本款｜大衣面包服
2201,http://www.bilibili.com/video/av87839122,0,1,32,0,【周震南】卡地亚推广_周震南_架子鼓
2202,http://www.bilibili.com/video/av87824310,0,1,32,0,韩国欧巴春天怎么穿｜男生穿搭｜两分钟男装造型｜运动衫卫衣搭配｜
2203,http://www.bilibili.com/video/av87810160,0,1,32,0,【开箱】SSENSE折扣季低价入品牌经典鞋款+ 网站购物攻略｜NewBalance 990v5｜nike AF1 | Acne老爹鞋｜off white
2204,http://www.bilibili.com/video/av87692008,0,0,32,0,AJ3 白水泥 经典鞋款
2205,http://www.bilibili.com/video/av87593900,0,0,32,0,看你老師球鞋介紹 - Nike Air Foamposite one PRM &#39;Safari&#39;
2206,http://www.bilibili.com/video/av87590628,5,0,32,0,【显高显瘦干货】必备单品｜搭配技巧
2207,http://www.bilibili.com/video/av87517434,7,0,32,2,个人收藏球鞋展示！以后还会发更多素材，希望能多多支持～
2208,http://www.bilibili.com/video/av87491340,0,1,32,1,【Brian The Bootmaker】生肉转载全集  [chippewa engineer boots resole ]翻新齐佩瓦（吃屁娃）工程师靴
2209,http://www.bilibili.com/video/av87457254,0,0,32,0,东方购物，吴婷
2210,http://www.bilibili.com/video/av87125810,0,0,32,0,※世 外 蓬 莱※ 月·魄
2211,http://www.bilibili.com/video/av87048982,0,0,32,0,阿迪Yeezy 350 Boost V2
2212,http://www.bilibili.com/video/av86896893,0,0,32,0,点缀是在不经意间的
2213,http://www.bilibili.com/video/av86893530,0,4,32,2,汉服设计基础-人体动态
2214,http://www.bilibili.com/video/av88301188,0,0,31,0,早春系列
2215,http://www.bilibili.com/video/av88250263,0,0,31,1,初春穿搭分享/小个子女生/160穿搭分享
2216,http://www.bilibili.com/video/av88171407,0,0,31,0,这鞋子买下来可能倾家荡产
2217,http://www.bilibili.com/video/av88145133,0,1,31,0,下次一定要学会合理的剪辑。
2218,http://www.bilibili.com/video/av88113237,0,0,31,0,【琉花Luka】彼女がデニムを履く理由。谁说白T+牛仔裤不好看
2219,http://www.bilibili.com/video/av87885735,3,1,31,0,【年度鞋品大赏】最常穿的8双带跟鞋靴｜过半数来自小ck
2220,http://www.bilibili.com/video/av87827591,0,0,31,0,允许小小发布下
2221,http://www.bilibili.com/video/av87774454,4,1,31,1,【御姐甜美风 衣包分享】黑黑蓝蓝大衣/一辈子风衣/白咩咩/高光小粉皮羽绒/包包
2222,http://www.bilibili.com/video/av87719646,0,4,31,1,【嫁衣】“白月光”&amp;“朱砂痣”汉服、汉元素
2223,http://www.bilibili.com/video/av87569292,0,1,31,0,贫穷学生的鞋墙展示
2224,http://www.bilibili.com/video/av87310061,0,0,31,2,【挫男穿搭指南第四期】牛仔外套基础搭配
2225,http://www.bilibili.com/video/av87308261,0,0,31,2,ACE  Yo  - YOYO潮流girl   造型特辑  （2） 「 mercy3」季度概念型录
2226,http://www.bilibili.com/video/av87281940,0,0,31,2,穿搭vlog|日系穿搭‖小个子
2227,http://www.bilibili.com/video/av87168104,0,0,31,1,试衣到家—她穿_刑天琦：在电台做新闻主持人的奇妙人生
2228,http://www.bilibili.com/video/av87106545,0,0,31,0,100多元的白菜汉服，到底有多好穿？模特和素人现实对比，哈哈哈
2229,http://www.bilibili.com/video/av87082216,0,1,31,1,薄雾携风，慢把珠帘解
2230,http://www.bilibili.com/video/av86941263,0,0,31,0,李智恩日常穿搭
2231,http://www.bilibili.com/video/av86841941,0,0,31,1,来自早春的问候丨实用穿搭分享
2232,http://www.bilibili.com/video/av88062099,2,0,30,0,汉服
2233,http://www.bilibili.com/video/av87931135,1,2,30,0,『古着vintage』外贸古着服饰，亲民小众，独一无二有兴趣的点进来了解一下！
2234,http://www.bilibili.com/video/av87818290,0,0,30,0,白菜价汉服分享
2235,http://www.bilibili.com/video/av87775205,0,0,30,5,一双炒鸡好看的皮蓬牛仔！
2236,http://www.bilibili.com/video/av87734324,0,0,30,0,Gucci 、Lv奢侈品鞋子推荐
2237,http://www.bilibili.com/video/av87607630,1,0,30,1,微胖妹子的穿衣展示，好看吗？
2238,http://www.bilibili.com/video/av87588171,0,0,30,0,FENDI | spring summer 2020 |Full show
2239,http://www.bilibili.com/video/av87494735,2,0,30,2,【珠宝种草】适合送给心爱直男的百搭款军牌项链
2240,http://www.bilibili.com/video/av87330858,0,2,30,0,本命年一双红袜子，好搭又好看
2241,http://www.bilibili.com/video/av87329790,0,3,30,1,【Brian The Bootmaker】生肉转载全集   [wolverine 1000 mile resole] 翻新沃弗林1000英里
2242,http://www.bilibili.com/video/av87307210,0,0,30,0,ACE  Yo  - YOYO潮流girl   造型特辑   「 mercy3」季度概念型录
2243,http://www.bilibili.com/video/av87299352,0,2,30,0,快来看看素不素你的梦校！圣马丁本科时尚设计与营销（FDM）专业的学生在fashion design studio埋头苦学中的73问～
2244,http://www.bilibili.com/video/av87291505,0,0,30,0,看你老師球鞋介紹 - The Olympic Pack (奧運組合包)
2245,http://www.bilibili.com/video/av87264923,0,1,30,0,自带增高的牛津英伦小皮鞋
2246,http://www.bilibili.com/video/av86975496,0,0,30,0,请输入搜索词:www  1～2集裴塔美/林秀晶饰演  韩剧职场女性穿搭  BGM:wow(cover:MAMAMOO)
2247,http://www.bilibili.com/video/av86969508,0,3,30,2,一株冷杉┊做一个日系风的宠物围脖 猫咪围兜系列二
2248,http://www.bilibili.com/video/av86933374,0,1,30,0,【Lizzy Hadfield】Some Things That Are Inspiring Me
2249,http://www.bilibili.com/video/av88208112,0,1,29,2,购物分享｜这个冬天我都买了啥｜冰雪奇缘项链｜奶片面膜
2250,http://www.bilibili.com/video/av88195481,0,0,29,0,【优衣库穿搭】梨形身材的妹子看这里哦！
2251,http://www.bilibili.com/video/av88159370,0,0,29,0,自然蕾丝內衣开箱！
2252,http://www.bilibili.com/video/av88157175,0,2,29,2,I am not player on the world
2253,http://www.bilibili.com/video/av88102637,0,0,29,1,带你揭秘时装圈最神秘的设计师
2254,http://www.bilibili.com/video/av87868606,0,1,29,0,冰小蓝在不到110斤压力下的形变
2255,http://www.bilibili.com/video/av87840515,0,1,29,0,潮鞋
2256,http://www.bilibili.com/video/av87820780,0,0,29,0,你要的打卡神仙宝藏古着店/成都古着店/Play vintage古着屋#vintage #古着 #成都古着 #古着店 #拍照打卡
2257,http://www.bilibili.com/video/av87692013,0,0,29,0,鞋厂厂长家的狗子????突然有一种厂长你家还缺狗子吗的想法????????
2258,http://www.bilibili.com/video/av87639768,0,0,29,0,2分钟看完时尚博主Aimee Song 7年穿搭进阶路程！！
2259,http://www.bilibili.com/video/av87593736,0,1,29,3,【上元佳节】汉服小姐姐/明月逐人来
2260,http://www.bilibili.com/video/av87510391,0,1,29,0,成都秀丽东方短视频拍摄基地
2261,http://www.bilibili.com/video/av87504478,0,0,29,0,文龙xie道 AJ11 黑红
2262,http://www.bilibili.com/video/av87474918,0,0,29,0,懒人居家必备的卷发棒教程，水波纹蛋卷头简单夹，在家也能做美发
2263,http://www.bilibili.com/video/av87460199,0,0,29,0,第一个燕子包
2264,http://www.bilibili.com/video/av87456417,0,0,29,0,【美 式 甜 心】90s美国甜心穿搭/dollskill开箱测评/夏日复古穿搭/田园风
2265,http://www.bilibili.com/video/av87420933,0,3,29,0,2月7日 824直播录像   下
2266,http://www.bilibili.com/video/av87413100,0,1,29,0,【猪猪】172 49kg/轻港风小香风学生党/春季开学必备衬衣分享 看我都最喜欢哪些衬衣？来和我唠唠嗑吧～
2267,http://www.bilibili.com/video/av87310967,0,0,29,0,【挫男穿搭指南第十期】格子衬衫怎么搭
2268,http://www.bilibili.com/video/av87309528,0,0,29,0,【挫男穿搭指南第一期】基础西装外套怎么搭？
2269,http://www.bilibili.com/video/av87245421,0,0,29,1,用18世纪的搭配美学， 做2020年春季搭配 | 2020 spring | 4大单品8套搭配 | irenajiang
2270,http://www.bilibili.com/video/av87053152,0,0,29,0,汉服交襟衬衫
2271,http://www.bilibili.com/video/av86956533,5,2,29,1,【Crop Top搭配建议】首先建议有A4腰
2272,http://www.bilibili.com/video/av86955570,0,0,29,0,【lo鞋】那些2月还在预售的优雅好看的lo鞋
2273,http://www.bilibili.com/video/av86949430,0,0,29,3,年度最爱！lo裙搭配的小物们
2274,http://www.bilibili.com/video/av86475042,0,0,29,0,胖女孩的春季穿搭
2275,http://www.bilibili.com/video/av88267700,0,0,28,2,一双马丁靴如何穿一整年
2276,http://www.bilibili.com/video/av88240909,0,1,28,2,（英字）【Lizzy Hadfield 】1月时尚报告//Monthly Fashion Report  January 2020
2277,http://www.bilibili.com/video/av88190181,0,1,28,0,开箱一条中古小裙子 AP的西洋棋
2278,http://www.bilibili.com/video/av88076344,0,0,28,0,新款风衣到货了！爆款！
2279,http://www.bilibili.com/video/av88068655,0,2,28,2,【矢鸠拾镹】万用cos和服两件套制作过程记录向
2280,http://www.bilibili.com/video/av88055398,0,1,28,0,订婚三金买什么？
2281,http://www.bilibili.com/video/av87870717,0,0,28,0,嘿！是你喜欢的粉粉格裙吗！！
2282,http://www.bilibili.com/video/av87720286,0,1,28,2,入坑一年半我究竟花了多少购入汉服？
2283,http://www.bilibili.com/video/av87652664,0,0,28,2,半夜三更穿搭
2284,http://www.bilibili.com/video/av87573598,0,0,28,0,【穿搭】我也不知道这是什么鬼穿搭/小小改变大大的困惑
2285,http://www.bilibili.com/video/av87562594,1,0,28,2,二月份购物开箱 （上） | Unboxing Haul | 春夏装分享 | Farfetch，Need Supply，Lookfantastic
2286,http://www.bilibili.com/video/av87121953,3,1,28,1,不孝孙女偷穿奶奶的老衣服复古（？）穿搭（？）系列
2287,http://www.bilibili.com/video/av87110169,0,1,28,0,游学设计师巴黎探店
2288,http://www.bilibili.com/video/av87027718,0,0,28,0,爱洋气的妈妈们穿上这款中长皮u外套，收腰显瘦，时尚显年轻……
2289,http://www.bilibili.com/video/av87009565,0,0,28,3,这样的成果你们爱了吗
2290,http://www.bilibili.com/video/av86897843,0,0,28,0,Gucci小脏鞋真假鉴定方法
2291,http://www.bilibili.com/video/av86856747,0,0,28,0,好想出门啊！准备了这么多可盐可甜系的搭配！
2292,http://www.bilibili.com/video/av88287230,0,0,27,0,【二月必买新鞋!】去买鞋顺便看看街上的情况
2293,http://www.bilibili.com/video/av88235387,0,0,27,0,YEEZY BOOST 350 V2&quot;YECHEIL&quot;2019年版 黑红开箱
2294,http://www.bilibili.com/video/av88233398,0,1,27,2,女生必备的一款AJ香芋紫太可爱了
2295,http://www.bilibili.com/video/av88185930,0,0,27,0,你的早春穿搭|卫衣穿搭分享|2020穿搭
2296,http://www.bilibili.com/video/av88162051,1,0,27,0,白冰淇淋
2297,http://www.bilibili.com/video/av88103734,0,0,27,0,英式 V S 意大利 的男士风格穿搭哲学
2298,http://www.bilibili.com/video/av88000942,0,0,27,1,一个贫穷袍子一年拥有的汉服汇总
2299,http://www.bilibili.com/video/av87827428,1,1,27,2,几百元能买到真正的双面羊绒大衣吗，双面呢如何识别好坏
2300,http://www.bilibili.com/video/av87745859,0,1,27,12,莆田鞋“纯愿”到底什么水平？用一双乔丹1代黑影子告诉你
2301,http://www.bilibili.com/video/av87541687,0,0,27,1,日常穿搭！！！不能出门的第十五天  憋出一个小萌新
2302,http://www.bilibili.com/video/av87512714,0,1,27,0,那些年拍过的Lolita（汉服）写真合集
2303,http://www.bilibili.com/video/av87456329,0,0,27,0,Vlog | 私藏复古耳饰合集分享（2）
2304,http://www.bilibili.com/video/av87414934,1,4,27,0,2月7日 824直播录播 上
2305,http://www.bilibili.com/video/av87310632,0,0,27,3,【挫男穿搭指南第八期】工装短袖搭配
2306,http://www.bilibili.com/video/av87295262,0,0,27,1,奇物共欣赏 chrome hearts克罗心蓝色牛仔裤 绿色皮质十字架 全银河系只此一条27码
2307,http://www.bilibili.com/video/av87224564,0,1,27,0,JK山正店有哪些？萌新集美快来康康。
2308,http://www.bilibili.com/video/av87223593,0,0,27,0,JK山正店都有哪些？萌新集美快来康康。
2309,http://www.bilibili.com/video/av87202276,0,0,27,0,新年拜年Lolita穿搭向，话说只有穿的乖的才有压岁钱呢
2310,http://www.bilibili.com/video/av87055082,0,0,27,1,最近火了一种新穿法，叫“两件外套叠着穿”，保暖不显胖还超有范
2311,http://www.bilibili.com/video/av87044886,0,0,27,0,华兴唐汉服
2312,http://www.bilibili.com/video/av86865335,0,0,27,0,Damian lillard
2313,http://www.bilibili.com/video/av86853516,0,0,27,1,给健身的集美们的健身服上衣选购技巧和避雷！干干干干货！
2314,http://www.bilibili.com/video/av86821691,0,0,27,0,随意穿搭
2315,http://www.bilibili.com/video/av86042947,0,2,27,0,我都买了哪些耳夹？「平价小众」
2316,http://www.bilibili.com/video/av88266393,0,0,26,0,全新绝版匡威～?你绝对会爱上它
2317,http://www.bilibili.com/video/av88265034,0,0,26,2,亚瑟士jog 100黑武士の初体验
2318,http://www.bilibili.com/video/av88150364,0,0,26,0,冲！！刮开这双AJ1白丝绸，刮完秒变黑金脚趾！
2319,http://www.bilibili.com/video/av88074417,0,0,26,0,春天花季治愈热缩梨花桃花耳钉限时特惠，掐丝新款茶花、凤凰、莲花…
2320,http://www.bilibili.com/video/av87996363,0,3,26,4,近期购物分享#pradaHOBO腋下包#日默瓦新款登机箱#限量AJ6#国货彩妆#兰蔻菁纯#好用好用嘿嘿
2321,http://www.bilibili.com/video/av87981457,1,0,26,0,一件小香风皮草的多种穿搭可能
2322,http://www.bilibili.com/video/av87975046,3,1,26,1,【张余歌】落花笺帝川开箱试穿——感觉自己是女侠
2323,http://www.bilibili.com/video/av87952296,0,1,26,3,【玉子咕咕】在校期间最常穿的十双臭鞋分享
2324,http://www.bilibili.com/video/av87766498,0,0,26,0,穿搭进化史，大学前-本科-目前
2325,http://www.bilibili.com/video/av87700844,0,0,26,0,看你老師 X 台灣鞋頭特集專訪 - 頑童 MJ116
2326,http://www.bilibili.com/video/av87531359,0,1,26,0,【恋爱播放列表4】朴天空的盐系穿搭
2327,http://www.bilibili.com/video/av87515909,0,0,26,0,文龙xie道 700v3 黑
2328,http://www.bilibili.com/video/av87476615,0,1,26,0,看你老師球鞋介紹 - Air Jordan VI _ Infrared &amp; DMP Pack
2329,http://www.bilibili.com/video/av87350665,0,0,26,0,短款羽绒服巨显瘦，高个矮个妹子都可以驾驭，简单穿搭气质取胜
2330,http://www.bilibili.com/video/av87348724,0,1,26,0,[抖音]那些令人惊艳的汉服装扮
2331,http://www.bilibili.com/video/av87295043,0,6,26,0,找老婆
2332,http://www.bilibili.com/video/av87216213,0,1,26,0,街拍美女剪辑
2333,http://www.bilibili.com/video/av87187556,0,0,26,0,2020年春季新款潮流男鞋街拍穿搭指南
2334,http://www.bilibili.com/video/av87173870,0,0,26,0,小ck   小mk情人节限定，美炸！！
2335,http://www.bilibili.com/video/av87104725,0,0,26,0,【温暖的弦Part3】时尚着装/职场穿搭/衣服配色/张钧甯cut
2336,http://www.bilibili.com/video/av87096917,1,0,26,0,160cm92斤|分享瘦子过年斥巨资买的衣服！巨仙又超A的，超显瘦！！！
2337,http://www.bilibili.com/video/av86994618,0,2,26,0,白城瀚海汉服社~新年秀
2338,http://www.bilibili.com/video/av86929183,0,0,26,1,腰封了解一下
2339,http://www.bilibili.com/video/av86928682,0,0,26,0,白菜出河汉涓埃家的直裰，康康吧！不吃亏的！过年汉服买多了嘤嘤嘤！
2340,http://www.bilibili.com/video/av88295424,0,0,25,2,AJ1倒钩鞋王低帮，细节对比，你买到的fake就这样的品质？
2341,http://www.bilibili.com/video/av88064589,0,0,25,0,穿搭vlog|日牌日系搭配‖crisp|gu|ruby‖小个子
2342,http://www.bilibili.com/video/av88038436,0,1,25,0,九五城里的公子哥儿
2343,http://www.bilibili.com/video/av88004570,0,0,25,0,入坑一年不如一个月！！！
2344,http://www.bilibili.com/video/av87975595,0,0,25,0,第19话 2020春季男生不知道裤子怎么买怎么搭？X宝裤子爆款TOP10款式及搭配都在这里！！总有一套适合你
2345,http://www.bilibili.com/video/av87974706,0,1,25,1,需要姐妹吗？会教你做汉服的那种哦
2346,http://www.bilibili.com/video/av87956031,1,1,25,1,【机能球鞋改装】闲鱼捡漏的vpmx97爆改外观！未来感
2347,http://www.bilibili.com/video/av87948278,0,2,25,0,NiCE UA 25：&quot;PAPER made in POPEYE&quot; [UNITED ARROWS]
2348,http://www.bilibili.com/video/av87880514,0,0,25,0,"ywsasa|穿搭|one more item, one more look"
2349,http://www.bilibili.com/video/av87832536,0,0,25,0,Air Jordan 4 IV What The Nike Air Jordan4 What The AJ4 红蓝鸳鸯 男女篮球鞋CI1184-146
2350,http://www.bilibili.com/video/av87717570,0,0,25,0,三坑混搭就很快乐
2351,http://www.bilibili.com/video/av87665333,2,2,25,0,【红毛joy/穿搭风格/phycso】ins小九穿搭日记
2352,http://www.bilibili.com/video/av87505887,0,0,25,0,你最想实现的愿望是什么
2353,http://www.bilibili.com/video/av87487077,0,0,25,0,半夜更新一个，汉服版单膝下跪，将一颗小心心送给心爱的小公主
2354,http://www.bilibili.com/video/av87466361,0,0,25,0,美美哒小姐姐搭配好看的马鞍包，是心动吖！春夏系列之包治百病。
2355,http://www.bilibili.com/video/av87416634,0,0,25,0,美美哒春款
2356,http://www.bilibili.com/video/av87261876,0,0,25,0,Korea Fashion韩式穿搭分享
2357,http://www.bilibili.com/video/av87238120,0,1,25,1,【WEY】十里七巷 年年短比甲 开箱
2358,http://www.bilibili.com/video/av87123949,0,0,25,0,※长 安 十 二 时 辰※清·平·乐
2359,http://www.bilibili.com/video/av87112566,0,1,25,2,时尚逆袭手表戴法
2360,http://www.bilibili.com/video/av87018923,0,1,25,0,【温暖的弦Part1】张钧甯张瀚/职场穿搭/温暖配色/衬衣搭配/商务休闲装/色彩搭配
2361,http://www.bilibili.com/video/av87009446,0,0,25,0,lolita cla系少女
2362,http://www.bilibili.com/video/av87008887,0,0,25,2,国牌lolita日常
2363,http://www.bilibili.com/video/av87003225,0,0,25,0,什么？nike都有react了？那我们来聊聊airmax2015吧…
2364,http://www.bilibili.com/video/av86969081,0,0,25,0,YILIMITEE 行一設計出品 義大利全手工訂製
2365,http://www.bilibili.com/video/av86814144,0,0,25,0,压岁钱怎么花？买身衣服美美哒！
2366,http://www.bilibili.com/video/av88207244,6,1,24,2,是真是假自己进来看！
2367,http://www.bilibili.com/video/av88165695,0,0,24,0,贴吧找的图
2368,http://www.bilibili.com/video/av88099013,0,0,24,1,我拥有的汉服1
2369,http://www.bilibili.com/video/av88003867,0,0,24,0,【木风】现货Lolita鞋子分享|几双值得购买的平价神仙鞋子|几乎百搭任何裙子
2370,http://www.bilibili.com/video/av88001488,0,0,24,0,超美的极光淡水珍珠链
2371,http://www.bilibili.com/video/av87991501,0,1,24,0,好喜欢
2372,http://www.bilibili.com/video/av87931530,0,0,24,2,美女妖且闲，春来乐游园
2373,http://www.bilibili.com/video/av87922911,0,1,24,0,易烊千玺同款外套?草莓脏脏鞋
2374,http://www.bilibili.com/video/av87833914,0,0,24,0,Air Jordan3乔3AJ3男女叶绿素摩卡咖啡灰绿气垫篮球鞋136064-006
2375,http://www.bilibili.com/video/av87795758,0,1,24,1,建 议 改 成:郊 区 高 中 生 的 收 藏
2376,http://www.bilibili.com/video/av87771936,0,0,24,0,穿搭进化史
2377,http://www.bilibili.com/video/av87758106,0,0,24,0,cozykitsune 初秋拉 丧丧的复古风 瑞典丹麦风 Early Autumn Haul
2378,http://www.bilibili.com/video/av87737823,0,0,24,0,金智妮私服穿搭(jennie慵懒穿搭)
2379,http://www.bilibili.com/video/av87662822,0,0,24,4,我漂亮的耳环们
2380,http://www.bilibili.com/video/av87645396,0,0,24,4,【橘某推荐鞋】第二期，几款百元Adidas鞋，好看时尚
2381,http://www.bilibili.com/video/av87625096,0,0,24,0,象牙夫人每日穿搭 | 2020春夏新品穿搭 | 日常穿搭
2382,http://www.bilibili.com/video/av87586476,0,0,24,2,Pitti Uomo -  2020年佛罗伦萨经典男装
2383,http://www.bilibili.com/video/av87546184,0,0,24,0,兰若庭太平有象如意松鼠妆花马面
2384,http://www.bilibili.com/video/av87463855,1,0,24,0,『小0』Shopping Haul|||近期购物分享
2385,http://www.bilibili.com/video/av87425638,0,1,24,2,春夏秋冬
2386,http://www.bilibili.com/video/av87419120,0,0,24,0,【珠宝种草】权志龙把这句人生信条纹在了身上，我把它戴在了手上
2387,http://www.bilibili.com/video/av87376572,0,0,24,0,汉服  龙蟒袍子
2388,http://www.bilibili.com/video/av87316670,0,0,24,0,身高1.6米的冬季穿搭
2389,http://www.bilibili.com/video/av87290656,14,2,24,0,冬日里想过夏天
2390,http://www.bilibili.com/video/av87278050,0,0,24,0,假装这是一个wt拍的广告片~给西山打call !＃wtaps!
2391,http://www.bilibili.com/video/av87228985,0,0,24,0,教你帅气的拍照姿势「变身帅气的福尔摩斯神探」
2392,http://www.bilibili.com/video/av87176222,8,2,24,4,【屁儿椒穿搭】不能出门的日子就在家尬舞/164cm 51kg的梨形身材/分享三件短款毛衣外套
2393,http://www.bilibili.com/video/av87152703,0,1,24,0,Fashion Haul-冬季13套穿搭分享????????????
2394,http://www.bilibili.com/video/av86945300,0,1,24,3,第一次投稿手作，可以扩列也可以买簪。
2395,http://www.bilibili.com/video/av86917790,0,2,24,1,一個遲來的漢服出行日vlog希望在這個時期能帶給大家一絲歡樂，武漢加油！中國加油！
2396,http://www.bilibili.com/video/av86885043,0,0,24,0,【汉服开箱】杉水集立领衫 晚香玉＋蔷薇花园 仙白蔷薇
2397,http://www.bilibili.com/video/av86862325,0,2,24,0,秋冬女生最需要的就是靴子，如何选择适合自己的很重要，你知道么
2398,http://www.bilibili.com/video/av86853521,0,0,24,0,女生日系日杂穿搭欣赏视频版（一）
2399,http://www.bilibili.com/video/av86844406,0,0,24,0,象牙夫人每日穿搭 | 温柔小姐姐穿搭
2400,http://www.bilibili.com/video/av86798037,1,0,24,0,学生党?鞋控必备
2401,http://www.bilibili.com/video/av86792042,0,1,24,0,怀旧巴黎的美好年代！！！— LV（路易威登）2020春夏系列｜完美踩点
2402,http://www.bilibili.com/video/av88293793,0,1,23,5,【预告】是你的仙女吗？发型教程预告，偏戏曲风
2403,http://www.bilibili.com/video/av88247740,8,0,23,0,贫穷警校生の球鞋分享|AJ|Yeezy|C2H4|
2404,http://www.bilibili.com/video/av88197460,5,0,23,0,小中哥 | 162cm 46kg大头直腿姐们儿的简洁春季日常踩点穿搭 | 卫衣 | 西装 | 衬衣 -成熟or减龄的简单平民装扮，做酷girl还是美girl
2405,http://www.bilibili.com/video/av88162253,0,0,23,0,yeezy
2406,http://www.bilibili.com/video/av88070502,0,0,23,0,[扶疏]测评钦花社家中华风Lolita爱丽丝游园记
2407,http://www.bilibili.com/video/av88061215,0,1,23,0,超高还原度的楪祈
2408,http://www.bilibili.com/video/av88050085,0,0,23,0,10万人民币加价购入的nike“耶稣鞋”，官网上架2分钟售空！！
2409,http://www.bilibili.com/video/av88004708,0,0,23,0,【Lolita资讯9-情侣装合集】
2410,http://www.bilibili.com/video/av87994964,0,1,23,1,《黑执事》“夏尔”凡多姆海威cos 知更鸟（女装）
2411,http://www.bilibili.com/video/av87964172,0,0,23,0,初投|日系大衣穿搭|小个子胯宽|敲可爱|学院风|空调房可脱卸穿搭
2412,http://www.bilibili.com/video/av87962466,1,0,23,1,淘宝平价耳夹|无耳洞|
2413,http://www.bilibili.com/video/av87944384,0,0,23,1,一个简陋的天使颂歌开箱
2414,http://www.bilibili.com/video/av87908591,0,0,23,0,创业之路
2415,http://www.bilibili.com/video/av87874690,0,0,23,1,上遥居水殿戏汉服开箱
2416,http://www.bilibili.com/video/av87866749,0,0,23,0,Yuan’s  OOTD|VOL.04 新年红色元素穿搭分享 韩系休闲穿搭 红色元素穿搭灵感
2417,http://www.bilibili.com/video/av87853821,0,0,23,1,【扑棱星球】tibbie模特图展示
2418,http://www.bilibili.com/video/av87806188,1,0,23,1,看你老師球鞋介紹 - Yeezy 750 Boost from Adidas
2419,http://www.bilibili.com/video/av87793107,0,1,23,0,【我的 250 双鞋】蕾丝鞋你选对了么？
2420,http://www.bilibili.com/video/av87778934,0,1,23,2,【汉服发饰】有一个簪娘闺蜜是什么样的体验？（一）
2421,http://www.bilibili.com/video/av87757498,0,0,23,0,基础穿搭
2422,http://www.bilibili.com/video/av87507230,0,0,23,1,打工仔眼中的INNERSECT
2423,http://www.bilibili.com/video/av87476375,0,0,23,0,致敬 高山隆 独眼巨人戒指
2424,http://www.bilibili.com/video/av87366748,0,0,23,0,「LePresent」春日Must拥有的Carel玛丽珍鞋亲测
2425,http://www.bilibili.com/video/av87349499,0,1,23,1,西装外套怎么搭配才好看，学学时尚博主穿搭，时髦减龄穿出女神范
2426,http://www.bilibili.com/video/av87310238,0,0,23,0,【挫男穿搭指南第五期】浅牛仔裤怎么搭
2427,http://www.bilibili.com/video/av87183838,4,0,23,0,【珠宝种草】故宫鼠年款“吐珠鼠”手链寓意鼠你有钱
2428,http://www.bilibili.com/video/av87094530,0,0,23,0,敏感肌种草篇——温和修护皮肤屏障，哪些性价比护肤品最值得入？
2429,http://www.bilibili.com/video/av87065701,0,0,23,0,JK制服开箱?贰333家的珊瑚海
2430,http://www.bilibili.com/video/av86845932,0,0,23,0,汉服游古北水镇的小剧场～
2431,http://www.bilibili.com/video/av86845342,0,0,23,1,双坑女孩吃土日常
2432,http://www.bilibili.com/video/av86805046,0,0,23,0,「155cm42kg」小个子紫色穿搭
2433,http://www.bilibili.com/video/av88221550,0,0,22,1,鱼酱|153矮个子|JK制服分享第2期
2434,http://www.bilibili.com/video/av88216753,0,0,22,0,原 声 带 大 片
2435,http://www.bilibili.com/video/av88202654,0,0,22,0,【AMei】黑色穿搭 | 不会过时的懒人穿搭  | 简约暗黑cool girl
2436,http://www.bilibili.com/video/av88080476,3,3,22,3,闲的无聊做个发型（我快要在家宅疯啦啊啊啊啊啊啊啊啊啊）
2437,http://www.bilibili.com/video/av88055119,1,1,22,0,michaela  co泡泡袖礼服
2438,http://www.bilibili.com/video/av88039804,0,0,22,1,中华风洛丽塔你值得拥有！
2439,http://www.bilibili.com/video/av87826118,0,0,22,0,凌灿烂的旗袍
2440,http://www.bilibili.com/video/av87818813,0,0,22,0,第8话 2020春季潮男炸街个性运动鞋街拍搭配指南
2441,http://www.bilibili.com/video/av87774186,0,1,22,0,160cm 100斤女孩看过来！
2442,http://www.bilibili.com/video/av87763425,0,1,22,3,【WEY】素华一派 城市短衫 奶茶马面 开箱
2443,http://www.bilibili.com/video/av87595657,0,0,22,3,看你老師球鞋介紹 - Nike Kobe 8 and Nike Sole collector &#39;The Glove&#39;
2444,http://www.bilibili.com/video/av87527707,0,0,22,0,过节就由我来给大家表演一个旗袍秀吧！
2445,http://www.bilibili.com/video/av87508349,0,1,22,0,一口气买八个包|学生党也hold住的包包分享|一起玩转闺蜜穿搭
2446,http://www.bilibili.com/video/av87475208,1,3,22,1,【想变得可爱】快进来感受安然仙女的美丽暴击！！！
2447,http://www.bilibili.com/video/av87439057,0,0,22,0,PDadore独家早春新款 珐琅彩色拼接 淬火水钻男女钛合金 古巴链 手链
2448,http://www.bilibili.com/video/av87328344,0,0,22,4,大ｖ腕表 劳力士迪通拿改装彩虹迪胶带款太帅啦！奢华中带着低调的改装腕表！
2449,http://www.bilibili.com/video/av87278628,0,1,22,2,[小众] “总有一件你喜欢”
2450,http://www.bilibili.com/video/av87156114,0,1,22,0,看看175cm体重116斤的我如何重复穿衣搭配
2451,http://www.bilibili.com/video/av87001499,0,0,22,1,GOLF Fashion Show 合集
2452,http://www.bilibili.com/video/av86978601,0,0,22,0,【大明少女】愿大家2020年，百病不侵，平安喜乐，万事胜意。
2453,http://www.bilibili.com/video/av86958543,0,0,22,0,月圆之夜lolita开箱，“月圆之夜我将为你静静祈祷”[ lolita服装]
2454,http://www.bilibili.com/video/av86892197,0,0,22,0,这个春节怎么过，宅家鼓捣汉服
2455,http://www.bilibili.com/video/av86851329,0,0,22,0,审判者系列之迷彩审判者，“披上战衣去战斗吧！”[ lolita装扮]
2456,http://www.bilibili.com/video/av88253346,0,0,21,0,盘点第92届奥斯卡红毯最佳穿著 布莱德彼特、纳塔莉波曼、莎夏罗南、提摩西夏勒梅｜2020奥斯卡｜
2457,http://www.bilibili.com/video/av88172483,0,0,21,0,每日时尚穿搭
2458,http://www.bilibili.com/video/av88097208,0,0,21,0,Afrom | 韩国女生开春时尚单品穿搭分享
2459,http://www.bilibili.com/video/av88038316,0,0,21,1,【扑棱星球】tibbie鞋夹使用展示
2460,http://www.bilibili.com/video/av87996082,7,0,21,0,【欧美街拍/日常穿搭】Which is your choice｜或许总有一款
2461,http://www.bilibili.com/video/av87959870,0,0,21,0,文龙xie道 AJ1 影子 二层
2462,http://www.bilibili.com/video/av87921497,0,1,21,0,侃爷yeezy  v3，椰子异形，详细介绍！非。正品，钱包不够-_-||，仅供讲解！各位看官高抬贵手！
2463,http://www.bilibili.com/video/av87896759,0,0,21,0,每日穿搭?显高显瘦的早春穿搭～北欧风
2464,http://www.bilibili.com/video/av87891602,0,0,21,3,假期常穿球鞋第二双 —— NIKE HYPERFR3SH
2465,http://www.bilibili.com/video/av87870865,0,0,21,0,野生小众文玩核桃品种大全，今天带你看稀少的品种
2466,http://www.bilibili.com/video/av87734694,0,0,21,0,汉服试穿测评-挽纱坊汉服女齐腰襦裙大袖衫绮罗香系列橘白 &amp;钟灵记秋盈吊带&amp;芥子记九天吊带
2467,http://www.bilibili.com/video/av87546166,0,0,21,0,会打扮的人轻易不穿连衣裙，这样的穿搭才是春天精致的打开方式
2468,http://www.bilibili.com/video/av87518171,0,0,21,0,《王奕萌汉服合集》
2469,http://www.bilibili.com/video/av87436510,0,0,21,0,李宁闪击VI Premium，哎哟不错哦，是真的不错
2470,http://www.bilibili.com/video/av87379273,0,0,21,0,天空树的babydoll绀色格子试穿
2471,http://www.bilibili.com/video/av87354652,0,0,21,0,旗袍的美，只有中国人能完美演绎出来。
2472,http://www.bilibili.com/video/av87108738,0,1,21,0,【双子穿搭】宅家不能出门，换身衣服就当自己出过门了(●? ?ω?? )?
2473,http://www.bilibili.com/video/av87080946,0,1,21,0,黑色卫衣和修身皮裙，凸显修长美腿，必备流行美装！
2474,http://www.bilibili.com/video/av86843157,0,1,21,0,zero—月相鲤   萤烛亭—四君子梅
2475,http://www.bilibili.com/video/av86796914,0,1,21,0,猛兽总独行，牛羊才成群。
2476,http://www.bilibili.com/video/av88307888,0,0,20,0,我可真的太无聊了
2477,http://www.bilibili.com/video/av88305806,0,0,20,0,球鞋开箱日记—kobe1科比1代全明星zk1 all-star
2478,http://www.bilibili.com/video/av88292741,0,0,20,1,【安酒月】的一周穿搭合集（第二弹）
2479,http://www.bilibili.com/video/av88216590,0,0,20,0,女生如何穿男士白衬衫
2480,http://www.bilibili.com/video/av87897422,0,0,20,0,这款水貂绒外套时尚、洋气显年轻，奶奶，妈妈，小姑娘都能穿
2481,http://www.bilibili.com/video/av87857139,0,0,20,0,聊聊关于服装设计那些事儿
2482,http://www.bilibili.com/video/av87850210,0,1,20,2,【拆箱】平价马丁靴，平民窟女孩必备百搭神器
2483,http://www.bilibili.com/video/av87829832,0,0,20,0,第16话 2020春季新款潮男老爹鞋街拍搭配指南！一双潮袜能让你加分不少
2484,http://www.bilibili.com/video/av87723715,3,0,20,0,秋冬  衬衫＋毛衣＋卫衣 穿搭
2485,http://www.bilibili.com/video/av87648327,0,0,20,0,汉服试妆十三余花神祭
2486,http://www.bilibili.com/video/av87630590,0,1,20,0,一双好鞋，足下生辉
2487,http://www.bilibili.com/video/av87611483,0,1,20,0,【emma chamberlain英字】挑战用二手丑衣服穿搭
2488,http://www.bilibili.com/video/av87530273,1,1,20,0,假装在元宵灯会的年前秦淮灯会VLOG
2489,http://www.bilibili.com/video/av87519012,0,0,20,0,看你老師球鞋介紹 - Reebok Question 1st Pick  Air Jordan 4 Fear Pack
2490,http://www.bilibili.com/video/av87289371,0,0,20,0,李现走路带风
2491,http://www.bilibili.com/video/av87230841,0,1,20,0,迟到的财神童女给大家拜个晚年啦~搞怪仿妆+汉服开箱
2492,http://www.bilibili.com/video/av87221267,0,0,20,0,zara最强折扣季-百元以下单品穿搭-可甜可盐-可攻可受
2493,http://www.bilibili.com/video/av87071589,0,2,20,0,汉服
2494,http://www.bilibili.com/video/av86846683,0,0,20,0,西装外套怎么搭配才好看，学学博主穿搭，时髦有风度，穿出女神范
2495,http://www.bilibili.com/video/av86770810,0,0,20,0,自然美。
2496,http://www.bilibili.com/video/av88328583,3,0,19,0,［醉伏］安利向  晴之空――瑰丽之诗，全款最低148元（视频转自淘宝店铺模特视频非本人）
2497,http://www.bilibili.com/video/av88285722,0,0,19,0,other stories开箱视频｜捡漏神仙单品
2498,http://www.bilibili.com/video/av88219087,0,0,19,0,这双球鞋你给几分？
2499,http://www.bilibili.com/video/av88178652,0,1,19,1,超白菜Lolita安利（三） 200以内美貌日常的小裙子～低至99r   吃土少女还不赶紧收藏
2500,http://www.bilibili.com/video/av88161088,0,2,19,4,【店铺分享】【抽奖】均价十五左右的白菜美丽包包，值得拥有哇
2501,http://www.bilibili.com/video/av88156622,5,3,19,0,【开箱视频】一万美金都买了啥？感恩节双十一购物分享part3完结
2502,http://www.bilibili.com/video/av88147445,0,0,19,1,超酷的情侣款双肩包种草！学生党平价书包推荐，开学季就要帅起来！
2503,http://www.bilibili.com/video/av88130190,0,0,19,0,【法国风格指南】法国40岁以上女性偏好什么发型
2504,http://www.bilibili.com/video/av88119305,0,2,19,0,安利一家新的JK格裙店铺！
2505,http://www.bilibili.com/video/av88081003,0,0,19,0,Chanel康鹏，最最最划算的vintage小可爱来了～
2506,http://www.bilibili.com/video/av87976136,0,1,19,0,海澜之家200无门槛，暴雪联名卫衣只要20包邮！新年第一车开箱
2507,http://www.bilibili.com/video/av87855227,0,0,19,0,娜比穿搭！成为不了欧阳娜娜，但你可以拥有她的衣橱
2508,http://www.bilibili.com/video/av87829952,0,1,19,0,（英字）【sasakiasahi】GU春季新品介绍！
2509,http://www.bilibili.com/video/av87809324,0,0,19,0,日常之迷惑行为
2510,http://www.bilibili.com/video/av87805111,0,1,19,0,宝藏软件｜九个提高品味 让你变时髦的APP
2511,http://www.bilibili.com/video/av87757982,0,0,19,3,【叨】臭美吗？一起啊！在家无聊我们玩衣柜吧
2512,http://www.bilibili.com/video/av87741530,0,0,19,0,YILIMITEE 全手工高訂女套裝 行一設計
2513,http://www.bilibili.com/video/av87720992,0,0,19,0,2019 Saint La Luna X 北京金融街丽思酒店发布会
2514,http://www.bilibili.com/video/av87595163,0,0,19,0,看你老師球鞋介紹 - Nike Air Jordan 1 &#39;Bred&#39;
2515,http://www.bilibili.com/video/av87534343,0,2,19,1,【土味vintage】千针万绣得彩衣，蓝白相配得裙衾——新年民族风开箱啦（内有蝙蝠请谨慎食用）
2516,http://www.bilibili.com/video/av87485440,0,0,19,0,奇物共欣赏 Louis Vuitton 508系列紫色高帮运动鞋球鞋 路易威登 透明吊牌
2517,http://www.bilibili.com/video/av87459901,0,0,19,0,Beyond the River-泽国观雨
2518,http://www.bilibili.com/video/av87442007,0,0,19,0,【夏阳汉服试穿】远山乔六合同春上袄，红黑经典配色看似成熟，也能穿出可爱风
2519,http://www.bilibili.com/video/av87413895,0,1,19,0,原谅毒扣还能这么玩（初次入站，多多关注)
2520,http://www.bilibili.com/video/av87311962,0,0,19,0,汉服配饰绿色系耳饰分享试戴
2521,http://www.bilibili.com/video/av87190724,0,0,19,0,大牌时装周2020女装流行趋势大盘点！
2522,http://www.bilibili.com/video/av87168967,0,0,19,0,Play vintage古着屋/成都空体/调频90s
2523,http://www.bilibili.com/video/av87149914,0,0,19,0,高街品牌搭配出法式Rouje风？！
2524,http://www.bilibili.com/video/av87095943,0,0,19,6,【珠宝种草】金牌一出，秒变平安Cool Guy
2525,http://www.bilibili.com/video/av87040515,0,0,19,2,Vintage古着の部落
2526,http://www.bilibili.com/video/av86920728,0,0,19,0,麻花包挑战10+种发型第三弹
2527,http://www.bilibili.com/video/av86880307,0,0,19,0,新手up主来吐槽，论BJM的重要性，一个笑着的视频硬生生变成悲欢离合
2528,http://www.bilibili.com/video/av86785669,0,7,19,5,超好看的女装穿搭！???
2529,http://www.bilibili.com/video/av88343651,0,2,18,0,今日份制服女孩
2530,http://www.bilibili.com/video/av88211548,0,0,18,0,时装设计师揭密牛仔内幕/十种穿搭/旧衣利用
2531,http://www.bilibili.com/video/av88182705,0,0,18,0,Ultra Boost 4.0 19ss 灰蓝镭射
2532,http://www.bilibili.com/video/av88172299,0,1,18,0,许魏洲时尚旅游NGT 挪威拍摄花絮
2533,http://www.bilibili.com/video/av88137093,0,1,18,0,【Brian The Bootmaker】生肉转载全集 [Alden Indy boots Resole] 翻新奥尔登因迪皮靴
2534,http://www.bilibili.com/video/av88078418,0,0,18,0,【158 94斤 】腿粗/ 小个子/ 均价不越30/ 显高/百搭单品/ 良心分享，安排起来！
2535,http://www.bilibili.com/video/av88072485,0,0,18,0,11 Winter Daily Outfits Ideas|冬天日常穿搭分享|OOTD|Outfit ideas 2020|Sunny Out
2536,http://www.bilibili.com/video/av88028373,0,0,18,4,【丢穿搭】初春穿搭｜西装｜风衣｜针织｜卫衣
2537,http://www.bilibili.com/video/av87985899,0,0,18,2,逃掉三节网课只为录这期穿搭 梨型身材应该这样穿
2538,http://www.bilibili.com/video/av87926649,0,0,18,0,「汉服开箱」山有扶苏九歌
2539,http://www.bilibili.com/video/av87871772,0,0,18,4,时装圈的冷知识：快闪店的由来
2540,http://www.bilibili.com/video/av87869458,0,0,18,0,Yeezymic  球鞋开箱分享 nike aj1 新秀
2541,http://www.bilibili.com/video/av87831033,0,0,18,0,看你老師球鞋介紹 - Nike Air Force 1 low &#39;07
2542,http://www.bilibili.com/video/av87810143,0,1,18,1,【大地色搭配建议】拒绝“土”味升级｜学点干货再打翻身仗
2543,http://www.bilibili.com/video/av87807390,0,1,18,0,Celine classic box teen 容量实测
2544,http://www.bilibili.com/video/av87801466,0,1,18,0,看你老師鞋評 - Air Jordan 6 &#39;Slam Dunk&#39; (Detail review with linkage of the com
2545,http://www.bilibili.com/video/av87774965,0,0,18,0,（英字）【Studio86 】和我一起淘旧物/1 Thrift Haul  Come Thrift With Me at the Goodwill Outlet
2546,http://www.bilibili.com/video/av87750889,0,1,18,0,拼色驾照卡包
2547,http://www.bilibili.com/video/av87735909,0,0,18,1,[_耶啵酱_] Lolita甜系小裙子系列分享一 [蓝]
2548,http://www.bilibili.com/video/av87668675,0,0,18,0,【Vicky】听说白绫袄和蓝缎裙和元宵节最配哦?
2549,http://www.bilibili.com/video/av87655057,0,0,18,0,【汉服】长安上元夜  人间灯火 天上月 象山影视唐城·长安十二时辰沉浸式体验
2550,http://www.bilibili.com/video/av87631682,0,1,18,0,芊芊淑女，婀娜旗袍
2551,http://www.bilibili.com/video/av87626673,0,0,18,0,绅士鞋履术语
2552,http://www.bilibili.com/video/av87554676,0,0,18,0,【表白Dior2012春夏高定】优雅高贵风的仙女裙(??ω??)??
2553,http://www.bilibili.com/video/av87522945,0,0,18,0,迟到的更新，终于登上号了，这次发的是告白气球家的爱丽丝姐姐价格在300-400之间，特别日常可爱，其实收到好几个月了，但是因为登不上号就存着没发
2554,http://www.bilibili.com/video/av87480889,0,0,18,0,手残党一看就会！拯救细软发量少的小技巧，快速卷出自然的蛋卷发
2555,http://www.bilibili.com/video/av87478160,0,0,18,0,看你老師球鞋介紹 - Reebok _ES 22_
2556,http://www.bilibili.com/video/av87452765,0,0,18,2,唯美旗袍，手工制作。
2557,http://www.bilibili.com/video/av87385126,0,0,18,0,看你老師球鞋介紹 - My Top 21 Pick (我的21首選)
2558,http://www.bilibili.com/video/av87373173,0,0,18,1,古 着 鉴 赏
2559,http://www.bilibili.com/video/av87357064,0,0,18,0,身材不够完美的女人，更要学会穿搭法则，不然会把身材缺点全暴露
2560,http://www.bilibili.com/video/av87161390,0,0,18,0,大c论表：Blaken劳力士迪通拿改装与官方有没有关系？
2561,http://www.bilibili.com/video/av87140874,1,1,18,2,恶意炒作科比球鞋？球鞋文化等于炒作？我对科比的敬意和心中的球鞋文化
2562,http://www.bilibili.com/video/av87015372,0,0,18,1,双截棍
2563,http://www.bilibili.com/video/av86842407,0,0,18,0,阔腿裤如何穿出知性范？快来get这些搭配小技巧！穿出不一样时尚
2564,http://www.bilibili.com/video/av88339835,0,1,17,1,我的第一支vlog—耳饰搭配分享（超长的碎碎念且无聊的下饭视频）
2565,http://www.bilibili.com/video/av88281240,0,0,17,2,时尚潮流
2566,http://www.bilibili.com/video/av88267424,0,0,17,3,第一次拍，做的不好的请见谅~
2567,http://www.bilibili.com/video/av88225438,0,0,17,0,max720穿半年后的气垫反馈
2568,http://www.bilibili.com/video/av88202993,0,0,17,1,格裙安利2.0
2569,http://www.bilibili.com/video/av88069443,0,1,17,0,看你老師球鞋介紹 - Air Jordan 2 Eminem - The Way I am
2570,http://www.bilibili.com/video/av88010493,0,0,17,1,赞助了中国女排20多年战袍的品牌竟然是它？？！！
2571,http://www.bilibili.com/video/av87916841,0,0,17,1,学生党大容量简约风平价双肩包种草，超高性价比，你值得拥有！
2572,http://www.bilibili.com/video/av87892635,0,0,17,0,第一次要这个软件，大家多多指教
2573,http://www.bilibili.com/video/av87871352,0,0,17,0,葫芦上色金刚核桃橄榄核的上色保养方法
2574,http://www.bilibili.com/video/av87857692,0,0,17,0,娜比与匡威1！人与人之间的距离是金钱
2575,http://www.bilibili.com/video/av87787464,0,1,17,4,近期爱穿毛衣-又暖又美丽
2576,http://www.bilibili.com/video/av87739780,0,1,17,0,Sacai x NK华夫跑鞋开箱视频
2577,http://www.bilibili.com/video/av87726258,0,1,17,0,古装披风，要评论区找我
2578,http://www.bilibili.com/video/av87702446,0,0,17,0,[是鱼] 130斤梨型身材女孩的显瘦遮肉大衣分享
2579,http://www.bilibili.com/video/av87700602,0,0,17,0,看你老師球鞋介紹 - Air Jordan 6 &#39;History of Jordan&#39;
2580,http://www.bilibili.com/video/av87697392,0,0,17,2,&#39;看&#39; 你老師 Shoe Review - Nike Air Max 90 OG &#39;Infrared&#39;
2581,http://www.bilibili.com/video/av87631505,0,0,17,2,【初投稿】冬天快过去吧，我已经开始想春天穿什么了( °?° )
2582,http://www.bilibili.com/video/av87526652,0,0,17,0,（英字）【ももちのクセが強すぎた】日本服装品牌VANNIE U店员对春季新品的解说（樱花妹纸好软萌，喜欢这种风格的可以看看哦）
2583,http://www.bilibili.com/video/av87509225,0,0,17,0,早春鞋子别买太多，一双小白鞋搞定你所有穿搭，怎么穿都不会错
2584,http://www.bilibili.com/video/av87493063,2,1,17,2,微胖大噜的购物分享/一条裤子穿到底
2585,http://www.bilibili.com/video/av87421466,0,1,17,0,防疫宅家，无聊到炸，蹭蹭妹妹的衣服
2586,http://www.bilibili.com/video/av87395675,0,0,17,1,2020春天潮男街拍穿搭指南，一双鞋子很重要?
2587,http://www.bilibili.com/video/av87371861,0,0,17,0,OOTD | 你不知道的高级撞色
2588,http://www.bilibili.com/video/av87291234,0,0,17,0,女士打香水
2589,http://www.bilibili.com/video/av87154484,1,0,17,0,Weddy改造Dior小包包
2590,http://www.bilibili.com/video/av87137717,0,0,17,0,初春爆款短外套，流行甜美风水貂绒面料，简约时尚显优雅气质
2591,http://www.bilibili.com/video/av87114864,0,0,17,0,平价学生党新年战袍||逢年过节必备||好看的红衣服||呢子大衣||连衣裙
2592,http://www.bilibili.com/video/av87049914,0,0,17,0,春暖花开！穿上少女毛衣与春季来一场完美的邂逅，让你更显嫩美
2593,http://www.bilibili.com/video/av86990922,0,0,17,0,疫情时期，小伙在家不能出门，无聊到给大家安利自己的秋裤；高端时尚，你一定要看
2594,http://www.bilibili.com/video/av86938854,1,0,17,7,面试TIPS｜怎样被意大利Polimoda时装学院当场录取？
2595,http://www.bilibili.com/video/av86854067,0,0,17,0,衣橱必备西装外套搭配攻略，早春如此穿，好看显气质！美翻朋友圈
2596,http://www.bilibili.com/video/av86849284,0,0,17,0,今年大火的马丁靴，这学会样选款+搭配，让你显高又时髦
2597,http://www.bilibili.com/video/av88321130,0,0,16,0,分享自己的Vintage首饰给大家
2598,http://www.bilibili.com/video/av88301624,0,0,16,0,TNF Extra Butter 夜行者冲锋衣 将纽约夜景穿身上
2599,http://www.bilibili.com/video/av88272363,0,0,16,0,要的加微信哦，最高版本只要450哦(?｀∧′)微信在简介里哦。，碾压市面真标。
2600,http://www.bilibili.com/video/av88263978,1,0,16,0,驭帅13联名鸳鸯-学生党穿着分享
2601,http://www.bilibili.com/video/av88250335,0,0,16,0,JK制服穿搭｜格裙｜西服｜百搭衬衫｜
2602,http://www.bilibili.com/video/av88217334,0,0,16,0,中牌jk?虹玉
2603,http://www.bilibili.com/video/av88183147,0,0,16,0,brandy melville衣服~
2604,http://www.bilibili.com/video/av88164633,0,0,16,0,国色天香
2605,http://www.bilibili.com/video/av88077500,0,0,16,0,【Lizzy Hadfield】每月新物报告 | 一月（2020）| Monthly Fashion Report | January 2020
2606,http://www.bilibili.com/video/av88062770,0,2,16,0,莫非也要从一只蝙蝠讲起？古人的飞天梦从何时开始，用汉服讲给你听
2607,http://www.bilibili.com/video/av88047135,0,1,16,0,旗袍古典美女，这要是放在以前不知道会成为哪家军阀的姨太太了，妥妥的！！
2608,http://www.bilibili.com/video/av88026372,0,0,16,0,橄榄核怎么盘冬天橄榄核如何防裂上油可以吗？
2609,http://www.bilibili.com/video/av87999642,0,1,16,2,【拍摄花絮】清汉女装『黛绿』 摄影幕后/汉服/古装
2610,http://www.bilibili.com/video/av87979359,1,0,16,1,奇迹洒洒在线变装！
2611,http://www.bilibili.com/video/av87942751,0,0,16,0,大迪爱用｜秋冬胶囊衣橱 7件衣服x 8套Looks
2612,http://www.bilibili.com/video/av87917702,0,0,16,0,复古创意穿搭短片—公寓Apartment
2613,http://www.bilibili.com/video/av87852740,0,0,16,0,18k玫瑰金镶嵌高冰翡翠佛公室内室外光线下对比
2614,http://www.bilibili.com/video/av87844817,0,0,16,0,春秋冬穿搭look | 初投稿|遮缺点|显高穿搭|可爱&amp;正式都可|疫情完后穿出门sao吧
2615,http://www.bilibili.com/video/av87841677,0,0,16,0,看你老師球鞋介紹 - Air Jordan X Supreme 5 &#39;Camo&#39;
2616,http://www.bilibili.com/video/av87829113,0,0,16,0,第15话 2020春季新款潮男老爹鞋街拍搭配指南！潮流鞋子个性裤子怎能少得了一双时尚长袜子
2617,http://www.bilibili.com/video/av87824341,0,0,16,0,看你老師球鞋介紹 - Nike Dunk Low PRM DLS SB QS 2015
2618,http://www.bilibili.com/video/av87743289,0,0,16,0,YILIMITEE 全手工高級訂製 義大利羊毛燕尾套裝 行一設計
2619,http://www.bilibili.com/video/av87715336,0,0,16,0,分享美~复古饰品分享
2620,http://www.bilibili.com/video/av87668281,0,0,16,0,仙气爆表的洛丽塔小裙子来啦！！！
2621,http://www.bilibili.com/video/av87643467,0,0,16,0,你看这态极软不软
2622,http://www.bilibili.com/video/av87526419,0,0,16,0,【挫男改造手册】第十五期：短袖白衬衫怎么搭
2623,http://www.bilibili.com/video/av87475554,0,0,16,0,北卡黑曜石开箱
2624,http://www.bilibili.com/video/av87385541,0,0,16,0,看你老師球鞋介紹 - Glow in the dark Nike Air Force 1
2625,http://www.bilibili.com/video/av87274658,0,1,16,0,国风当道，新年日常穿搭战衣竟然是？卫衣开箱
2626,http://www.bilibili.com/video/av87165281,0,0,16,3,【橘某推荐鞋】第一期，功能很好的国产球鞋
2627,http://www.bilibili.com/video/av87153672,0,1,16,0,如何去识别常见真皮中的绵羊皮、山羊皮、牛皮与猪皮
2628,http://www.bilibili.com/video/av87064202,0,0,16,0,毛呢大衣时尚又百搭，但选款和搭配更重要，博主教你如何穿显气质
2629,http://www.bilibili.com/video/av87015478,0,0,16,0,桃子酱终于认真穿衣服了，但是被老爸说太像男生了不让穿
2630,http://www.bilibili.com/video/av87007719,0,0,16,0,莎莎高图
2631,http://www.bilibili.com/video/av86987568,0,1,16,2,谁都想变得可爱鸭！
2632,http://www.bilibili.com/video/av86963434,0,0,16,0,白色卫衣减龄效果太明显了！这几种风格青春有活力，谁穿谁好看
2633,http://www.bilibili.com/video/av86907428,0,0,16,2,好物|万年袜和百年包
2634,http://www.bilibili.com/video/av86898460,0,0,16,0,想火它不火就是无聊随便发看大家点赞不
2635,http://www.bilibili.com/video/av88281643,0,0,15,0,【汉服开箱测评】最近风很大的“御猫”宋圆领到底如何？快来跟着蛋蛋看看吧~
2636,http://www.bilibili.com/video/av88235794,0,0,15,0,Amorphous | OPIC 20SS
2637,http://www.bilibili.com/video/av88233985,0,1,15,0,LISA&amp;MINO?Adidas  Outdoor
2638,http://www.bilibili.com/video/av88194304,0,0,15,0,【开春穿什么】酷酷皮衣|韩系穿搭|来春穿搭|酷女孩|穿搭灵感
2639,http://www.bilibili.com/video/av88180285,0,0,15,0,超！适！合！学生党的平价好看鞋子(300以内)
2640,http://www.bilibili.com/video/av88143486,0,0,15,0,提升气质｜法式穿搭｜跟着巴黎博主学穿搭｜复古优雅的简约时尚风
2641,http://www.bilibili.com/video/av88082502,0,0,15,0,早春3套look｜慵懒法式风的穿搭法则????今天想跟大家分享早春高级感的穿搭法则～我很喜欢这种慵懒的法式风，利用现有的衣服就可以随意完成的搭配！
2642,http://www.bilibili.com/video/av88052344,0,1,15,4,春节前买的东西购物分享
2643,http://www.bilibili.com/video/av87990549,0,0,15,0,日常配搭的那些戒指
2644,http://www.bilibili.com/video/av87976485,0,0,15,0,就像每个女孩子都有公主梦一样，每个女人都有用精致的早晨开启一天的权利，用自信的笑容洋溢着自定义的时尚世界，像电影中的时尚职业女精英主演自己的女主角人生~
2645,http://www.bilibili.com/video/av87950440,0,1,15,0,三种简单的围巾系法
2646,http://www.bilibili.com/video/av87934188,0,0,15,0,你也需要一条这样的工装裤嘛古着vintage
2647,http://www.bilibili.com/video/av87832776,0,0,15,0,Air Jordan 4 IV Winterized Loyal Blue Air Jordan 4 AJ4 小阿姆 午夜黑蓝毛巾 麂皮 CQ9597-401
2648,http://www.bilibili.com/video/av87831017,0,0,15,0,Adidas Adilette Boost Slides Triple Black 阿迪达斯男鞋夏季沙滩运动凉拖鞋S82137 F34913 F35550 F3
2649,http://www.bilibili.com/video/av87739670,0,0,15,0,古风汉服出售，要的评论区留言
2650,http://www.bilibili.com/video/av87733534,0,0,15,0,开春最爱卫衣小分享 | 衣橱必备潮牌，保暖又遮肉还很减龄
2651,http://www.bilibili.com/video/av87697963,0,0,15,0,看你老師球鞋介紹 - Nike Air Griffey Max 1 &#39;Laser Crimson&#39;
2652,http://www.bilibili.com/video/av87695499,0,0,15,1,穿汉服前和穿汉服后的变化
2653,http://www.bilibili.com/video/av87602780,1,3,15,0,【神仙秀场】进来学习仙女们的气度举止
2654,http://www.bilibili.com/video/av87511814,0,0,15,0,看你老師球鞋介紹__-_Air_Jordan_13_He_got_game___Air_Jordan_3_88
2655,http://www.bilibili.com/video/av87447867,0,0,15,0,大二服设的一些日常
2656,http://www.bilibili.com/video/av87380154,0,0,15,0,爱丽丝装扮冰冻艾莎公主和安娜公主 冰雪女王 03
2657,http://www.bilibili.com/video/av87377413,0,1,15,1,格子外套加格裙＝情侣装
2658,http://www.bilibili.com/video/av87366407,0,0,15,0,冬末初春如何穿出时髦感？分享一组保暖又洋气的穿搭，时髦有范
2659,http://www.bilibili.com/video/av87358899,0,0,15,0,明星们都爱穿的阔腿裤，搭配这几件上衣，不仅时髦还巨显瘦！
2660,http://www.bilibili.com/video/av87338995,0,0,15,0,157矮个子在家仅有几件的冬季衣服分享
2661,http://www.bilibili.com/video/av87324429,0,0,15,0,神仙平价饰品分享|好物分享|小众仙女配饰
2662,http://www.bilibili.com/video/av87310472,0,0,15,0,【挫男穿搭指南第七期】椰子怎么搭
2663,http://www.bilibili.com/video/av87310369,0,0,15,0,在扔之前穿最后一次 | 用闲置的夏季单品做搭配
2664,http://www.bilibili.com/video/av87309920,0,0,15,0,【挫男穿搭指南第三期】短袖衬衫基础搭配
2665,http://www.bilibili.com/video/av87289199,0,1,15,1,那些有刺绣的jk 制服
2666,http://www.bilibili.com/video/av87278670,0,0,15,0,试析颜料在牛仔裤中应用效果
2667,http://www.bilibili.com/video/av87278533,0,0,15,0,一个小tt的日常穿搭
2668,http://www.bilibili.com/video/av87250253,0,0,15,0,超爱的饰品分享，耳饰，项链小戒指，心头好一起来看一下吧！
2669,http://www.bilibili.com/video/av87185716,0,0,15,0,2020年春季新款国潮男鞋街拍穿搭指南
2670,http://www.bilibili.com/video/av87053965,0,0,15,0,在？进来看大姐姐
2671,http://www.bilibili.com/video/av86993132,0,0,15,0,疫情期间在家太无聊了……分享一下学生党今日穿搭灵感-来自电影中的女主角（朱茵、钟楚红）。希望快点结束肺炎……好想出去玩
2672,http://www.bilibili.com/video/av86969721,0,0,15,0,园园酱~
2673,http://www.bilibili.com/video/av86951590,0,0,15,0,保姆级别眼妆教程 日常眼妆 非常实用
2674,http://www.bilibili.com/video/av86933078,0,0,15,0,最有气质的穿搭博主，豹纹衬衫+牛仔裤，春天就该这样穿
2675,http://www.bilibili.com/video/av86884959,0,0,15,0,南国暮蝶开箱
2676,http://www.bilibili.com/video/av86865848,0,0,15,0,萌妹子帮妈妈化妆做造型，穿上旗袍的瞬间，有种难以形容的美！
2677,http://www.bilibili.com/video/av86856046,0,0,15,0,萌妹子帮妈妈化妆做造型，穿上旗袍的瞬间，有种难以形容的美！
2678,http://www.bilibili.com/video/av86827213,0,1,15,0,所以你们喜欢这种？？？
2679,http://www.bilibili.com/video/av86822130,0,0,15,0,Barney’s New York 破产大促销| Loewe | Derek 10 crossby| Nicholas Kirkwood | 乐福鞋
2680,http://www.bilibili.com/video/av88294069,0,0,14,0,黑丝绸研发过程及细节纰漏，对比市面上任何一家
2681,http://www.bilibili.com/video/av88293533,0,0,14,0,秋冬日常穿搭｜无性别穿搭｜中性风
2682,http://www.bilibili.com/video/av88226338,0,0,14,0,在家闲到爆炸？不如打开衣柜玩暖暖吧！Lolita换装穿搭一周七天不重样，等你来解锁~
2683,http://www.bilibili.com/video/av88223173,0,0,14,0,正在预约中的中华风洛丽塔
2684,http://www.bilibili.com/video/av88173149,0,1,14,0,[老王]深色系校供感JK制服搭配（为了我的24个粉丝）
2685,http://www.bilibili.com/video/av88169463,0,0,14,1,椰 崽 带 户
2686,http://www.bilibili.com/video/av88120405,0,0,14,0,13? 鞋身外观一览
2687,http://www.bilibili.com/video/av88074300,0,0,14,0,30款平价耳饰分享｜我的爱用饰品
2688,http://www.bilibili.com/video/av88073889,1,0,14,3,【珠宝种草】三款不能穿却很燃的小棉袄
2689,http://www.bilibili.com/video/av87958069,0,0,14,2,vlog 8 日常的一些穿搭
2690,http://www.bilibili.com/video/av87918970,0,1,14,0,【Brian The Bootmaker】生肉转载全集   [布莱恩小哥手工做一双工程师靴]
2691,http://www.bilibili.com/video/av87841423,0,0,14,0,買前功課 - Nike KD8 &#39;Road Trip&#39;
2692,http://www.bilibili.com/video/av87813102,0,0,14,1,占星猫的repo~（jsk真的太好康了）
2693,http://www.bilibili.com/video/av87771058,0,0,14,0,莆田鞋子有多纯原？vans构析这够不够
2694,http://www.bilibili.com/video/av87765398,0,0,14,0,爸爸二十几年前的西装怎么废物利用
2695,http://www.bilibili.com/video/av87730199,0,0,14,0,我的运动鞋收藏 | COLLECTION SNEAKERS
2696,http://www.bilibili.com/video/av87722874,0,0,14,0,微胖girl的冬季衣服分享要风度也要有温度
2697,http://www.bilibili.com/video/av87713286,0,0,14,0,穿搭推荐  马卡龙 糖果? 白?粉?紫
2698,http://www.bilibili.com/video/av87705956,0,2,14,0,金智秀日常私服穿搭(清新文艺温柔的风格)
2699,http://www.bilibili.com/video/av87698228,0,0,14,0,看你老師球鞋介紹 - Adidas Crazy 1 &#39;Rose City&#39; Damain Lillard Edition
2700,http://www.bilibili.com/video/av87582024,0,0,14,0,【安利向】中牌制服馆山吹
2701,http://www.bilibili.com/video/av87576006,0,0,14,0,时间久一点，爱，更久一点
2702,http://www.bilibili.com/video/av87519860,0,0,14,0,看你老師球鞋介紹 - Nike Air Foamposite one  Weather  Thermal map  Air Max Griffey 1 Safa
2703,http://www.bilibili.com/video/av87515711,0,0,14,0,看你老師球鞋介紹_feat_Howard_-_Nike_Lebron_10_What_the_Lebron___MVP
2704,http://www.bilibili.com/video/av87478647,0,1,14,0,祖母绿戒指，色泽浓郁，让人心旷神怡的绿，沁人心脾，佩戴耀眼夺目。
2705,http://www.bilibili.com/video/av87359850,0,0,14,0,AJ1警灯细节实拍 小哆带你进入AH工作室
2706,http://www.bilibili.com/video/av87266421,0,0,14,0,hello，晚晴第二期穿搭好物分享
2707,http://www.bilibili.com/video/av87240390,0,0,14,0,这款毛衣外套年轻时尚，最适合爱洋气的妈妈们……
2708,http://www.bilibili.com/video/av87218128,0,0,14,0,不是都在秀吗，我也来秀列表(???????)?*。（我已经尽量卡点了）
2709,http://www.bilibili.com/video/av87126699,0,0,14,0,开春不要只知道穿卫衣，试试这件纯色毛衣，普通人穿也能很惊艳
2710,http://www.bilibili.com/video/av87098312,0,0,14,0,春天少穿棉大衣，臃肿又俗气！双面呢气质还显高，更适合小个子
2711,http://www.bilibili.com/video/av87066014,0,0,14,0,这款皮衣小姐姐穿真洋气，加厚带小包包外套，帅气又不失女人味
2712,http://www.bilibili.com/video/av87059635,0,0,14,0,遮肉显瘦的V领毛衣，怎么穿才好看？学会这三点，迷倒众人
2713,http://www.bilibili.com/video/av86992231,4,1,14,1,怎么花样系围巾？看这个就行啦
2714,http://www.bilibili.com/video/av86922763,0,0,14,0,遮肉显瘦的黑科技！学好穿搭就“减肥”你学会了么？
2715,http://www.bilibili.com/video/av86915335,0,1,14,0,2020男士时装秀
2716,http://www.bilibili.com/video/av86852993,0,0,14,0,格子衬衫也能很有型，搭配牛仔裤时尚显中性，怎么看都不腻
2717,http://www.bilibili.com/video/av88318579,1,0,13,0,见过没
2718,http://www.bilibili.com/video/av88309927,0,0,13,0,【平价耳夹分享】【耳饰分享】无耳洞美少女请来此集合！！！
2719,http://www.bilibili.com/video/av88246415,0,0,13,0,此物在手，长腿我有！
2720,http://www.bilibili.com/video/av88220986,0,0,13,0,小伙模仿LOSER的mv翻车？也太酷了吧！
2721,http://www.bilibili.com/video/av88172698,0,0,13,0,排队要半年才能买到的Jimmy Choo！
2722,http://www.bilibili.com/video/av88138470,0,0,13,0,vlog |小小小包| mini包包能装东西？开箱??
2723,http://www.bilibili.com/video/av88137556,0,0,13,0,【汉服】穿着汉服的美女小姐姐大盘点，精选汉服专辑
2724,http://www.bilibili.com/video/av88078450,0,0,13,0,96款 TNF北面羽绒服 8色 时尚简约情侣外套上衣
2725,http://www.bilibili.com/video/av87977982,0,0,13,0,广州服装批发市场最全图集！建议收藏！
2726,http://www.bilibili.com/video/av87904455,0,2,13,0,824 2月9日直播录像   上
2727,http://www.bilibili.com/video/av87836546,0,0,13,0,51的近期最爱分享
2728,http://www.bilibili.com/video/av87832276,0,0,13,0,Adidas Yeezy Slide Bone 拖鞋系列
2729,http://www.bilibili.com/video/av87820242,0,0,13,0,【平价古风耳饰】均价二十的古风耳饰不来看看？
2730,http://www.bilibili.com/video/av87719810,0,1,13,0,印花袜子不好搭？这样搭同样很好看
2731,http://www.bilibili.com/video/av87693080,0,0,13,0,看你老師球鞋介紹 - Air Jordan 3 &#39;Infrared 23&#39;
2732,http://www.bilibili.com/video/av87672136,0,0,13,0,神仙汉服袍子卡点
2733,http://www.bilibili.com/video/av87644198,0,1,13,0,看你老師球鞋介紹 feat 小濱 - Nike Kobe 9 &#39;MasterPiece&#39; &amp; Nike SB High &#39;Tiffany&#39;
2734,http://www.bilibili.com/video/av87617363,0,0,13,0,"丝绸黑脚趾   Air Jordan 1挺香的AJ1,喜欢就买买买"
2735,http://www.bilibili.com/video/av87586606,0,0,13,0,显黑腿粗也挡不住我的爱，喜欢就是好看，爱谁谁(?°з°)-?
2736,http://www.bilibili.com/video/av87584896,0,0,13,0,划水jk的日常
2737,http://www.bilibili.com/video/av87554281,0,0,13,0,春天法式穿搭，这款格子外套，优雅时尚显气质，带你玩转整个春季
2738,http://www.bilibili.com/video/av87530054,0,0,13,0,篮球 黑橙扣碎
2739,http://www.bilibili.com/video/av87517644,0,0,13,0,看你老師球鞋介紹 feat Howard - Air Jordan 3 &#39;Fire Red&#39;
2740,http://www.bilibili.com/video/av87476871,0,0,13,0,看你老師球鞋介紹 - Air Jordan 1 2013 _Chicago Bulls_
2741,http://www.bilibili.com/video/av87474363,0,3,13,0,迪奥2020春夏高级时装系列
2742,http://www.bilibili.com/video/av87466319,0,0,13,0,学会穿背带裤 清新又可爱
2743,http://www.bilibili.com/video/av87404413,0,0,13,0,粉帽儿 潮流好物推介即将登陆 喜欢潮流的小伙伴不妨三连加关注喔
2744,http://www.bilibili.com/video/av87375129,0,0,13,0,学生党超甜美法式穿搭分享教学
2745,http://www.bilibili.com/video/av87370746,0,0,13,0,到了春天记得备款“衬衫”，配牛仔裤，什么年纪的人穿都好看
2746,http://www.bilibili.com/video/av87328280,0,0,13,0,别入春了还穿厚毛衣，现最流行“气质小黑裙”，上身减龄又大气
2747,http://www.bilibili.com/video/av87321623,0,0,13,0,/dolls party-洋娃娃派对/
2748,http://www.bilibili.com/video/av87270311,0,0,13,1,大容量百搭款街头时尚风学生党双肩包种草
2749,http://www.bilibili.com/video/av87265108,0,0,13,0,你好
2750,http://www.bilibili.com/video/av87242014,0,0,13,0,让人眼前一亮的搭配
2751,http://www.bilibili.com/video/av87194871,0,0,13,0,人生中第一双AJ---兔八哥
2752,http://www.bilibili.com/video/av87180337,0,0,13,0,OOTD | 碧池风的豹纹单品真是件让人又爱又恨
2753,http://www.bilibili.com/video/av87171723,0,0,13,0,闪耀暖暖搭配Part 02：山茶美貌花暖暖 单套速搭 By一百分鸭
2754,http://www.bilibili.com/video/av87121617,0,0,13,0,宽松网红针织毛衣外套
2755,http://www.bilibili.com/video/av87106388,0,0,13,0,vlog|广州石十三行教你买所有衣服都50元 买买买日记
2756,http://www.bilibili.com/video/av87042625,0,0,13,0,买了超贵的衣服却不会搭！给你最全的搭配技巧，时尚不踩雷
2757,http://www.bilibili.com/video/av87042145,0,0,13,0,掌握这些穿搭小技巧，基本款也能穿出满满气质感！
2758,http://www.bilibili.com/video/av86959240,0,0,13,0,2020开春最时尚的“通勤装穿搭”，不同风格搭配分享，太美了
2759,http://www.bilibili.com/video/av86954628,0,0,13,0,想要衣服穿得好看，get这些穿搭实用小技巧，你就是时髦精
2760,http://www.bilibili.com/video/av86933083,1,0,13,0,【冬装合集】学生党冬装穿搭！平价日杂凤！简约快速出街！
2761,http://www.bilibili.com/video/av86857456,0,0,13,0,早春衣橱添什么，一定是这件“衬衫”！单穿内搭外搭统统都OK！
2762,http://www.bilibili.com/video/av86832865,0,0,13,0,【Lolita手作】新年套小裙子上半身，简约大气的lolita小裙子不来一套嘛！
2763,http://www.bilibili.com/video/av88316276,0,0,12,0,318-EVP
2764,http://www.bilibili.com/video/av88301171,0,0,12,0,穿着拖鞋不换上衣的牛仔裤分享
2765,http://www.bilibili.com/video/av88284351,0,0,12,0,女性双排扣西装外套穿搭诀窍，立即提升早春最潮时尚风格，喜欢吗
2766,http://www.bilibili.com/video/av88261145,0,0,12,0,我的待发货
2767,http://www.bilibili.com/video/av88236589,0,0,12,4,解药潮玩评测：挑战开箱最贵球鞋！NIKE 天津喷开箱评测，天价球鞋之一
2768,http://www.bilibili.com/video/av88161154,0,0,12,0,法国时尚博主Jeanne Damas的各种摆拍大全
2769,http://www.bilibili.com/video/av88131798,0,0,12,0,【法国风格指南】可以搭配各种衣服的三件基本/经典单品
2770,http://www.bilibili.com/video/av88128345,0,0,12,0,韩版春季新款平底单鞋
2771,http://www.bilibili.com/video/av88114759,0,0,12,0,【琉花Luka】MAISON DE REEFUR：AUTUMN-WINTER 2016
2772,http://www.bilibili.com/video/av88098565,0,0,12,0,【东风志】去年夏天拍的两套汉服~
2773,http://www.bilibili.com/video/av88078432,0,0,12,0,女人过了30，最好打扮年轻点！32岁妈妈穿这半身裙，舒适减龄
2774,http://www.bilibili.com/video/av88029554,0,0,12,0,看你老師球鞋介紹 - Air Jordan 11 &#39;72-10&#39; (年底大魔王)
2775,http://www.bilibili.com/video/av87831956,0,0,12,0,Yeezy 350 V2 Yecheil 椰子 黑红拼接 FW5190
2776,http://www.bilibili.com/video/av87830743,0,0,12,0,【珠宝种草】国货之光！龙的传人专属横货
2777,http://www.bilibili.com/video/av87793791,0,2,12,0,看你老師 X 台灣鞋頭特集專訪 - Jumper 跳哥
2778,http://www.bilibili.com/video/av87718029,0,0,12,0,汉元素分享 | 织羽集  紫阳君 |日常又精致的假两件齐胸穿了一年半状态如何了
2779,http://www.bilibili.com/video/av87693310,0,1,12,0,看你老師球鞋介紹 - Nike Kobe 9 Elite &#39;Perspective&#39;
2780,http://www.bilibili.com/video/av87661101,0,0,12,0,限量版Dr.Martens开箱??你从未见过的闪瞎眼船新版本！
2781,http://www.bilibili.com/video/av87645231,0,0,12,0,150小个子怎么穿
2782,http://www.bilibili.com/video/av87571488,0,1,12,0,时尚妆（口）容（罩）穿搭
2783,http://www.bilibili.com/video/av87525889,0,0,12,0,【挫男改造手册】第十三期：条纹polo怎么搭
2784,http://www.bilibili.com/video/av87520126,1,1,12,2,看你老師球鞋介紹 - Nike Zoom Air &#39;The Glove 98&#39;
2785,http://www.bilibili.com/video/av87489661,0,0,12,0,你的青丝飞扬
2786,http://www.bilibili.com/video/av87476853,0,0,12,0,半高领打底衫配裙子这样搭配很适合，80后妈妈知道么？有女人味
2787,http://www.bilibili.com/video/av87476337,0,0,12,0,小众品牌/  新年背什么？/日常开箱
2788,http://www.bilibili.com/video/av87419980,0,0,12,0,【珠宝种草】情侣对戒我钟意，自古红绿出CP
2789,http://www.bilibili.com/video/av87383820,0,2,12,0,時計うさぎのサロペット?
2790,http://www.bilibili.com/video/av87207163,0,1,12,0,第一次投个稿，妹妹穿令月 好美(?▽?)
2791,http://www.bilibili.com/video/av87204105,2,0,12,0,【雨桐的神笔】拍照姿势解锁，我差点hold不住了
2792,http://www.bilibili.com/video/av86980512,0,1,12,0,旗袍小姐姐
2793,http://www.bilibili.com/video/av86970047,0,0,12,0,最近很火的书包集锦，学生党看起来
2794,http://www.bilibili.com/video/av86944347,0,0,12,0,2020.02.05
2795,http://www.bilibili.com/video/av86913659,0,1,12,1,美度贝伦赛丽
2796,http://www.bilibili.com/video/av86897174,0,0,12,0,南洋澳白与Akoyo的区别与日常搭—-干货
2797,http://www.bilibili.com/video/av86872774,0,0,12,0,矮个子女生4款教科书级职场穿搭，西装外套搭配，温婉优雅又有范
2798,http://www.bilibili.com/video/av86851060,0,0,12,0,早春时髦精必备靴子大分享，最值得入手款都在这，早穿早洋气
2799,http://www.bilibili.com/video/av86822465,0,0,12,0,Timberland x Wood Wood madness boot with Vibram sole
2800,http://www.bilibili.com/video/av88328385,0,0,11,1,小个子女孩儿的春季穿搭分享。
2801,http://www.bilibili.com/video/av88308486,0,0,11,0,那个妄想开制服店的女人？在取名方面受阻仅向多名非专业人员请求成功？！
2802,http://www.bilibili.com/video/av88198454,0,0,11,0,【卷er】复古vintage风格穿搭灵感～日常收集穿搭灵感图
2803,http://www.bilibili.com/video/av88188824,0,0,11,0,原创题材汉服刺绣
2804,http://www.bilibili.com/video/av88175746,0,0,11,0,【干货】女生们一定要知道的五个变美小技巧，很多女生都踩过雷
2805,http://www.bilibili.com/video/av88131854,0,0,11,0,汉服仙服踩点混剪
2806,http://www.bilibili.com/video/av88090611,0,0,11,0,早春韩版舒适奶奶鞋
2807,http://www.bilibili.com/video/av88068791,0,0,11,0,小众款的耳饰更得人心，小众款的配饰，真的很能搭！只要能让你入眼种草的款你会发现它会成为你首饰盒中的王者！
2808,http://www.bilibili.com/video/av88041752,0,0,11,0,2018年冬季棉衣棉服纯色通勤连帽拉链长袖中长款修身
2809,http://www.bilibili.com/video/av88032483,0,0,11,2,155 小个子穿衣福音 承包你的春夏秋冬
2810,http://www.bilibili.com/video/av87984163,0,0,11,0,鼓捣汉服过个不一样的情人节
2811,http://www.bilibili.com/video/av87893434,0,0,11,1,Loewe Puzzle Woven Small Bag罗意威小号棕色编织几何包
2812,http://www.bilibili.com/video/av87879824,0,0,11,0,淘宝高品质服饰购物分享  换季穿搭 小香风 一周不重样搭配秘籍
2813,http://www.bilibili.com/video/av87864557,0,0,11,0,【夏阳汉服试穿】汉衣晟道明制汉服望湘，新年新装扮，美得像个新娘子
2814,http://www.bilibili.com/video/av87834980,0,0,11,0,Nike KD11杜兰特11代React奥利奥冰蓝气垫篮球鞋男AO2605彩虹
2815,http://www.bilibili.com/video/av87832205,0,1,11,3,看你老師球鞋介紹 - Air Jordan 11 Low &#39;IE&#39; 2015 release
2816,http://www.bilibili.com/video/av87830662,0,0,11,0,第16话 2020春季新款女生老爹鞋街拍搭配！反光+内增高+黑白配色
2817,http://www.bilibili.com/video/av87829161,0,0,11,0,梨型身材|春夏简约日常显瘦穿搭|休闲外加一套淑女风的LOOKBOOK
2818,http://www.bilibili.com/video/av87791066,0,0,11,2,北海道实测，终极防寒神器
2819,http://www.bilibili.com/video/av87745883,0,0,11,0,羊毛打底衫配灰色大衣时尚范十足，端庄优雅，简单两步就搞定
2820,http://www.bilibili.com/video/av87738375,0,0,11,0,大ｖ腕表 劳力士迪通拿改装正品三件套腕表！改装腕表！包金腕表！
2821,http://www.bilibili.com/video/av87738021,0,0,11,0,甜美温柔又显气质的淑女风裙子穿搭|日韩少女风|和男朋友约会必备
2822,http://www.bilibili.com/video/av87708244,0,0,11,0,圆脸女孩如何选帽子|大头女孩的帽子合集
2823,http://www.bilibili.com/video/av87692847,0,0,11,0,看你老師球鞋介紹 - Air Jordan 6 White Infrared (櫻木花道)
2824,http://www.bilibili.com/video/av87686847,0,0,11,0,教你一条小黑裙如何穿出N种搭配
2825,http://www.bilibili.com/video/av87632679,0,0,11,0,［Lolita安利］是你的红心Lolita嘛？｜心动的感觉｜吃土计划
2826,http://www.bilibili.com/video/av87588334,0,0,11,0,【夏末】祝大家 元宵节快乐
2827,http://www.bilibili.com/video/av87482398,0,0,11,0,我以后也要这么穿！
2828,http://www.bilibili.com/video/av87479969,0,0,11,0,日常帽子分享，超级适合学生党！好看不贵！
2829,http://www.bilibili.com/video/av87475412,0,0,11,0,春季简约休闲风穿搭，时髦气质的连衣裙搭配，复古文艺又显女人味
2830,http://www.bilibili.com/video/av87418308,0,0,11,0,1000块也能淘到LV？
2831,http://www.bilibili.com/video/av87333132,0,0,11,0,大ｖ腕表 劳力士格林尼治改装镶钻腕表！格林尼治改装腕表！镶钻腕表！
2832,http://www.bilibili.com/video/av87323868,0,0,11,0,春节马上过去，运动卫衣要买起来了，特别是这款，遇见就别错过
2833,http://www.bilibili.com/video/av87323773,0,0,11,0,Bottega Veneta葆蝶家迷你BV CLASSIC单肩斜挎包
2834,http://www.bilibili.com/video/av87310819,0,0,11,0,【挫男穿搭指南第九期】绿巨人满意穿搭
2835,http://www.bilibili.com/video/av87309741,0,0,11,0,【挫男穿搭指南第二期】基础白tee怎么搭
2836,http://www.bilibili.com/video/av87219265,0,0,11,0,吐血吹爆这件卫衣！！一件卫衣重1.3kg你见过没？？帅哥你的衣服！！
2837,http://www.bilibili.com/video/av87210239,0,0,11,0,最强现场之维多利亚的秘密，Ellie goulding love me like you do
2838,http://www.bilibili.com/video/av87165508,0,0,11,0,看weddy改造PRADA钱包
2839,http://www.bilibili.com/video/av87149426,0,1,11,0,中文字幕 | 西语 | VogueSpain时尚历史系列：太阳镜的故事
2840,http://www.bilibili.com/video/av87135288,0,0,11,0,冬末初秋不要乱穿衣，瞧今年流行这2款针织外套，既显年轻又保暖
2841,http://www.bilibili.com/video/av87055964,0,0,11,0,毛呢大衣好看又好搭，但选款和搭配更重要，博主教你如何穿显气质
2842,http://www.bilibili.com/video/av86874389,0,0,11,0,【汉服开箱】久梦引姜黄立领对襟短衫窄袖
2843,http://www.bilibili.com/video/av86861408,0,1,11,0,精神小giao教您成功变装
2844,http://www.bilibili.com/video/av86859878,0,0,11,0,为什么你照片一发朋友圈，就被嘲笑美颜了，阿杜教你无痕操作
2845,http://www.bilibili.com/video/av86851796,0,0,11,0,谁说帽T只能休闲穿！卫衣+大衣搭配技，教你兼顾时髦与女人味
2846,http://www.bilibili.com/video/av86848512,0,0,11,0,青熙记【三七】被这个BGM刷屏的一天
2847,http://www.bilibili.com/video/av88345541,0,0,10,0,听说你们喜欢腿？
2848,http://www.bilibili.com/video/av88317477,0,0,10,1,: 必须安利的收腹背心内衣
2849,http://www.bilibili.com/video/av88293261,0,0,10,3,【春秋穿搭分享】新人up试放映
2850,http://www.bilibili.com/video/av88275242,0,0,10,0,使视频剪辑软件崩了的一份子——在家闲的无聊的就拍视频吧！ 穿搭小视频
2851,http://www.bilibili.com/video/av88275225,0,1,10,2,【初春穿搭】可盐可甜气质风穿搭～
2852,http://www.bilibili.com/video/av88219839,0,1,10,0,【学生党必看】平价秋冬小单鞋！最低19元！
2853,http://www.bilibili.com/video/av88204429,0,0,10,0,【一口汪】绝不超过38元的汉服发饰安利
2854,http://www.bilibili.com/video/av88193110,0,0,10,1,【flamcis穿搭分享】欧美风甜美小裙子 假期装扮风向标
2855,http://www.bilibili.com/video/av88186555,0,0,10,0,刷小金刚菩提的艺刷效果如何？
2856,http://www.bilibili.com/video/av88166897,0,0,10,0,｜404 ｜情人節！單身女孩的倔強！做最酷的黑寡婦～6套all black穿搭！一次滿足！
2857,http://www.bilibili.com/video/av88146897,0,0,10,0,连体衣早春穿搭分享，春天穿特别舒服，30岁过后穿美的不要不要
2858,http://www.bilibili.com/video/av88127219,0,0,10,0,#情人节不隔离爱##礼物种草有点甜##购情人节礼物#
2859,http://www.bilibili.com/video/av88070675,0,0,10,0,洋哥哥的一些穿搭造型不全合集
2860,http://www.bilibili.com/video/av88067162,0,0,10,0,看你老師球鞋介紹 - Air Jordan 4 OG (2016)
2861,http://www.bilibili.com/video/av88040317,0,0,10,0,穿了4个月的aj32到底怎么样
2862,http://www.bilibili.com/video/av87940466,0,0,10,0,aj11bred
2863,http://www.bilibili.com/video/av87938727,0,0,10,0,新年红
2864,http://www.bilibili.com/video/av87934215,0,0,10,0,这款可四季穿的黑色裙子太漂亮了，穿上显高显瘦，适合聚会出行穿
2865,http://www.bilibili.com/video/av87877363,0,0,10,0,会打扮的人轻易不穿连衣裙，这样的中性风才是省心精致的打开方式
2866,http://www.bilibili.com/video/av87868997,0,0,10,0,我和我的耳环们！
2867,http://www.bilibili.com/video/av87837926,0,0,10,0,AIR JORDAN 10 RETRO AJ10 泼墨 灰水泥 310805-062
2868,http://www.bilibili.com/video/av87834349,0,0,10,0,【back to school】瑞典小姐姐 80年代复古搭配 80s back to school lookbook
2869,http://www.bilibili.com/video/av87832049,0,1,10,0,（英字）【takamamaの、自由着まま】日系【Sampo】takamamaと、JIYUGAOKA
2870,http://www.bilibili.com/video/av87817490,0,0,10,0,Carhartt WIP x Motown 60周年纪念系列发售现场短片
2871,http://www.bilibili.com/video/av87812125,0,0,10,0,我很坏，不知好歹，不乖还不改。
2872,http://www.bilibili.com/video/av87800929,0,0,10,0,看你老師球鞋介紹 - Air Jordan 6 Black infrared 2014 (Full size run 全家福)
2873,http://www.bilibili.com/video/av87799042,0,0,10,0,购物分享，宅在家实在太无聊
2874,http://www.bilibili.com/video/av87748483,0,0,10,0,四十岁女人别穿太老气！试试衬衫+打底衫，早春穿上嫩得像90后
2875,http://www.bilibili.com/video/av87740020,0,0,10,0,Sacai x NK华夫跑鞋上脚视频
2876,http://www.bilibili.com/video/av87701192,0,1,10,0,看你老師球鞋介紹 - Nike Foamposite One  Black Suede
2877,http://www.bilibili.com/video/av87635566,0,0,10,0,婚礼纪念手环
2878,http://www.bilibili.com/video/av87540512,0,0,10,0,开春微凉，“半身裙”要买起来了！特别是这几款，遇见就别错过
2879,http://www.bilibili.com/video/av87528538,0,1,10,0,DANIEL W. FLETCHER LONDON SS17
2880,http://www.bilibili.com/video/av87515943,0,0,10,0,看你老師球鞋介紹_feat_Howard_-_June_general_release_(6月發行)
2881,http://www.bilibili.com/video/av87509610,0,0,10,0,女人们都爱穿的老爹鞋，怎样挑选适合呢？看看小姐姐怎么说，美
2882,http://www.bilibili.com/video/av87498965,0,0,10,0,太奶了阿迪，喜欢Rivalry RM
2883,http://www.bilibili.com/video/av87474645,0,1,10,0,欢迎来到您的高级时尚YouTube.com
2884,http://www.bilibili.com/video/av87466412,0,0,10,0,【汉服安利】惜春-红楼系列
2885,http://www.bilibili.com/video/av87402365,0,0,10,0,MAPALé RESORT 2020
2886,http://www.bilibili.com/video/av87379582,0,0,10,0,爱丽丝装扮冰冻艾莎公主和安娜公主 冰雪女王 02
2887,http://www.bilibili.com/video/av87372376,0,0,10,0,冬季棉服穿搭小技巧
2888,http://www.bilibili.com/video/av87362033,0,0,10,0,小个子女生怎样穿搭？给你春节显高小秘诀，谁这样穿谁好看
2889,http://www.bilibili.com/video/av87325776,0,0,10,0,别一入春就穿风衣，现最流行“运动卫衣”，上身减龄又大气
2890,http://www.bilibili.com/video/av87317931,0,0,10,0,百元内平价眼影好用？确认过眼神，这个眼影盘是对的，主要还不贵
2891,http://www.bilibili.com/video/av87267006,0,0,10,0,2020年流行红色碎花裙+白色马甲，配高跟鞋，时髦减龄又不失优雅
2892,http://www.bilibili.com/video/av87187621,0,0,10,0,购物分享-DIOR迪奥手链-ARMANI阿玛尼素颜霜
2893,http://www.bilibili.com/video/av87141111,0,0,10,0,想与女人味“不见不散”？一键get这“魔术裙”，性感优雅显身材
2894,http://www.bilibili.com/video/av87124851,0,0,10,0,美到骨子里的丝绒外套，这样穿才够高级，穿出女人“华贵”气质！
2895,http://www.bilibili.com/video/av87121994,0,0,10,0,酷到爆呀
2896,http://www.bilibili.com/video/av87112523,0,1,10,0,美妆穿搭
2897,http://www.bilibili.com/video/av86871205,0,0,10,0,韩国新晋牌子 曼龙MannyLonq 2020春夏画册出来啦
2898,http://www.bilibili.com/video/av86851346,1,0,10,0,冬季平价好物分享，保暖背心睡眠袜怎么选，不想洗头怎么办
2899,http://www.bilibili.com/video/av88339866,0,0,9,0,[小树莓测评]真实测评 希望本期视频能对准备入手小树莓的姐妹们有帮助(〃?〃)本文实测
2900,http://www.bilibili.com/video/av88311845,0,0,9,0,盲选挑战：旧衣新穿是灾难还是？？？
2901,http://www.bilibili.com/video/av88308858,0,0,9,0,初投稿-请多多关照
2902,http://www.bilibili.com/video/av88289359,0,0,9,0,现在你明白了吗能平安度过每一个你觉得平淡的日子已经是最大的福气和幸运了
2903,http://www.bilibili.com/video/av88268757,0,1,9,0,女性内衣百年进化史
2904,http://www.bilibili.com/video/av88223528,0,3,9,0,[小众]“我最爱的服饰风格”
2905,http://www.bilibili.com/video/av88213728,0,0,9,1,在家Vlog，包括自己的碎碎念，主要是穿搭，也是自己喜欢的题材
2906,http://www.bilibili.com/video/av88184623,0,0,9,0,这个灰姑娘是这样华丽变身的^O^@我的公主殿下/服饰与搭配
2907,http://www.bilibili.com/video/av88155582,0,0,9,0,刘雯的粗花尼系列可定制款
2908,http://www.bilibili.com/video/av88123019,0,1,9,1,10000元AJ1的正确穿法99%的人不知道?乛?乛?卡在了奇怪的地方
2909,http://www.bilibili.com/video/av88067923,0,0,9,0,看你老師球鞋介紹 - Dada Spinner 1 OG
2910,http://www.bilibili.com/video/av88030474,0,0,9,0,春天来了，该买卫衣了，圆领卫衣舒适大气，外穿内搭都可以
2911,http://www.bilibili.com/video/av87984320,0,0,9,0,Gucci大秀上又复刻了这款！即使在之前也觉得这款Jakie历久弥新、设计经典、好像永远都不会过时、这就是好的设计吧！要不然当年杰奎琳怎么能一直钟情于它呢！
2912,http://www.bilibili.com/video/av87979269,0,0,9,0,意诚堂时尚男装品牌
2913,http://www.bilibili.com/video/av87852421,0,1,9,1,水晶啊水晶
2914,http://www.bilibili.com/video/av87828760,0,0,9,0,看你老師球鞋介紹 - Nike KD 7 &#39;WTKD&#39; - Break down of the What The
2915,http://www.bilibili.com/video/av87827381,0,0,9,0,看你老師特集報導 - Adidas X 林書豪 - 決戰夏日
2916,http://www.bilibili.com/video/av87826353,0,0,9,0,第13话 2020春季新款男生大波浪底老爹鞋街拍搭配指南！
2917,http://www.bilibili.com/video/av87805447,0,0,9,1,梨形身材女孩卫衣遮肉示范，100斤以上必学，做这条gai上最靓的仔
2918,http://www.bilibili.com/video/av87796734,0,0,9,0,今年很流行的灯芯绒外套，适合25一45岁，穿起来大气优雅超漂亮
2919,http://www.bilibili.com/video/av87773371,0,0,9,0,孕妇
2920,http://www.bilibili.com/video/av87737832,0,0,9,0,小郑穿搭 |  一周穿搭不重样
2921,http://www.bilibili.com/video/av87730500,1,0,9,0,"Vapormax, AJ1 Royal Blue, Nike Lab...  HAUL 100% SNEAKERS"
2922,http://www.bilibili.com/video/av87687107,0,0,9,0,一秒教你学会学院风穿搭
2923,http://www.bilibili.com/video/av87663184,0,0,9,0,莆田越来越牛逼了
2924,http://www.bilibili.com/video/av87618658,0,0,9,0,初春P!nk  |  舒适幻想
2925,http://www.bilibili.com/video/av87594148,0,0,9,0,看你老師球鞋介紹 - Air Jordan 12 &#39;Taxi&#39;
2926,http://www.bilibili.com/video/av87560817,0,0,9,0,爱美的女人，少穿卫衣，春天试试红色毛衣，减龄更有范儿
2927,http://www.bilibili.com/video/av87548787,0,0,9,0,Haul mode | 小姐姐讲时尚穿搭
2928,http://www.bilibili.com/video/av87524358,0,0,9,0,初春女人不要打扮的太老气，试试这2种气质穿搭，适合微胖女生穿
2929,http://www.bilibili.com/video/av87517039,0,0,9,0,看你老師球鞋介紹 - 補充 Reebok &#39;Shaq Attaq&#39;
2930,http://www.bilibili.com/video/av87512914,0,0,9,0,看你老師球鞋介紹_-_Air_Jordan_8_Bug&#39;s_(兔寶寶)
2931,http://www.bilibili.com/video/av87512220,0,0,9,0,看你老師球鞋介紹_-_Nike_Zoom_Hyperflight_PRM_Superhero_Pack
2932,http://www.bilibili.com/video/av87508113,0,0,9,0,未完之约魔女茜茜开箱视频来啦！太酷啦夸爆！lolita fs开箱
2933,http://www.bilibili.com/video/av87480791,0,0,9,0,第一次看到把伤感摇的这么高端的
2934,http://www.bilibili.com/video/av87468019,0,0,9,0,早春连衣裙搭配分享，学学下面这样穿搭，时尚大气又显年轻
2935,http://www.bilibili.com/video/av87369544,0,0,9,0,春天到了，“小外套”要买起来了！特别是这几款，好看又百搭
2936,http://www.bilibili.com/video/av87368903,0,0,9,0,真的好看？
2937,http://www.bilibili.com/video/av87334249,0,0,9,0,别入春了还穿厚毛衣？现最流行“气质格子裙”，上身减龄又保暖
2938,http://www.bilibili.com/video/av87265934,0,0,9,0,休闲随性的早春穿搭，今年选这3款“淑女风”连衣裙，大方显气质
2939,http://www.bilibili.com/video/av87095743,0,0,9,0,男鞋
2940,http://www.bilibili.com/video/av87072262,0,0,9,0,这组配色，被中国人误会好多年……
2941,http://www.bilibili.com/video/av86950962,0,0,9,0,Vlog 01 | My work 时尚工作者进“坑”工作
2942,http://www.bilibili.com/video/av86941540,0,2,9,2,年度好物分享
2943,http://www.bilibili.com/video/av86911663,0,0,9,0,糖小艺的jk制服1月份购入
2944,http://www.bilibili.com/video/av86902765,0,0,9,0,在家闲得无聊，一起来刷鞋吧！
2945,http://www.bilibili.com/video/av86897632,0,0,9,0,要想生活过的去那就必须戴点绿
2946,http://www.bilibili.com/video/av86853358,0,0,9,0,显脸小耳饰种草！N款独特不烂大街的超好看耳饰，适合各种场合
2947,http://www.bilibili.com/video/av86808763,0,0,9,0,可 爱 小姐姐 之我的朋友
2948,http://www.bilibili.com/video/av88345281,0,0,8,0,（搬运）我真是太爱远近渔小姐姐辽
2949,http://www.bilibili.com/video/av88335590,0,0,8,0,【高二学生党鞋类分享】分享一些冷门鞋
2950,http://www.bilibili.com/video/av88330621,0,0,8,0,@粉帽儿_分享一件潮牌undefeated的夹克时尚单品
2951,http://www.bilibili.com/video/av88322273,0,0,8,0,春天快来！我想你乐！
2952,http://www.bilibili.com/video/av88318341,0,0,8,0,钟楚曦穿搭，旅行穿搭&amp;照型典范
2953,http://www.bilibili.com/video/av88311055,0,0,8,2,超白菜的LO裙   拯救吃土少女            （第一次做视频，做的不好勿喷）
2954,http://www.bilibili.com/video/av88264107,0,0,8,0,看你老師球鞋介紹 - Air Jordan 1 &#39;Top 3&#39;
2955,http://www.bilibili.com/video/av88261644,0,0,8,0,我滴披风集合
2956,http://www.bilibili.com/video/av88259767,0,0,8,0,看你老師球鞋介紹 - Adidas Yeezy Boost 350 V2 &#39;Beluga&#39;
2957,http://www.bilibili.com/video/av88257381,0,0,8,2,明媚换装action
2958,http://www.bilibili.com/video/av88232627,0,0,8,0,小陈同学的开箱来了！又是买买买的一期
2959,http://www.bilibili.com/video/av88212682,0,0,8,0,钻戒分享来啦，大家是不是期待已久呢？
2960,http://www.bilibili.com/video/av88195751,0,0,8,0,期待中的2020
2961,http://www.bilibili.com/video/av88195134,0,0,8,0,【开春外套】学院风|棒球服|韩系穿搭|小个子女生|穿搭示范
2962,http://www.bilibili.com/video/av88175006,0,0,8,0,来自10086线小城市大学生的挚爱分享
2963,http://www.bilibili.com/video/av88135068,0,0,8,0,早春搭配技巧：小西装外套+浅蓝衬衫，这样穿显年轻，气质感十足
2964,http://www.bilibili.com/video/av88121941,0,0,8,0,纠结症发作-不知道穿什么-突然后悔买这几件衣服
2965,http://www.bilibili.com/video/av88112403,0,0,8,0,芬迪FENDI NANO BAGUETTE超迷你链条单肩斜挎挂饰零钱包
2966,http://www.bilibili.com/video/av88104214,0,0,8,0,【开箱】SweetDreamer原创设计 羊毛呢兔耳花瓣摆大衣+【加绒兔子尾巴马丁靴】魔女之夜Lolita鞋
2967,http://www.bilibili.com/video/av88053851,0,0,8,0,大牌时装周2020女装流行趋势大盘点！
2968,http://www.bilibili.com/video/av88050424,0,0,8,0,接下来，就是视觉盛宴
2969,http://www.bilibili.com/video/av88036824,0,0,8,0,致青春校服，刘亦菲同款。
2970,http://www.bilibili.com/video/av88032758,0,1,8,0,824 2月9日直播录像  下
2971,http://www.bilibili.com/video/av88004888,0,0,8,0,进来选男朋友
2972,http://www.bilibili.com/video/av87977639,0,0,8,0,三连送表妹
2973,http://www.bilibili.com/video/av87962052,0,0,8,0,帽子控 大头女孩必备的帽子！大头女孩快来看看
2974,http://www.bilibili.com/video/av87912831,0,0,8,0,跟美女主播学早春搭配技巧，学下面这么打扮自己，穿搭简单又时尚
2975,http://www.bilibili.com/video/av87882495,0,0,8,0,会打扮的人轻易不穿棉服，建议试试这的风衣外套，简约精致又减龄
2976,http://www.bilibili.com/video/av87880595,0,0,8,2,【月栖阡芊】家里蹲的敦煌风汉服试妆！
2977,http://www.bilibili.com/video/av87843537,0,0,8,0,買前功課 - Nike Air Max 95 Doernbecher by Jacob Burris
2978,http://www.bilibili.com/video/av87834182,0,0,8,0,Air Jordan 12 AJ12黑红金扣大红黑武士麂皮抓绒 130690
2979,http://www.bilibili.com/video/av87824067,0,0,8,0,看你老師球鞋介紹 - Air Jordan 11 Retro Low &#39;Bred&#39;
2980,http://www.bilibili.com/video/av87798054,0,0,8,0,2020.02.09
2981,http://www.bilibili.com/video/av87779546,0,0,8,0,cla 系的裙子我太爱了?
2982,http://www.bilibili.com/video/av87713813,0,0,8,0,日常推荐之解构风
2983,http://www.bilibili.com/video/av87700256,0,0,8,0,看你老師特集報導 - 台北碩文杜卡迪之旅 - Ducati Taiwan Taipei
2984,http://www.bilibili.com/video/av87686333,0,0,8,0,腿粗屁股大也能穿出大长腿？
2985,http://www.bilibili.com/video/av87686103,0,0,8,0,学会颜色搭配，你就是整条街上最酷的盖
2986,http://www.bilibili.com/video/av87678043,0,0,8,2,68元的水貂绒外套，年轻时尚，性价比高，适合爱时髦的的妈妈们
2987,http://www.bilibili.com/video/av87664495,0,0,8,0,Loewe Gate Small Bag Marine/Light Oat小号拼色马鞍包
2988,http://www.bilibili.com/video/av87648998,0,0,8,0,鹤舞青空
2989,http://www.bilibili.com/video/av87612932,0,0,8,0,白衬衫的多种穿搭｜0技巧的穿搭只是想试试新买的衣服科科
2990,http://www.bilibili.com/video/av87589169,1,0,8,0,春天总会来的|绿色系单品collectionⅠ|暗绿裤|墨绿top|翠绿毛衣|薄荷绿西装|
2991,http://www.bilibili.com/video/av87546790,0,0,8,0,节后小仙女，女神必备，束腰减肉必备神器，不管穿什么都美美哒
2992,http://www.bilibili.com/video/av87538894,0,0,8,0,穿搭
2993,http://www.bilibili.com/video/av87513262,0,0,8,0,看你老師球鞋介紹_-_Air_Jordan_5_grapes
2994,http://www.bilibili.com/video/av87478488,0,0,8,0,看你老師球鞋介紹_-_Reebok_Kamikaze_II_Collection
2995,http://www.bilibili.com/video/av87465396,0,0,8,0,【汉服安利】溯回山海系列
2996,http://www.bilibili.com/video/av87389572,0,0,8,0,我也想买这双斯凯奇了
2997,http://www.bilibili.com/video/av87389203,0,0,8,0,佛罗伦萨时装周 PITTI UOMO 95#
2998,http://www.bilibili.com/video/av87369644,0,0,8,0,别找了，今年最流行外套穿搭都在这，时尚又百搭，上班日常都能穿
2999,http://www.bilibili.com/video/av87368257,0,0,8,0,小个子女生怎样穿搭？给你春节显高小秘诀，谁这样穿谁好看
3000,http://www.bilibili.com/video/av87287101,0,0,8,0,汉服小哥哥
3001,http://www.bilibili.com/video/av87266861,0,0,8,0,早春可以多穿穿这时髦的皮草外套，气质有牌面，显得很有个性
3002,http://www.bilibili.com/video/av87235987,0,0,8,0,没有女模的第一天，我穿女装了，我当女模了
3003,http://www.bilibili.com/video/av87186068,0,1,8,0,Say I&#39;m your queen
3004,http://www.bilibili.com/video/av87185685,0,0,8,0,新春新衣分享｜Ports Ganni Stella CommeMoi
3005,http://www.bilibili.com/video/av87177278,0,0,8,0,我的故事 我们的故事 变好看 #13
3006,http://www.bilibili.com/video/av87144790,0,0,8,0,太无聊了怎么办？转圈圈啊。过年的衣服一件都没有穿过TAT
3007,http://www.bilibili.com/video/av87099720,0,0,8,0,一见钟情的Air Jordan 1
3008,http://www.bilibili.com/video/av87092240,0,0,8,0,家居睡衣分享来喽
3009,http://www.bilibili.com/video/av87082708,0,0,8,0,分分钟都能学会的6种围巾系法｜秒变韩国剧女主角 系法简单又时髦，手残党也能轻松get~大家赶紧点赞收藏起来吧！
3010,http://www.bilibili.com/video/av87069810,0,0,8,0,赵丽颖时尚穿搭来了，
3011,http://www.bilibili.com/video/av87058052,0,0,8,0,怎样才能穿出时髦感？今年春天的小西装，穿出简约与优雅，很有范
3012,http://www.bilibili.com/video/av87053685,0,0,8,0,别再穿西装了，太大众！现在流行穿夹克外套，可甜可盐时髦又有型
3013,http://www.bilibili.com/video/av87044822,0,0,8,0,30-45岁女人穿衣要有气质，今年巨流行仿皮草外套，配小皮裙超美
3014,http://www.bilibili.com/video/av87043128,0,0,8,0,今年流行中长款羽绒马甲，这样搭配减龄显瘦，保暖又少女风
3015,http://www.bilibili.com/video/av87000655,0,0,8,0,Vlog|新年新装扮|5种耳饰5种风格|春夏
3016,http://www.bilibili.com/video/av86966272,0,0,8,0,温柔小吴|穿搭分享 准备迎接春天 好好穿衣服
3017,http://www.bilibili.com/video/av86888159,0,0,8,0,修身连衣裙推荐，吊带设计荷叶边，简洁大气且显气质
3018,http://www.bilibili.com/video/av86845476,0,0,8,0,女人到了三四十岁，别穿的太老气！建议试试“名媛”春裙，显气质
3019,http://www.bilibili.com/video/av88334241,0,0,7,0,人间富贵花-汉服出行的正确方式，买不了吃亏买不了上当，快点进去，绝对看了不后悔。
3020,http://www.bilibili.com/video/av88311696,0,0,7,0,玩潮勿跟风！sophnet西装和uniform experiment衬衫分享 和一些自己对选衣服的观点
3021,http://www.bilibili.com/video/av88269195,0,0,7,0,全球假鞋制造基地莆田--质量深度检测
3022,http://www.bilibili.com/video/av88263725,0,0,7,0,看你老師現買現穿 - 2016 Air Jordan 3 &#39;True Blue 88&#39;
3023,http://www.bilibili.com/video/av88259025,0,0,7,0,团铭古风头饰 热销蝴蝶流苏发夹 水晶发夹 日常古风汉服头饰边夹
3024,http://www.bilibili.com/video/av88257957,0,0,7,0,某田鞋如何在鉴定平台鉴定为非鉴别范围（无法鉴定）？
3025,http://www.bilibili.com/video/av88251235,0,0,7,0,。。。。
3026,http://www.bilibili.com/video/av88185586,0,0,7,1,vlog#02莫妮卡//购物分享/Sping outfits/Dance Monkey
3027,http://www.bilibili.com/video/av88145170,0,0,7,0,怪不得30岁过后都爱穿卫衣，原来现在都流行这样穿，特别显年轻
3028,http://www.bilibili.com/video/av88139364,0,0,7,0,秋冬如何穿的高级显气质？  快到碗里来～
3029,http://www.bilibili.com/video/av88093248,0,0,7,0,小女孩春装穿搭
3030,http://www.bilibili.com/video/av88080824,0,0,7,0,force 1 travis scott 开箱
3031,http://www.bilibili.com/video/av88018470,0,0,7,0,好看的仙女头像吖！
3032,http://www.bilibili.com/video/av88013246,0,0,7,0,40岁过后若经济允许，建议多穿这绒布连帽卫衣，洋气显瘦超减龄
3033,http://www.bilibili.com/video/av87989859,0,0,7,0,没有人会不喜欢紫色吧，这些如同紫丁香一样的派克服，时尚精致
3034,http://www.bilibili.com/video/av87984609,0,0,7,0,好多粉丝怀疑我是不是印刷的。。。你觉得呢？
3035,http://www.bilibili.com/video/av87954409,0,0,7,0,原来明星也是大骨架没腰线？不要自卑了，对症下药 解决身材身材问题吧
3036,http://www.bilibili.com/video/av87923707,0,0,7,0,可以内外搭配的毛衣特别适合早春穿，75后女人这样穿，好漂亮
3037,http://www.bilibili.com/video/av87911535,0,0,7,0,时尚美女主播告诉你，秋冬靴子可以这样搭配，逛街出游回头率超高
3038,http://www.bilibili.com/video/av87909350,0,0,7,0,老婆真是败家，一下子买3件卫衣，出门这样穿，老公说好看是吗
3039,http://www.bilibili.com/video/av87886381,0,0,7,0,洛可可舞曲。给大家推荐自己入手嗯裙子。1二团料子比较厚重（棉布容易皱）2boll 感很强。比较值得入手
3040,http://www.bilibili.com/video/av87871500,0,0,7,0,春天少穿平底鞋，臃肿又俗气！中跟靴气质还显高，更适合小个子
3041,http://www.bilibili.com/video/av87870910,0,0,7,0,库存·开箱：AJ3 Tinker 白红 换钩
3042,http://www.bilibili.com/video/av87864752,0,0,7,0,震惊！一 女 子 高 中 生 竟 特别热爱她的汉服！（狗头保命）
3043,http://www.bilibili.com/video/av87852718,0,0,7,0,【Lolita】真空城堡  安眠曲
3044,http://www.bilibili.com/video/av87843272,0,0,7,0,買前功課 - Air Jordan 13 Doernbecher by John Charles
3045,http://www.bilibili.com/video/av87839627,0,0,7,0,开春后要怎么搭？高领毛衣+牛仔裤也不错，打造慵懒休闲秋冬穿搭
3046,http://www.bilibili.com/video/av87835500,0,0,7,0,看你老師球鞋介紹 - Adidas Ultra Boost Solar Yellow
3047,http://www.bilibili.com/video/av87829287,0,0,7,0,看你老師球鞋介紹 - Air Jordan 7 Retro “Bordeaux&#39; 2015
3048,http://www.bilibili.com/video/av87820919,0,0,7,0,第12话 2020春季新款个性时尚情侣运动鞋街拍搭配指南！
3049,http://www.bilibili.com/video/av87804747,0,0,7,0,看你老師球鞋介紹 - Air Jordan 4 Legend Blue (Columbia Blue 2015)
3050,http://www.bilibili.com/video/av87802246,0,0,7,0,看你老師球鞋介紹 - Air Jordan 11 &#39;Legend Blue&#39;
3051,http://www.bilibili.com/video/av87794417,0,0,7,0,成熟风穿搭
3052,http://www.bilibili.com/video/av87792412,0,0,7,0,送自己新年礼物gucci皮带(奢侈品配饰到底值得买么？)
3053,http://www.bilibili.com/video/av87780884,0,1,7,1,日本模特，炒鸡可爱的小姐姐*^o^*
3054,http://www.bilibili.com/video/av87700071,0,0,7,0,看你老師球鞋介紹 - Nike Flight Squad PRM QS
3055,http://www.bilibili.com/video/av87686724,0,0,7,0,人手必备小黑裙 谁穿谁好看
3056,http://www.bilibili.com/video/av87608621,0,0,7,0,自己觉得好看就是好看，管他哩个愣(??ω??)??
3057,http://www.bilibili.com/video/av87593499,0,0,7,0,看你老師球鞋介紹 - Nike Diamond Turf &#39;Oregon Ducks &amp; Miami Dolphins&#39;
3058,http://www.bilibili.com/video/av87592797,0,1,7,0,看你老師球鞋介紹 - Air Jordan 6 Rings - &#39;Bel Air&#39;
3059,http://www.bilibili.com/video/av87587878,0,1,7,0,超级上镜的泰迪大衣！怎么拍都好看
3060,http://www.bilibili.com/video/av87543480,0,0,7,0,臃肿的羽绒服快丢掉，秋冬穿这款派克大衣，轻薄保暖又高级
3061,http://www.bilibili.com/video/av87518216,0,0,7,0,看你老師球鞋介紹 feat Howard - Nike Air Trainer Max 91&#39; &#39;Bo Knows&#39; - Nike Flykni
3062,http://www.bilibili.com/video/av87516743,0,0,7,0,看你老师球鞋介绍feat howard reebok shaqnosis
3063,http://www.bilibili.com/video/av87496263,0,0,7,0,【珠宝种草】黄金橄榄核给你不一样的体验
3064,http://www.bilibili.com/video/av87477373,0,0,7,0,看你老師球鞋介紹 - Hot release at the end of 2012 (年末熱門發行)
3065,http://www.bilibili.com/video/av87427248,0,0,7,0,Sky的日常穿搭 身高158 体重88斤
3066,http://www.bilibili.com/video/av87394136,0,1,7,0,冷艳高贵接地气
3067,http://www.bilibili.com/video/av87392329,0,0,7,0,VULCAN·伏尔甘 醒狮系列套装
3068,http://www.bilibili.com/video/av87385564,0,0,7,0,今年春天这种鞋子特别流行，随便搭都好看
3069,http://www.bilibili.com/video/av87304840,0,0,7,0,女人衣服不在多，精致简约是关键，连衣裙气质显高，更适合小个子
3070,http://www.bilibili.com/video/av87298668,0,0,7,0,30过后多穿这种皮草外套，搭配马丁靴，给人的视觉感很时髦洋气
3071,http://www.bilibili.com/video/av87288960,0,0,7,0,史上最强cosplay!
3072,http://www.bilibili.com/video/av87286293,0,0,7,0,女人穿这种黑色皮鞋，特别能提升气质，高级百搭显气质，喜欢么
3073,http://www.bilibili.com/video/av87285824,0,0,7,0,这款百搭休闲裤子，裤型有线条感搭配卫衣太漂亮了，有国际大牌范
3074,http://www.bilibili.com/video/av87271988,0,0,7,0,女生外套不好看，拿什么谈恋爱
3075,http://www.bilibili.com/video/av87243333,0,0,7,0,魏晋风
3076,http://www.bilibili.com/video/av87232863,0,0,7,0,楚王好细腰，宫娥多饿死。为啥会饿死，因为没有REBITCH
3077,http://www.bilibili.com/video/av87188899,0,0,7,0,换装秀，只是网红不是模特
3078,http://www.bilibili.com/video/av87175928,0,0,7,0,素汐的马来西亚槟城的-汉服之旅
3079,http://www.bilibili.com/video/av87097607,0,0,7,0,白色小外套怎么搭配衣服好看，小姐姐主播告诉你，这样穿很美
3080,http://www.bilibili.com/video/av86971273,0,0,7,0,爱用物分享 ｜我的一些Love things！
3081,http://www.bilibili.com/video/av86946466,1,0,7,0,虽然白色羽绒服不耐脏，但真的容易穿出甜美女神范儿，关键还保暖
3082,http://www.bilibili.com/video/av86927361,0,0,7,0,号称原厂3d猫眼的最高版本熊猫是怎样的？
3083,http://www.bilibili.com/video/av86869112,0,0,7,0,还在苦恼半身裙的搭配？教你无敌的高端搭配技巧！
3084,http://www.bilibili.com/video/av86848366,0,0,7,0,待到春暖花开时，我在丛中笑。
3085,http://www.bilibili.com/video/av86843552,0,0,7,0,今年大火的马丁靴，怎么选款+搭配才能让你显高又时髦
3086,http://www.bilibili.com/video/av86788694,0,0,7,1,（女装新品日）韩国卡通睡衣 双面牛奶棉 身上软软的 80斤到150斤 18种色
3087,http://www.bilibili.com/video/av86766544,0,0,7,0,给狗狗焕衣服
3088,http://www.bilibili.com/video/av88333911,0,0,6,1,隐曜之境开箱  脱了超级久终于想起来要编辑（狗头保命）
3089,http://www.bilibili.com/video/av88307386,0,0,6,0,圈钱天团
3090,http://www.bilibili.com/video/av88294483,0,0,6,0,【珠宝种草】有着反996加班寓意的翘班神器
3091,http://www.bilibili.com/video/av88284184,0,0,6,0,每个女人必备的就是化妆品还有首饰
3092,http://www.bilibili.com/video/av88267286,0,0,6,1,阿天的私服日记2
3093,http://www.bilibili.com/video/av88266293,0,0,6,0,看你老師球鞋介紹 - Air Jordan 11 &#39;Space Jam&#39; 2016
3094,http://www.bilibili.com/video/av88266239,0,0,6,1,Undefeated x Nike 联名 Kobe 4 Protro PE 2019年版 科比4 马刺
3095,http://www.bilibili.com/video/av88262397,0,0,6,0,買前功課 Before Buying - Air Jordan 4 Premium &#39;Ginger&#39;
3096,http://www.bilibili.com/video/av88257649,0,0,6,0,#lunar的好物分享～ 分享3件我很喜欢的小配饰～
3097,http://www.bilibili.com/video/av88251952,0,0,6,0,女人要多爱自己，男票会疼你吗？
3098,http://www.bilibili.com/video/av88250510,0,0,6,0,看你老師球鞋介紹 - Adidas NMD R1
3099,http://www.bilibili.com/video/av88204249,0,0,6,0,好看的服饰来了鸭！(阔耐)
3100,http://www.bilibili.com/video/av88199682,0,0,6,0,【cosplay】夏日祭
3101,http://www.bilibili.com/video/av88196657,0,0,6,0,【开春外套】三色针织开衫|青春活力系列|韩系穿搭|搭配裙子裤子
3102,http://www.bilibili.com/video/av88195883,0,0,6,0,抖音洛丽塔1
3103,http://www.bilibili.com/video/av88189062,0,0,6,0,小叶紫檀手串怎么盘如何玩出包浆
3104,http://www.bilibili.com/video/av88162845,0,0,6,0,【如何定制一双vans】
3105,http://www.bilibili.com/video/av88161611,0,0,6,0,冷门的五个变美小技巧，满满的实用干货，这些你都get到了吗？
3106,http://www.bilibili.com/video/av88154686,0,0,6,0,ROLEX-四位标志性的电影制作人向他们的导师致敬
3107,http://www.bilibili.com/video/av88150237,0,0,6,0,重投
3108,http://www.bilibili.com/video/av88147718,0,0,6,0,35-45女人不知道怎么搭配？蓝西装+驼色裤子这样也很时尚，知道吗
3109,http://www.bilibili.com/video/av88109704,1,0,6,0,【当代年轻人消费观】
3110,http://www.bilibili.com/video/av88104780,0,0,6,0,假期常穿球鞋系列——第三双！NIKELAB AIR HUMARA
3111,http://www.bilibili.com/video/av88075975,0,0,6,0,绝美babydoll
3112,http://www.bilibili.com/video/av88068858,0,0,6,0,看你老師球鞋介紹 - Air Jordan 12 &#39;French Blue&#39; (2016 Retro)
3113,http://www.bilibili.com/video/av88062133,0,0,6,0,買前功課 Before Buying - Nike Air Pressure OG Retro 2016
3114,http://www.bilibili.com/video/av88059864,0,0,6,0,分享最近搜集的心水穿搭
3115,http://www.bilibili.com/video/av88034854,0,0,6,0,微胖也能穿出女神范，显高显瘦的连衣裙，不论胖瘦穿都好看
3116,http://www.bilibili.com/video/av88011495,0,1,6,0,某韩国品牌SSS系列单品哪件强? 时尚买手pickdeの秘诀是?
3117,http://www.bilibili.com/video/av87987764,0,0,6,0,公主陛下，臣来迟了
3118,http://www.bilibili.com/video/av87976352,0,0,6,0,泡芙买到了这个很喜欢的包包，也很好搭配衣服，你觉得怎么样
3119,http://www.bilibili.com/video/av87973488,0,0,6,0,【韩式穿搭】没有一个冬天不可逾越，没有一个春天不会到来。等花开时，漂漂亮亮的去见，最想念的那个人。
3120,http://www.bilibili.com/video/av87972097,0,0,6,0,被b站吐槽的中华风lo裙测评
3121,http://www.bilibili.com/video/av87971608,0,0,6,0,「等可以出门」穿新鞋踏青去！
3122,http://www.bilibili.com/video/av87967164,0,0,6,0,40岁女人，别穿的花花绿绿，快试试这款皮衣外套，大气有女人味
3123,http://www.bilibili.com/video/av87938875,0,0,6,0,宅在家之——我的帽子分享
3124,http://www.bilibili.com/video/av87922278,0,0,6,0,45岁老婆真会装嫩，穿这派克服外套出门，老公说你这样穿年轻了
3125,http://www.bilibili.com/video/av87917962,0,0,6,0,没有标题，请欣赏
3126,http://www.bilibili.com/video/av87917355,0,0,6,0,妈妈们，开春别穿得太老气了，现在流行这样穿搭，减龄显大气
3127,http://www.bilibili.com/video/av87897937,0,1,6,0,日本双胞胎姐妹
3128,http://www.bilibili.com/video/av87897555,0,0,6,0,网友下单的80件棉衣，打包容易发货难，疫情期真怕快递不来拉
3129,http://www.bilibili.com/video/av87857543,0,0,6,0,简版椰子 阿迪达斯拼色头层真皮支部拼接
3130,http://www.bilibili.com/video/av87843010,0,0,6,0,買前功課 - Air Jordan 6 OG &#39;Marnoon&#39; 2015
3131,http://www.bilibili.com/video/av87842459,0,0,6,0,買前功課 - Air Jordan 7 &#39;Sweat Shirt&#39;
3132,http://www.bilibili.com/video/av87841220,0,0,6,0,買前功課 - Nike Kobe 10 Elite &#39;Draft Pick&#39;
3133,http://www.bilibili.com/video/av87840408,0,0,6,0,看你老師球鞋介紹 - Adidas J Wall 2  &#39;Solar Orange&#39;
3134,http://www.bilibili.com/video/av87836737,0,0,6,2,看你老師球鞋介紹 - Air Jordan 10 OVO Drake exlcusive
3135,http://www.bilibili.com/video/av87834723,0,0,6,0,Nike Epic React Flyknit编织2018男女 跑鞋AQ0067 AQ0070 943311
3136,http://www.bilibili.com/video/av87834045,0,0,6,0,看你老師球鞋介紹 - Nike Air Max 95 OG - 2015 Retro
3137,http://www.bilibili.com/video/av87831199,0,0,6,0,情人节特辑！在？进来领女朋友啦！四种动物系女友！
3138,http://www.bilibili.com/video/av87827304,0,0,6,0,第14话 2020春季潮流男生黑白熊猫鞋街拍搭配指南！
3139,http://www.bilibili.com/video/av87819644,0,0,6,0,第10话 2020春季新款潮男老爹鞋街拍搭配指南！
3140,http://www.bilibili.com/video/av87806423,0,0,6,0,看你老師球鞋介紹 - Air Jordan 7 30th &#39;Marvin the Martian&#39; (Night lights of Barce
3141,http://www.bilibili.com/video/av87804455,0,0,6,0,看你老師球鞋介紹 - Air Jordan 10 &#39;Bulls Over Broadway
3142,http://www.bilibili.com/video/av87794985,0,1,6,0,美女主播告诉你，居家服原来可以这么美，邻居夸年轻又好看
3143,http://www.bilibili.com/video/av87770391,0,1,6,0,羽汐自制工作室—乐菱 汉服婚鞋首选
3144,http://www.bilibili.com/video/av87765308,0,0,6,0,《汉服小萌系列》第二期之服饰结构~
3145,http://www.bilibili.com/video/av87751408,0,0,6,0,我转载的一些美女穿搭
3146,http://www.bilibili.com/video/av87739376,0,0,6,0,大ｖ腕表 劳力士探险家改装小猪佩奇Blacken腕表！黑水鬼改装Blacken！改装腕表！
3147,http://www.bilibili.com/video/av87733626,0,0,6,0,可甜可甜vlog 一些乱穿的衣糊
3148,http://www.bilibili.com/video/av87700523,0,0,6,0,毛衣搭配
3149,http://www.bilibili.com/video/av87691397,0,0,6,0,出门逛街或上班，今年流行这款卫衣+烟管裤，让你美的不要不要
3150,http://www.bilibili.com/video/av87675720,0,1,6,1,高颜值的Lolita！仙女们的最爱！
3151,http://www.bilibili.com/video/av87637041,0,0,6,0,Chanel香奈儿小号菱格纹雾霾蓝色流浪包
3152,http://www.bilibili.com/video/av87597563,0,0,6,0,看你老師球鞋介紹 - Air Jordan 10 &#39;Bobcats&#39;
3153,http://www.bilibili.com/video/av87526145,0,0,6,0,【挫男改造手册】第十四期：棉布背心怎么搭
3154,http://www.bilibili.com/video/av87517774,0,0,6,0,小仙女最爱空军系列
3155,http://www.bilibili.com/video/av87516200,0,0,6,0,看你老師球鞋介紹 feat Howard - Air Jordan 4 Retro &#39;Toro Bravo&#39;
3156,http://www.bilibili.com/video/av87515387,0,0,6,0,"看你老師球鞋介紹 feat Howard - Jordan 28, 11 Low GS - Lebron 10 PS - Nike Hyperd"
3157,http://www.bilibili.com/video/av87501641,0,0,6,0,一定要推荐Nike 联名家 Killshot II Leather
3158,http://www.bilibili.com/video/av87494270,0,0,6,0,男人会搭比会买重要，阿杜分享两绝招，40岁的大叔秒变25岁小清新
3159,http://www.bilibili.com/video/av87488625,1,0,6,0,总裁，夫人回来了！
3160,http://www.bilibili.com/video/av87476129,0,0,6,0,看你老師球鞋介紹 - Air Jordan XI _Playoffs _ Bred_
3161,http://www.bilibili.com/video/av87473126,0,0,6,0,绝美女孩的自我修养！世界上怎么会有这么优秀的女孩！
3162,http://www.bilibili.com/video/av87472697,0,0,6,2,春季新款情侣款街头时尚风工装风包包种草，超酷的哦~
3163,http://www.bilibili.com/video/av87466180,0,0,6,0,教你V领毛衣又日常又好看的穿法
3164,http://www.bilibili.com/video/av87464789,0,0,6,0,【汉服安利】『一念』
3165,http://www.bilibili.com/video/av87424174,0,0,6,0,山茶花——香奈儿之源
3166,http://www.bilibili.com/video/av87419184,0,0,6,0,天呐～一集十套妆容~快来看德鲁纳酒店张满月社长IU的时装秀
3167,http://www.bilibili.com/video/av87375933,0,0,6,0,教你一件普通毛衣如何穿出时尚感
3168,http://www.bilibili.com/video/av87374606,0,0,6,0,教你如何一件白衬衫穿出时尚感
3169,http://www.bilibili.com/video/av87367722,0,0,6,0,正在直播  澳洲颗粒羊毛
3170,http://www.bilibili.com/video/av87362003,0,0,6,0,高中鞋狗球鞋分享
3171,http://www.bilibili.com/video/av87306761,0,0,6,0,春季怕凉的女人，不一定非要穿风衣，瞧瞧这西装外套，舒适且干练
3172,http://www.bilibili.com/video/av87271559,0,0,6,0,这个配色会不会太大胆了
3173,http://www.bilibili.com/video/av87258979,0,0,6,0,男鞋
3174,http://www.bilibili.com/video/av87258059,0,0,6,0,高性价比好物大盘点，平价又好用的精华面膜，护肤效果不打折
3175,http://www.bilibili.com/video/av87246652,0,0,6,0,情人节快乐
3176,http://www.bilibili.com/video/av87229370,0,0,6,0,【肉肉】无聊到把衣柜衣服搭配了一番 没想到衣服不少 但………
3177,http://www.bilibili.com/video/av87222668,0,0,6,0,鉴定高帮倒勾的基本方法让各位不会踩水！
3178,http://www.bilibili.com/video/av87161217,0,0,6,1,: 芝麻街睡衣
3179,http://www.bilibili.com/video/av87133518,0,0,6,0,想与女人味“不见不散”？一键get这“魔术裙”，性感优雅并行
3180,http://www.bilibili.com/video/av87072547,0,0,6,0,立春后套头毛衣，这样穿漂亮又时尚，75后果断收藏学习起来
3181,http://www.bilibili.com/video/av87063227,0,0,6,0,汉服
3182,http://www.bilibili.com/video/av86927060,0,0,6,0,你知道你的最佳服装用色是什么吗？你买什么样的服装廓形才能让你显高显瘦？
3183,http://www.bilibili.com/video/av86893987,0,0,6,0,能说上几个牌子，和名字。
3184,http://www.bilibili.com/video/av86885685,0,0,6,0,帽子
3185,http://www.bilibili.com/video/av86879951,0,0,6,0,当你越来越漂亮时，自然有人关注你；当你越来越有能力时，自然有人看得起你！
3186,http://www.bilibili.com/video/av86866382,0,0,6,0,栀子记猫兔同萌。
3187,http://www.bilibili.com/video/av86865510,0,0,6,0,漂亮吗？
3188,http://www.bilibili.com/video/av86861641,0,0,6,0,在这个看脸的世界，所有人无暇关注你的内在，2分钟的接触，也许就是你在别人眼中的全部价值
3189,http://www.bilibili.com/video/av86861543,0,0,6,0,过完年该怎么穿？时尚博主的早春穿搭，优雅减龄气质满分
3190,http://www.bilibili.com/video/av86794076,0,0,6,0,Supreme皮质羽绒
3191,http://www.bilibili.com/video/av86791589,0,0,6,0,服务员
3192,http://www.bilibili.com/video/av88342257,0,0,5,0,香奈儿Chanel So Black全黑中号2.55口盖包
3193,http://www.bilibili.com/video/av88327934,0,0,5,0,嘿嘿
3194,http://www.bilibili.com/video/av88318016,0,0,5,0,你会好好穿衬衫吗？回头率爆表的穿搭！~点赞~投币！收藏
3195,http://www.bilibili.com/video/av88312164,0,0,5,0,【方脸】【圆脸】学生党耳饰分享/百搭/平价/配饰
3196,http://www.bilibili.com/video/av88278530,0,0,5,0,vans小裙摆 nike短袖 乔丹长裤 时尚达人教你摇摆青春！
3197,http://www.bilibili.com/video/av88260846,0,0,5,0,買前功課 Before Buying - Adidas Yeezy Boost 750 &#39;Chocolate&#39;
3198,http://www.bilibili.com/video/av88237274,0,0,5,1,Brooks Ghost 12的神仙缓震
3199,http://www.bilibili.com/video/av88232539,0,0,5,0,这新买的衣服看起来怎么像只苍蝇啊
3200,http://www.bilibili.com/video/av88230781,0,0,5,0,奇物共欣赏 chrome hearts克罗心灯芯绒大嘴巴金牙羽绒服
3201,http://www.bilibili.com/video/av88229341,0,0,5,0,教 你 穿 搭
3202,http://www.bilibili.com/video/av88196431,0,0,5,0,抖音洛丽塔2
3203,http://www.bilibili.com/video/av88173894,0,0,5,0,春季西装look | 4件日常西装显身材搭配分享| 热门单品合集
3204,http://www.bilibili.com/video/av88145490,0,0,5,0,年轻是我们唯一拥有权利去编织梦想的时光。
3205,http://www.bilibili.com/video/av88141053,0,0,5,0,【西装控必看】4套4种西装搭配攻略 ｜窄肩女孩也能打造完美身材
3206,http://www.bilibili.com/video/av88117963,0,0,5,0,『What Am I Wearing』新衣不出門
3207,http://www.bilibili.com/video/av88098231,0,1,5,0,达子 上海秘密花园 服装展
3208,http://www.bilibili.com/video/av88089033,0,0,5,0,每日穿搭分享~显高显瘦扮靓秘籍！宅在家就学怎么搭更好看
3209,http://www.bilibili.com/video/av88088393,0,0,5,0,日系穿搭 可盐可甜
3210,http://www.bilibili.com/video/av88068237,0,0,5,0,30岁女人，要懂得打扮，瞧今年流行的百搭“包包”，优雅又大方
3211,http://www.bilibili.com/video/av88067660,0,0,5,0,看你老師球鞋介紹 - Air Jordan 12 &#39;The Master&#39;
3212,http://www.bilibili.com/video/av88058187,0,0,5,0,看你老師逛鞋店特集報導 - 西雅圖鞋店 - Sneaker Shops in 206 ( 預告 Preview )
3213,http://www.bilibili.com/video/av88051485,0,0,5,0,Chanel vintage 黑金手表
3214,http://www.bilibili.com/video/av88039390,0,0,5,0,穿搭｜小个子秋冬万用又帅气的叠穿合集
3215,http://www.bilibili.com/video/av88035829,0,0,5,0,想收集点文案
3216,http://www.bilibili.com/video/av88028190,0,0,5,0,阿琪拉玩装备EP46：疫情期间有哪些适合背出去的包包呢？
3217,http://www.bilibili.com/video/av88025826,0,0,5,0,文玩先挂瓷后包浆，怎么样包浆快
3218,http://www.bilibili.com/video/av88013555,0,0,5,0,无法抵抗的小饰品
3219,http://www.bilibili.com/video/av88003443,0,0,5,0,复古棉服和复古车挺配
3220,http://www.bilibili.com/video/av87995858,0,0,5,0,是时候和羽绒服说再见了，巧克力双面绒大衣，适合40-50岁妈妈穿
3221,http://www.bilibili.com/video/av87981267,1,0,5,0,意诚堂时装看不懂的才叫个性！简单的才叫时尚！
3222,http://www.bilibili.com/video/av87970456,0,0,5,0,今年羊毛大衣外套别乱买，最洋气的大衣在这里，驼色高贵复古
3223,http://www.bilibili.com/video/av87954458,0,0,5,0,情人节送鞋首选
3224,http://www.bilibili.com/video/av87954263,0,0,5,0,假期无聊，爷爷奶奶的衣服随意穿搭，满满复古风
3225,http://www.bilibili.com/video/av87928154,0,0,5,0,这款水桶包包你喜欢吗？托闺蜜买了一个，咱们看看细节觉得怎么样
3226,http://www.bilibili.com/video/av87842321,0,0,5,0,看你老師球鞋介紹 - Custom Air Jordan 1 Laser &#39;Fragament X Chicago&#39;
3227,http://www.bilibili.com/video/av87840551,0,0,5,0,買前功課 - Nike Lebron 13 &#39;On Court&#39;
3228,http://www.bilibili.com/video/av87839140,0,0,5,0,看你老師球鞋介紹_-_Adidas_T_Mac_5_Retro_“Rain___Fire_China_Exclusive
3229,http://www.bilibili.com/video/av87827170,0,0,5,0,看你老師球鞋介紹 - Adidas Yeezy Boost 350
3230,http://www.bilibili.com/video/av87799475,0,0,5,0,初春不知如何穿搭，现在流行这牛仔裤+羊羔毛外套，洋气又时髦
3231,http://www.bilibili.com/video/av87738766,0,0,5,0,一件春装外套如何诞生
3232,http://www.bilibili.com/video/av87702335,0,0,5,0,看你老師 X 台灣鞋頭特集專訪 - 老莫
3233,http://www.bilibili.com/video/av87700423,0,0,5,0,看! 你老師特集報導 - 球鞋清潔劑 Jason Markk 使用心得
3234,http://www.bilibili.com/video/av87686963,0,0,5,0,女生如何穿出帅气感
3235,http://www.bilibili.com/video/av87686438,0,0,5,0,卫衣配阔腿裤漂亮了！今年流行下面这么搭，30-45岁妈妈穿特减龄
3236,http://www.bilibili.com/video/av87684429,0,0,5,0,小个子的复古穿搭分享
3237,http://www.bilibili.com/video/av87660753,0,0,5,0,莆田鞋
3238,http://www.bilibili.com/video/av87643606,0,0,5,0,看你老師球鞋介紹 - Nike Air Zoom Flight The Glove  _Miami Heat_
3239,http://www.bilibili.com/video/av87625862,0,0,5,2,【开箱】第一眼就看上了它！
3240,http://www.bilibili.com/video/av87612271,0,0,5,0,我曾幻想过的年迈时状态/返老还童/ 可爱俏皮/成都古着店/Play vintage古着屋
3241,http://www.bilibili.com/video/av87609646,0,0,5,0,看你老師球鞋介紹 - Reebok Kamikaze 1 Mid &#39;Super Sonic&#39;
3242,http://www.bilibili.com/video/av87561966,0,0,5,0,斐乐正品包邮
3243,http://www.bilibili.com/video/av87539657,0,0,5,0,这款风衣外套又爆单了，洋气超减龄还不贵，给45岁嫂子穿刚好
3244,http://www.bilibili.com/video/av87537132,0,0,5,0,女人衣服在精不在多，精致简约是关键，这2套气质搭配，落落大方
3245,http://www.bilibili.com/video/av87514205,0,0,5,0,看你老師球鞋介紹_-_May_release_加上稀有收藏鞋款_Part_2
3246,http://www.bilibili.com/video/av87513535,0,0,5,0,看你老師球鞋介紹_-_Nike_Lebron_X_Re-Entry___Pure_Platinum
3247,http://www.bilibili.com/video/av87484498,0,0,5,0,经常被别人吐槽没气质？建议试个新款的帽子，显气质又减龄
3248,http://www.bilibili.com/video/av87479996,0,0,5,0,宅家穿搭
3249,http://www.bilibili.com/video/av87474211,0,0,5,0,日常穿搭推荐
3250,http://www.bilibili.com/video/av87472741,0,0,5,0,卫衣配小黑裤，清新脱俗又时髦，咋都这么好看呢？快来试试吧
3251,http://www.bilibili.com/video/av87470189,0,0,5,0,今年流行的羊羔绒大衣外套，超级暖和还很厚实，时髦又显年轻
3252,http://www.bilibili.com/video/av87469419,0,0,5,0,职场正式场合怎么搭配好看，美女主播告诉你，这几招你学会了吗
3253,http://www.bilibili.com/video/av87466655,0,0,5,0,绿色毛衣怎么穿搭漂亮，今年流行的绿色毛衣太美了，保暖提气质
3254,http://www.bilibili.com/video/av87433235,0,0,5,1,生活无畏  守护你身边的那个最重要的人
3255,http://www.bilibili.com/video/av87432630,0,0,5,0,快手 十三小姐姐的
3256,http://www.bilibili.com/video/av87368731,0,0,5,0,播放量一千评论区送鞋子
3257,http://www.bilibili.com/video/av87368467,0,0,5,0,进来的都是爸爸
3258,http://www.bilibili.com/video/av87352282,0,0,5,0,假期时髦穿搭法，选择这几类时尚单品，让你穿出门自带桃花运
3259,http://www.bilibili.com/video/av87339894,0,0,5,0,你期待这样的一场婚礼吗？
3260,http://www.bilibili.com/video/av87254252,0,0,5,0,想要显贵高大上，皮草外套是不错的选择，轻松张扬
3261,http://www.bilibili.com/video/av87245975,0,0,5,0,SHOP WITH ME~新春购物分享！
3262,http://www.bilibili.com/video/av87211152,0,0,5,0,Video2001 傅老师的帽子分享
3263,http://www.bilibili.com/video/av87209022,0,0,5,0,#我要变美丽 时尚女装穿搭
3264,http://www.bilibili.com/video/av87207628,0,0,5,0,第一次编辑汉服图片 哈哈 下次拍视频。衿娥五谷丰登太美啦啦啦。
3265,http://www.bilibili.com/video/av87157679,0,0,5,0,【桂花】男友每天在家都这样！
3266,http://www.bilibili.com/video/av87058351,0,0,5,0,这款皮衣小姐姐穿真帅气，加厚带小包包外套，个性又不失女人味
3267,http://www.bilibili.com/video/av87050952,0,0,5,0,今年流行中长款羽绒马甲，这样搭配减龄显瘦，保暖又实穿
3268,http://www.bilibili.com/video/av86973011,0,0,5,0,#明天穿什么#
3269,http://www.bilibili.com/video/av86970691,0,0,5,0,汉服小姐姐
3270,http://www.bilibili.com/video/av86966731,0,0,5,0,虽然白色羽绒服不耐脏，但真的容易穿出气质女神范儿，保暖显甜美
3271,http://www.bilibili.com/video/av86926945,0,0,5,0,糖小艺的jk制服选择
3272,http://www.bilibili.com/video/av86890439,0,0,5,0,靴子穿搭技巧分享：显高显瘦必备的靴子，百搭时髦显腿长
3273,http://www.bilibili.com/video/av86851590,0,0,5,0,名媛风、清纯系显脸小耳饰种草！n款独特不烂大街的超好看耳饰
3274,http://www.bilibili.com/video/av86845400,0,0,5,0,帽子搭配干货（下）|先人一步做吸睛少女，最新最全50款帽子，教你百变时尚穿搭
3275,http://www.bilibili.com/video/av88342997,0,0,4,0,《汉服小萌系列》第七期之深衣制一
3276,http://www.bilibili.com/video/av88340387,0,0,4,0,朋友说能买一辆雅阁了真的吗
3277,http://www.bilibili.com/video/av88326690,0,0,4,0,萌妹子穿搭
3278,http://www.bilibili.com/video/av88308965,0,0,4,0,偏和风，cla，哥特式的Lolita.
3279,http://www.bilibili.com/video/av88298089,0,0,4,0,春节后开工上班别只穿外套，当下流行的卫衣也别错过，这样才精致
3280,http://www.bilibili.com/video/av88289587,0,0,4,0,我的对于925银材质的耳饰收纳方法和简单的保养
3281,http://www.bilibili.com/video/av88285697,0,0,4,1,盘点下2019的原价抢鞋开箱，希望2020大家都能一路中
3282,http://www.bilibili.com/video/av88281044,0,0,4,0,不寻常的一天
3283,http://www.bilibili.com/video/av88265794,0,0,4,0,看你老師球鞋介紹 - Vans Classic SK8 Hi - Old Skool Canvas - Checkerboard Slip-On
3284,http://www.bilibili.com/video/av88265554,0,0,4,0,看你老師球鞋介紹 - Dada Supreme CDUB &#39;All Star&#39; OG Retro
3285,http://www.bilibili.com/video/av88247616,0,0,4,0,羽汐自制工作室—穗灵
3286,http://www.bilibili.com/video/av88242299,0,0,4,0,看你老師球鞋介紹 - Air Jordan 5 &#39;Black Metallic&#39;
3287,http://www.bilibili.com/video/av88230424,0,0,4,1,【安幼贤】我真是帅惨了
3288,http://www.bilibili.com/video/av88227472,0,0,4,0,帽子特辑｜【10款好玩的帽子】
3289,http://www.bilibili.com/video/av88205963,0,0,4,0,TYAKASHA篇 | VANS
3290,http://www.bilibili.com/video/av88203712,0,0,4,0,Dick Ng篇 | VANS
3291,http://www.bilibili.com/video/av88181612,0,0,4,0,Carolina Herrera FW 2020 | 纯色系优雅礼服卡点视频
3292,http://www.bilibili.com/video/av88169720,0,0,4,0,经典不过时的双排扣大衣，让你气场全开，气质比身材更迷人
3293,http://www.bilibili.com/video/av88167271,0,0,4,0,大家是不是很久没出门了
3294,http://www.bilibili.com/video/av88164611,0,0,4,0,模特小白的第一次vlog
3295,http://www.bilibili.com/video/av88142264,0,0,4,0,过年摆福字，他不香嘛
3296,http://www.bilibili.com/video/av88136867,0,0,4,0,格子外套老气？时尚界视它为宝，这样搭配，逛街也可以拍出电影感
3297,http://www.bilibili.com/video/av88128496,0,0,4,0,特价158元的水貂绒外套，花型漂亮，最适合中老年的妈妈，奶奶
3298,http://www.bilibili.com/video/av88101748,0,0,4,0,A姐来咯
3299,http://www.bilibili.com/video/av88086880,0,0,4,0,赛琳新款Celine Folco中号山核桃条纹织物面料和小牛皮手袋
3300,http://www.bilibili.com/video/av88082734,0,0,4,0,各种叠穿玩法层出不穷，尤其纯色内搭和毛衣的叠穿，有太多优点了
3301,http://www.bilibili.com/video/av88072524,0,0,4,0,假若你是80后，建议多穿这种显白大衣，配上马丁靴，时尚又减龄
3302,http://www.bilibili.com/video/av88069409,0,0,4,0,80后妈妈再不打扮就晚了，这2款时尚减龄大衣外套，比穿皮草洋气
3303,http://www.bilibili.com/video/av88068250,0,0,4,0,数百套穿搭示范，手机里的存图都奉献出来啦！
3304,http://www.bilibili.com/video/av88068200,0,0,4,0,看你老師球鞋介紹 - Air Jordan 10 &#39;OVO&#39;
3305,http://www.bilibili.com/video/av88065326,0,0,4,0,買前功課 Before Buying - Nike Air Foamposite One &#39;University Blue&#39;
3306,http://www.bilibili.com/video/av88059898,0,0,4,0,買前功課 Before Buying - Air Jordan 5 Low  &#39;China - Chinese New Year&#39;
3307,http://www.bilibili.com/video/av88052941,0,0,4,0,女人都喜欢她的腿，那男人都喜欢她的颜，是吗？
3308,http://www.bilibili.com/video/av88040850,0,0,4,0,纽约时装周-tory burch fall 2020
3309,http://www.bilibili.com/video/av88028275,0,0,4,0,看你老師球鞋介紹 - Adidas Ultra Boost &#39;All White&#39;
3310,http://www.bilibili.com/video/av87986043,0,0,4,0,d5addc730ca11758e87559a1bbc83e7d
3311,http://www.bilibili.com/video/av87974300,0,0,4,0,怪不得40岁大姐都爱穿卫衣，原来现在都流行这样穿，时髦又高级
3312,http://www.bilibili.com/video/av87971851,0,0,4,0,早春要这样搭配，黑白灰格子衬衫+牛仔裤，，约会通勤都美
3313,http://www.bilibili.com/video/av87931716,0,0,4,0,戈蔓婷女装你的专属时尚女装大衣橱
3314,http://www.bilibili.com/video/av87915179,0,0,4,0,别人穿起来是复古，你却是老土？教你做个精致的时髦精！
3315,http://www.bilibili.com/video/av87849445,0,0,4,0,老公出轨了，怎么办
3316,http://www.bilibili.com/video/av87843877,0,0,4,0,買前功課 - Air Jordan 8 &#39;Chrome&#39; 2015
3317,http://www.bilibili.com/video/av87842819,0,0,4,0,買前功課 - Air Jordan 8 &#39;Aqua&#39; 2015
3318,http://www.bilibili.com/video/av87842632,0,0,4,0,買前功課 - Adidas Yeezy Boost 350 &#39;Moonrock&#39;
3319,http://www.bilibili.com/video/av87841844,0,0,4,0,化腐朽为神奇的汉服秀
3320,http://www.bilibili.com/video/av87841084,0,0,4,0,看你老師球鞋介紹 - Adidas Crazy 8 “The Night of the Ballin Dead&#39; (Halloween Edit
3321,http://www.bilibili.com/video/av87839663,0,0,4,0,看你老師球鞋介紹_-_Adidas_D_Rose_6_Boost_搶先看
3322,http://www.bilibili.com/video/av87836420,0,0,4,1,经典舒适的米色大衣外套，儿子说可以打90分，你们觉得好看吗
3323,http://www.bilibili.com/video/av87829351,0,0,4,0,衣衣看了灰姑娘的盛装打扮，自己要带个项链！采访采访，要戴绒绒项链的衣衣！
3324,http://www.bilibili.com/video/av87827631,0,0,4,0,看你老師球鞋介紹 - Air Jordan 6 Low - White Infrared 23
3325,http://www.bilibili.com/video/av87826096,0,0,4,0,看你老師球鞋介紹 - Air Jordan 13 Retro Low &#39;Bred&#39;
3326,http://www.bilibili.com/video/av87819306,0,0,4,0,第9话 2020春季新款潮男老爹鞋街拍搭配指南！
3327,http://www.bilibili.com/video/av87800079,0,0,4,0,看你老師 X 台灣鞋頭特集專訪 - 曉健哥
3328,http://www.bilibili.com/video/av87789069,0,0,4,0,令仪昭彰的蛇不语，超A，报缘梅可以有95折优惠  还包邮不心动吗！
3329,http://www.bilibili.com/video/av87757909,0,0,4,0,李梵森 时尚休闲系列  情侣款
3330,http://www.bilibili.com/video/av87698404,0,1,4,0,看你老師球鞋介紹 - Air Jordan 11 Low &#39;Infrared 23&#39;
3331,http://www.bilibili.com/video/av87696881,0,0,4,0,&#39;看&#39; 你老師   Shoe Review   Nike X Supreme Air Foamposite One SP
3332,http://www.bilibili.com/video/av87689421,0,0,4,0,40岁的大姐学穿卫衣，瞧出门这样打扮，邻居夸时尚大气又显年轻
3333,http://www.bilibili.com/video/av87686556,0,0,4,0,谁说穿着保守就没人喜欢？
3334,http://www.bilibili.com/video/av87574818,0,0,4,0,是时候做一件待家就能为社会做贡献的事了。
3335,http://www.bilibili.com/video/av87569968,0,0,4,0,你为什么应该每天都盛裝打扮自己？by Steve Edge （中英字幕）
3336,http://www.bilibili.com/video/av87556729,0,0,4,0,买了这么久的南极人 居然是这样的 我透
3337,http://www.bilibili.com/video/av87536881,0,1,4,0,『乖乖乖乖乖宝吖』贫穷少女的一年
3338,http://www.bilibili.com/video/av87525437,0,0,4,0,【挫男改造手册】第十一期：花衬衫短袖怎么搭
3339,http://www.bilibili.com/video/av87521864,0,0,4,0,听说这款连衣裙今年特流行，竖条纹设计显瘦显高，适合微胖女生穿
3340,http://www.bilibili.com/video/av87519579,0,0,4,0,看你老師球鞋介紹 feat  Howard - 1st half of 2013 top 15 pick (2013上半年前十五首選鞋)
3341,http://www.bilibili.com/video/av87513922,0,0,4,0,看你老師球鞋介紹_feat._Howard_-_May_release_加上稀有收藏鞋款_Part_1
3342,http://www.bilibili.com/video/av87476218,0,0,4,0,论一件西装的穿法
3343,http://www.bilibili.com/video/av87475813,0,0,4,0,羊毛外套搭配打底衫，这样穿你会吗？70后女人这样穿特美嫩
3344,http://www.bilibili.com/video/av87464410,0,0,4,0,【汉服安利】『冬婵』
3345,http://www.bilibili.com/video/av87300297,0,0,4,0,/聊聊男生球鞋背后的小故事/高中故事会？打球受伤分享？
3346,http://www.bilibili.com/video/av87264617,0,0,4,0,豹纹已经过时啦！2020年春季流行的印花是蛇纹，这款背几年不过时
3347,http://www.bilibili.com/video/av87251061,0,0,4,0,怎么穿更时尚？中国红外套更适合，这样穿出街，让你回头率爆棚
3348,http://www.bilibili.com/video/av87170330,0,0,4,0,干货！进阶高级版衬衣如何穿出不一样的高级感
3349,http://www.bilibili.com/video/av87157782,0,0,4,0,小姐姐合集2 尊享版
3350,http://www.bilibili.com/video/av87154648,0,0,4,0,VLOG ｜时尚女孩必看！ 耳饰搭配分享
3351,http://www.bilibili.com/video/av87130795,0,0,4,0,初春爆款短款外套，流行甜美风水貂绒面料，简约时尚优雅气质
3352,http://www.bilibili.com/video/av87098961,0,0,4,0,开春怕凉的女人，不一定要穿风衣，瞧瞧这件格子外套，舒适且干练
3353,http://www.bilibili.com/video/av87044127,0,0,4,0,衣橱呢大衣必备颜色，超好搭配，轻松打造优雅时髦女人型格
3354,http://www.bilibili.com/video/av86996617,0,0,4,0,tb精品麦家秀，样情页合作可dd。
3355,http://www.bilibili.com/video/av86909879,0,0,4,0,男人西装穿搭20条~！！~3连点赞~投币！收藏
3356,http://www.bilibili.com/video/av86894185,0,0,4,0,最流行的牛仔外套，你拥有了吗？时尚简单显年轻，减龄必备单品
3357,http://www.bilibili.com/video/av86862591,0,0,4,0,化妆啦
3358,http://www.bilibili.com/video/av86861383,0,0,4,0,披着大衣的美丽小姐姐，走起路明星范十足，这样的搭配你喜欢吗
3359,http://www.bilibili.com/video/av86850229,0,0,4,0,小姐姐搭配的风衣外套太漂亮，这样穿走路都变得有气质，有明星范
3360,http://www.bilibili.com/video/av86837675,0,0,4,0,【孙绮言】反正也没人看的汉服(￣▽￣)
3361,http://www.bilibili.com/video/av86834061,0,0,4,0,女人就算再穷，也要买件小皮衣，小个子也穿出模特范，时髦洋气
3362,http://www.bilibili.com/video/av86832580,0,0,4,0,忽冷忽热的春季，皮衣搭配裙子开启气质减龄搭配，高级显女人味
3363,http://www.bilibili.com/video/av86829585,0,0,4,0,小西装怎样才能穿出时髦感？早春小西装随意搭，让你美出新高度
3364,http://www.bilibili.com/video/av88342287,0,0,3,0,《汉服小萌系列》第五期之系带隐扣
3365,http://www.bilibili.com/video/av88340449,0,0,3,0,湾湾闺蜜互换穿衣！不同风格都好看！
3366,http://www.bilibili.com/video/av88329068,0,0,3,0,每双鞋子都是精挑细选的真爱款~
3367,http://www.bilibili.com/video/av88317831,0,0,3,0,: 安利你们-磁塑美人收腹裤
3368,http://www.bilibili.com/video/av88301189,0,0,3,0,模仿港风
3369,http://www.bilibili.com/video/av88284377,0,0,3,0,金刚菩提子用什么样的方法才能快速上色包浆清理
3370,http://www.bilibili.com/video/av88274635,0,1,3,0,手足无措 不太聪明的亚子 の 上身测评
3371,http://www.bilibili.com/video/av88267040,0,0,3,0,看你老師球鞋報導 - Adidas Tubular Shadow Knit - NMD R1 PK Glitch Camo
3372,http://www.bilibili.com/video/av88263119,0,0,3,0,買前功課 Before Buying - Air Jordan 1 High OG &#39;Black toe&#39;
3373,http://www.bilibili.com/video/av88256689,0,0,3,0,看你老師球鞋介紹影片 - Air Jordan 1 &#39;Banned&#39;
3374,http://www.bilibili.com/video/av88256279,0,0,3,0,看你老師閒逛鞋店 - 8-20-16
3375,http://www.bilibili.com/video/av88255036,0,0,3,0,看你老師球鞋介紹影片 - Adidas Ultra Boost &#39;Multi Color&#39;
3376,http://www.bilibili.com/video/av88254201,1,0,3,0,绝美红格山楂
3377,http://www.bilibili.com/video/av88254040,0,0,3,1,温柔一刀来啦
3378,http://www.bilibili.com/video/av88243091,0,0,3,0,看你老師現買現穿 - 2016 Air Jordan 12 _Bred_
3379,http://www.bilibili.com/video/av88242612,0,0,3,0,看你老師球鞋介紹 - Air Jordan 3 &#39;True Blue&#39;
3380,http://www.bilibili.com/video/av88241508,0,0,3,0,看你老師球鞋介紹 - Air Jordan 1 OG Retro &#39;Chicago&#39; (2015)
3381,http://www.bilibili.com/video/av88234783,0,0,3,0,看你老師球鞋介紹 - Air Jordan 12 1997 OG &amp; 2009 Flu Game comparison
3382,http://www.bilibili.com/video/av88224863,0,0,3,0,奥丽侬内衣的优势：两长一贵、蝶翼双弧
3383,http://www.bilibili.com/video/av88200733,0,0,3,0,女人不要再穿连衣裙了，试试这样的修身牛仔裤+上衣，大方美丽
3384,http://www.bilibili.com/video/av88192016,0,0,3,0,瓦舍小行星#一束光##Vlog##测评#
3385,http://www.bilibili.com/video/av88156255,0,0,3,0,灰蓝色大衣，自带高级感的东方美，越看越喜欢，适合160以下女人
3386,http://www.bilibili.com/video/av88102399,0,0,3,0,Monthly Fashion Report | January 2020 | Lizzy Hadfield
3387,http://www.bilibili.com/video/av88065856,0,0,3,0,買前功課 Before Buying - Nike Kobe 11 All Star 2016
3388,http://www.bilibili.com/video/av88065108,0,0,3,0,買前功課 Before Buying - Adidas D Rose 6 &#39;Fire Monkey&#39;
3389,http://www.bilibili.com/video/av88060859,0,0,3,0,買前功課 Before Buying - Air Jordan 2 X Just Don &#39;Beach&#39;
3390,http://www.bilibili.com/video/av88060704,0,0,3,0,新年焕新妆
3391,http://www.bilibili.com/video/av88060596,0,0,3,0,買前功課 Before Buying - Air Jordan 5 Low &#39;Alternate 90&#39;
3392,http://www.bilibili.com/video/av88055937,0,0,3,0,【汉服】牡丹记上袄+乘黄披风=大半夜搔首弄姿（闲得慌）
3393,http://www.bilibili.com/video/av88047738,0,0,3,0,leeanfilm|春秋穿搭
3394,http://www.bilibili.com/video/av88034414,0,0,3,0,里寻他千百度，蓦然回首，那人却在，灯火阑珊处。
3395,http://www.bilibili.com/video/av88034101,0,1,3,0,新年特辑  未见的风景，未知的自己
3396,http://www.bilibili.com/video/av88011311,0,0,3,0,你的妹妹
3397,http://www.bilibili.com/video/av87994854,0,0,3,0,早春搭配要个性？多样围巾+长款连衣裙可以这样搭配，学会了吗
3398,http://www.bilibili.com/video/av87993416,0,0,3,0,上新黄钻戒指
3399,http://www.bilibili.com/video/av87991047,0,0,3,0,疫情这么严重，市场是没法去了，只能看看网图了
3400,http://www.bilibili.com/video/av87972261,0,0,3,0,男 生 误 进
3401,http://www.bilibili.com/video/av87956679,0,0,3,1,春夏装，新款
3402,http://www.bilibili.com/video/av87955625,0,0,3,0,好看的二次元衣饰
3403,http://www.bilibili.com/video/av87954204,0,0,3,0,喜善德穿搭
3404,http://www.bilibili.com/video/av87953350,0,0,3,0,纽约时装周？？？看时装周走秀看不出名堂?那就看看相关从业者的解说吧！
3405,http://www.bilibili.com/video/av87931379,0,0,3,0,"戈蔓婷女装是真是假,戈蔓婷女装服务好深得大众认可"
3406,http://www.bilibili.com/video/av87909942,0,0,3,0,Kiko Korika
3407,http://www.bilibili.com/video/av87860649,0,0,3,0,《汉服小萌系列》第四期之袤衣广袖
3408,http://www.bilibili.com/video/av87860638,0,0,3,0,有钱人喜欢说钱不是万能的 就像腰精喜欢说胖一点身体健康一样
3409,http://www.bilibili.com/video/av87837409,0,0,3,0,看你老師球鞋介紹 - Air Jordan 6 Low Chrome (2015)
3410,http://www.bilibili.com/video/av87835264,0,0,3,0,看你老師球鞋介紹 - Adidas T Mac 3 &#39;Lunar Valentine&#39; feat Deal
3411,http://www.bilibili.com/video/av87834392,0,0,3,2,看你老師球鞋介紹 - Air Jordan 7 &#39;Marvin the Martian&#39;
3412,http://www.bilibili.com/video/av87833068,0,0,3,0,Christian Louboutin Louis Orlato Black Velvet 板鞋水钻女鞋
3413,http://www.bilibili.com/video/av87831785,0,0,3,0,看你老師產品介紹 - 13th Vision  Wings  Pack 組合包
3414,http://www.bilibili.com/video/av87829771,0,0,3,0,看你老師球鞋介紹 - Nike Lebron XII EXT &#39;Paisley&#39;
3415,http://www.bilibili.com/video/av87828161,0,0,3,0,看你老師球鞋介紹 - Air Jordan 7 Cigar &amp; Champagne Pack
3416,http://www.bilibili.com/video/av87825836,0,0,3,0,看你老師球鞋介紹 - Air Jordan 1 Pinnacle
3417,http://www.bilibili.com/video/av87807045,0,0,3,0,看你老師球鞋介紹 - Nike Dunk High SB De La Soul 2015
3418,http://www.bilibili.com/video/av87803403,0,0,3,0,看你老師 X 台灣鞋頭特集專訪 - Eric Hsieh (惡魔E) -  Part 2
3419,http://www.bilibili.com/video/av87740995,0,0,3,0,【汉服相册】醉太平 薄罗衣窄絮风软
3420,http://www.bilibili.com/video/av87731750,0,0,3,0,2020.02.09
3421,http://www.bilibili.com/video/av87706473,0,0,3,0,女人要学会打扮自己，今年流行这款白色羽绒服，适合30过后妈妈穿
3422,http://www.bilibili.com/video/av87701692,0,0,3,0,看你老師特集報導 - 2014 鞋族戰記實況回顧
3423,http://www.bilibili.com/video/av87697770,0,0,3,0,看你老師球鞋介紹 - Air Jordan 6 &#39;Carmine&#39;
3424,http://www.bilibili.com/video/av87697640,0,0,3,0,想要有女人味，这款针织连衣裙，30-45岁妈妈都可以穿，特减龄
3425,http://www.bilibili.com/video/av87674942,0,0,3,0,收集十几个国家婚礼装扮，是不是偏心，总觉得自己国的最美
3426,http://www.bilibili.com/video/av87644626,0,0,3,0,看你老師球鞋介紹 - 2014 Nike All Star Collection
3427,http://www.bilibili.com/video/av87615527,0,0,3,0,并不时尚的贫民穿搭
3428,http://www.bilibili.com/video/av87597179,0,0,3,0,看你老師球鞋介紹 - Air Jordan 12 &#39;Gamma Blue&#39;
3429,http://www.bilibili.com/video/av87594539,0,0,3,0,看你老師球鞋介紹 - Nike Air Foamposite Pro PRM   &#39;Asteroid&#39;
3430,http://www.bilibili.com/video/av87593097,0,0,3,0,看你老師球鞋介紹 - Air Jordan 5 &#39;Oreo&#39;
3431,http://www.bilibili.com/video/av87592183,0,0,3,0,看你老師球鞋介紹 - Nike Air Force 1 CMFT PRM RW QS &#39;Rosco&#39;
3432,http://www.bilibili.com/video/av87591831,0,0,3,0,看你老師球鞋介紹 - Air Jordan 5 &#39;3lab5&#39;
3433,http://www.bilibili.com/video/av87584146,0,0,3,0,爆款毛衣视频
3434,http://www.bilibili.com/video/av87547835,0,0,3,0,未来服饰趋势  节能减排
3435,http://www.bilibili.com/video/av87533378,0,0,3,0,一个靓女模特
3436,http://www.bilibili.com/video/av87532145,0,0,3,0,毛呢外套这样买，现流行的毛呢外套真不错，6070后穿上美美哒
3437,http://www.bilibili.com/video/av87518670,0,0,3,0,短款羽绒服掌握“搭配套路”，矮个子女生也能有大长腿，你知道吗
3438,http://www.bilibili.com/video/av87518476,0,0,3,0,看你老師球鞋介紹 - Air Jordan 4 Green Glow
3439,http://www.bilibili.com/video/av87515111,0,0,3,0,看你老師球鞋介紹_feat_Howard_-_Air_Jordan_5_Black_Grapes
3440,http://www.bilibili.com/video/av87505570,0,0,3,0,女人到了中年，穿衣要有档次，试试这款绿色开衫，洋气又显嫩美
3441,http://www.bilibili.com/video/av87482770,0,0,3,0,满天星真香
3442,http://www.bilibili.com/video/av87479342,0,0,3,0,经常被别人吐槽没气质？建议试个新款的帽子，显气质又减龄
3443,http://www.bilibili.com/video/av87476362,0,0,3,0,看你老師特集報導 - Nike Portland Air Jordan _All White Everything_ Display
3444,http://www.bilibili.com/video/av87467655,0,0,3,0,新年新手表，不同角度不同颜色
3445,http://www.bilibili.com/video/av87466002,0,0,3,0,教你穿皮裙的正确姿势√
3446,http://www.bilibili.com/video/av87457145,0,0,3,0,美女哟
3447,http://www.bilibili.com/video/av87453927,0,0,3,0,羊绒大衣绝帅穿搭攻略
3448,http://www.bilibili.com/video/av87385895,0,0,3,0,汉服与雪
3449,http://www.bilibili.com/video/av87374715,0,0,3,0,真正气质好的女人，都喜欢这条碎花连衣裙，显瘦显白，大气还减龄
3450,http://www.bilibili.com/video/av87370836,0,0,3,0,老妈旧衣橱大赏
3451,http://www.bilibili.com/video/av87353256,0,0,3,0,今年春天流行啥外套？格子西装别错过，不仅酷帅还能提升气场
3452,http://www.bilibili.com/video/av87321200,0,1,3,1,新  学  期  穿  新  鞋
3453,http://www.bilibili.com/video/av87300435,0,0,3,0,这款秋冬星空打底毛衣，80后穿特别漂亮，温暖中多几分高贵
3454,http://www.bilibili.com/video/av87268604,0,0,3,0,气质与温度完美结合 戈蔓婷女装展现独特的你
3455,http://www.bilibili.com/video/av87268326,0,0,3,0,专注打造气质穿搭 戈蔓婷女装给你更美的选择
3456,http://www.bilibili.com/video/av87267987,0,0,3,0,遇见戈蔓婷女装 让生命开出最明媚的花
3457,http://www.bilibili.com/video/av87254698,0,0,3,0,记 关 于 我
3458,http://www.bilibili.com/video/av87201898,0,0,3,0,大ｖ腕表 卡地亚伦敦改装正品字面镶钻腕表！改装腕表！包金腕表！
3459,http://www.bilibili.com/video/av87195012,0,0,3,0,今日份的潮图
3460,http://www.bilibili.com/video/av87173298,0,0,3,0,自娱自乐的一天
3461,http://www.bilibili.com/video/av87093429,1,0,3,0,能陪伴父母是我们的幸福
3462,http://www.bilibili.com/video/av87090155,0,0,3,0,5对高颜值耳饰纯分享，温柔气质不撞款，易过敏体质戴起来无压力
3463,http://www.bilibili.com/video/av87065968,0,0,3,0,怎么穿才不老气？衬衫配羊毛大衣，80后照样穿保暖又减龄显气质
3464,http://www.bilibili.com/video/av87062091,0,0,3,0,鞋子包包搭配的完美攻略，搭出高级感，做完美女神！
3465,http://www.bilibili.com/video/av87056014,0,0,3,0,适合75后穿的套头毛衣，你喜欢哪款呢？漂亮而且暖和，还显年轻
3466,http://www.bilibili.com/video/av87052305,0,0,3,0,秋冬呢大衣必备颜色，超好搭配，轻松打造优雅气质时髦女人
3467,http://www.bilibili.com/video/av87001229,0,0,3,0,在春天来临之际，我们被允许出门?
3468,http://www.bilibili.com/video/av86955657,0,0,3,0,西南深處
3469,http://www.bilibili.com/video/av86940859,0,0,3,0,服装
3470,http://www.bilibili.com/video/av86939592,0,0,3,0,卫衣减龄效果太明显了，这几种风格青春有活力，谁穿谁好看
3471,http://www.bilibili.com/video/av86931314,0,0,3,0,春天的裙子丰富多样，独爱衬衫裙，凸显女人味，通勤约会两不误
3472,http://www.bilibili.com/video/av86853432,0,0,3,0,实用的理念构建时尚的生活 戈蔓婷打造国内火爆女装品牌
3473,http://www.bilibili.com/video/av86849483,0,0,3,0,芥vlog11|闲置单品乱七八搭吧实验
3474,http://www.bilibili.com/video/av86844757,0,0,3,0,时髦精必备靴子大分享，最值得入手款都在这，早穿早洋气
3475,http://www.bilibili.com/video/av86841317,0,0,3,0,穿上这时髦的西装套装，轻松拉高你的气场，比皮衣还时髦
3476,http://www.bilibili.com/video/av88348926,0,0,2,0,【洛洛手作】手作Lolita-jsk童lo制作过程，也是比较简易的教程吧。
3477,http://www.bilibili.com/video/av88345930,0,0,2,0,【AOY酱】明制立领汉服随手拍
3478,http://www.bilibili.com/video/av88343338,0,0,2,0,《汉服小萌系列》第九期之襦裙制
3479,http://www.bilibili.com/video/av88342750,0,0,2,0,《汉服小萌系列》第六期之形制类型
3480,http://www.bilibili.com/video/av88339796,0,0,2,0,国外小伙创作魔性音乐BURBERRY Getting Burberry Socks (Prod by. Jimothy Lacoste)
3481,http://www.bilibili.com/video/av88338381,0,0,2,0,做梦女人又来了？！开店前的学习竟然是这个？！店主开店前必学！（雾）
3482,http://www.bilibili.com/video/av88318413,0,0,2,0,叮～来自长安鲸落坊的包裹～请查收
3483,http://www.bilibili.com/video/av88317363,0,0,2,0,戚薇穿搭
3484,http://www.bilibili.com/video/av88293475,0,0,2,0,黑色系
3485,http://www.bilibili.com/video/av88283341,0,0,2,0,女人过了45岁，别穿的像大妈，多穿这样的大衣，不挑人又好看
3486,http://www.bilibili.com/video/av88282345,0,0,2,0,因为无聊？！从接触格子生成器到学ps，这个女人竟然就开始准备开店？
3487,http://www.bilibili.com/video/av88281475,0,0,2,0,带大家认识一款新的老款核桃
3488,http://www.bilibili.com/video/av88264703,0,0,2,0,看你老師球鞋介紹 - 2016 老屁股 OG Nike Air Jordan Collection
3489,http://www.bilibili.com/video/av88262589,0,0,2,0,買前功課 Before Buying - Air Jordan 3 GS &#39;Dark Purple Dust&#39;
3490,http://www.bilibili.com/video/av88260477,0,0,2,0,買前功課 Before Buying - Air Jordan 3 &#39;Cyber Monday&#39;
3491,http://www.bilibili.com/video/av88258546,0,0,2,0,看你老師球鞋介紹影片 - Air Jordan 1 2016 &#39; Bred - Banned&#39;
3492,http://www.bilibili.com/video/av88256471,0,0,2,0,看你老師球鞋介紹影片 - Air Jordan 8 _Sugar Ray_
3493,http://www.bilibili.com/video/av88249220,0,0,2,0,看你老師球鞋介紹 -Air Jordan 11 Low  Cherry &amp; Gum
3494,http://www.bilibili.com/video/av88242850,0,0,2,1,看你老師球鞋介紹 - Air Jordan 4 &#39;Thunder &amp; Lightning&#39; 2006
3495,http://www.bilibili.com/video/av88241740,0,0,2,0,人在芝加哥 - 剪短特集
3496,http://www.bilibili.com/video/av88234367,0,0,2,0,看你老師球鞋介紹 - Air Jordan 2 Ray Allen PE &#39;Home &amp; Away&#39;
3497,http://www.bilibili.com/video/av88227126,0,0,2,0,一款有趣的T恤 我真的忍不住要带给你们！推荐这款可可爱爱的T恤给你们趣味可爱的小龙人上身满满的可爱感~
3498,http://www.bilibili.com/video/av88197316,0,0,2,0,抖音洛丽塔3
3499,http://www.bilibili.com/video/av88187272,0,0,2,0,葫芦上色金刚核桃橄榄核的上色保养方法
3500,http://www.bilibili.com/video/av88179959,0,0,2,0,女人过了40岁想要打扮漂亮一点，学学下面这样搭配，真的很美
3501,http://www.bilibili.com/video/av88170627,0,0,2,0,自以为是
3502,http://www.bilibili.com/video/av88162882,0,0,2,0,Aj1黑丝绸现货w?h690017099
3503,http://www.bilibili.com/video/av88160869,0,0,2,0,穿上西装能脱单，脱下西装能干翻
3504,http://www.bilibili.com/video/av88159797,0,0,2,0,倾心诠释高质低价的产品 戈蔓婷女装晋级高阶质感
3505,http://www.bilibili.com/video/av88151747,0,0,2,0,美女主播早春搭配技巧：复古亲肤套头毛衣+牛子裤，特别适合80后
3506,http://www.bilibili.com/video/av88143898,0,0,2,0,今年流行这么穿：羊羔毛外套+牛仔裤，配短靴，75后女人穿很合适
3507,http://www.bilibili.com/video/av88142616,0,0,2,0,好看的能融化你的少女心哟！(???????)
3508,http://www.bilibili.com/video/av88133911,0,0,2,0,适合35-45岁女士穿的毛呢大衣外套，总是散发典雅高贵，洋气减龄
3509,http://www.bilibili.com/video/av88131921,0,0,2,0,Travelol夹克  ：老帅子 小橘猫
3510,http://www.bilibili.com/video/av88086403,0,0,2,0,眼眸面纱 x隔离电路  利器 ??
3511,http://www.bilibili.com/video/av88085642,0,0,2,0,【上新分享】小巧可爱少女心~ 925纯银红色小螃蟹耳钉~ 加油！加油！
3512,http://www.bilibili.com/video/av88084787,0,0,2,0,新春给自己买件新衣服咯，有试穿
3513,http://www.bilibili.com/video/av88083545,0,0,2,0,女人不论年龄大小，开春都要有的百搭单品，减龄百搭有气质
3514,http://www.bilibili.com/video/av88066210,0,0,2,0,買前功課 Before Buying - Nike KD 8 All Star 2016
3515,http://www.bilibili.com/video/av88066033,0,0,2,0,買前功課 Before Buying - Nike Lebron 13 All Star 2016
3516,http://www.bilibili.com/video/av88062379,0,0,2,0,買前功課 Before Buying - Reebok Classic Leather X Kendrick Lamar
3517,http://www.bilibili.com/video/av88061541,0,0,2,0,買前功課 Before Buying - Air Jordan 4 OG &#39;89&#39;
3518,http://www.bilibili.com/video/av88058734,0,0,2,0,看你老師逛西雅圖鞋店特輯報導 - Part 1
3519,http://www.bilibili.com/video/av88055489,0,0,2,2,白衣天使加油(? ??o??)?·踏清秋·喜上眉梢·2020.01.20录制
3520,http://www.bilibili.com/video/av88046619,0,0,2,0,新年特辑  愿你生而自由、心怀浪漫、安于幸福
3521,http://www.bilibili.com/video/av88037886,0,0,2,0,哈哈
3522,http://www.bilibili.com/video/av88031432,0,0,2,0,2020年流行金丝绒连衣裙，高贵典雅又减龄，春夏不愁，质感满分
3523,http://www.bilibili.com/video/av88030487,0,0,2,0,【新年换新装】新年穿搭＋学习记录|study with me
3524,http://www.bilibili.com/video/av88030304,0,0,2,0,看你老師球鞋介紹 - Adidas Tubular Moc Runner
3525,http://www.bilibili.com/video/av88027992,0,0,2,0,卫衣的百搭
3526,http://www.bilibili.com/video/av88023435,0,0,2,0,考完研 下次一定好好做     保证
3527,http://www.bilibili.com/video/av88019527,0,0,2,0,这一家真帅
3528,http://www.bilibili.com/video/av88010594,0,0,2,0,早春衬衫个性搭配，40岁大嫂想要这样穿，你们觉得好看喜欢吗？
3529,http://www.bilibili.com/video/av87993159,0,0,2,0,早春雾霾蓝毛衣+短裙搭配技巧，女人过了40岁，这样穿显年轻漂亮
3530,http://www.bilibili.com/video/av87983297,0,0,2,0,意诚堂YC丅时尚品牌
3531,http://www.bilibili.com/video/av87978939,0,0,2,0,难怪女人都不买卫衣了，这款流行的毛衣太美了，时尚大气又显年轻
3532,http://www.bilibili.com/video/av87964462,0,0,2,0,水貂绒外套原来这么漂亮，难得一见的洋气，走在街上回头率杠杠的
3533,http://www.bilibili.com/video/av87953769,0,0,2,0,施华洛世奇 情人节推
3534,http://www.bilibili.com/video/av87945421,0,0,2,0,球鞋吧
3535,http://www.bilibili.com/video/av87931188,0,0,2,0,戈蔓婷女装在什么价位?品质高端大众价格让美丽随心而动
3536,http://www.bilibili.com/video/av87910218,0,0,2,0,双肩包过时了，今年首选的斜挎背包气质又大牌，出门带着最方便了
3537,http://www.bilibili.com/video/av87898656,0,0,2,0,【红色单品】不适合穿红色的体质，本命年怎么过？手把手教你挑选不会出错的红色单品！闷在家里不出门不如一起学搭配！
3538,http://www.bilibili.com/video/av87866725,0,0,2,0,今年不想穿连衣裙，就想穿一套“美美”套装，百搭不挑人
3539,http://www.bilibili.com/video/av87858622,0,0,2,0,《汉服小萌系列》第三期之交领右衽
3540,http://www.bilibili.com/video/av87835923,0,0,2,0,看你老師特集報導 - NJK 球衣 (全家福)
3541,http://www.bilibili.com/video/av87833095,0,0,2,0,看你老師特集報導 - 遊逛台北新宿鞋店
3542,http://www.bilibili.com/video/av87830747,0,0,2,0,看你老師球鞋介紹 - Air Jordan 1.5 &#39;Chicago&#39;
3543,http://www.bilibili.com/video/av87826863,0,0,2,0,看你老師球鞋介紹 - Nike Air Tech Challenge II (Andre Agassi)
3544,http://www.bilibili.com/video/av87826348,0,0,2,0,看你老師特集報導 - Nike Portland 波特蘭 Nike
3545,http://www.bilibili.com/video/av87819984,0,0,2,0,第11话 2020春季新款潮男个性时尚运动鞋街拍搭配指南！
3546,http://www.bilibili.com/video/av87806795,0,0,2,0,看你老師球鞋介紹 - Air Jordan 8 Retro Doernbecher Edition by Caden Lampert
3547,http://www.bilibili.com/video/av87803788,0,0,2,0,看你老師模仿大賽 - 活動宣傳
3548,http://www.bilibili.com/video/av87803145,0,0,2,0,2020鼠年吉祥物公仔可爱小老鼠毛绒玩具生肖鼠玩偶布娃娃年会礼品
3549,http://www.bilibili.com/video/av87798350,0,0,2,0,看你老師球鞋介紹 - Air Jordan 13 Retro &#39;Grey toe&#39;
3550,http://www.bilibili.com/video/av87794190,0,0,2,0,看你老師特集報導_-_人在臺北之店家專業度隨堂抽考
3551,http://www.bilibili.com/video/av87732496,0,0,2,0,春季运动鞋TOP5 | TOP 5 SNEAKERS DE PRINTEMPS
3552,http://www.bilibili.com/video/av87722981,0,0,2,0,嘿市公寓来了 感谢臭哥哥转发么么哒
3553,http://www.bilibili.com/video/av87716188,0,0,2,0,败家媳妇说这款轻薄羽绒服漂亮，看着有女人味，很喜欢你说要买吗
3554,http://www.bilibili.com/video/av87699915,0,0,2,0,看你老師台灣鞋頭專訪 - Episode ONE (第一部曲預告)
3555,http://www.bilibili.com/video/av87699566,0,0,2,0,看! 你老師 - Shoe Review - Air Jordan 6 Cigar &amp; Champagne - Nike Footscape D
3556,http://www.bilibili.com/video/av87699378,0,0,2,0,看你老師特集報導 - 人在 LA Part 1
3557,http://www.bilibili.com/video/av87699203,0,0,2,0,看你老師球鞋介紹 - Nike Shooting Star Pack
3558,http://www.bilibili.com/video/av87697201,0,0,2,0,&#39;看&#39; 你老師 - Shoe Review - Air Jordan 11 Low &#39;Concord&#39;
3559,http://www.bilibili.com/video/av87696685,0,0,2,0,&#39;看&#39; 你老師 - Shoe Review - Air Jordan 9 &#39;Barons&#39;
3560,http://www.bilibili.com/video/av87696002,0,0,2,0,_看_ 你老師 － 產品介紹特集
3561,http://www.bilibili.com/video/av87693569,0,0,2,0,看你老師球鞋介紹 - Nike &#39;Yeezy&#39; Foamposite Pro - Air Jordan 2 &#39;Infrared&#39;
3562,http://www.bilibili.com/video/av87686655,0,0,2,0,混搭
3563,http://www.bilibili.com/video/av87609994,0,0,2,0,看你老師球鞋介紹 - Nike Air Foamposite One PRM UO QS
3564,http://www.bilibili.com/video/av87608591,0,0,2,0,看你老師球鞋介紹 - Nike Air Zoom Flight The Glove &#39;Tech Challenge&#39;
3565,http://www.bilibili.com/video/av87594785,0,0,2,0,看你老師球鞋介紹 - Air Jordan 11 &#39;Gamma Blue&#39;
3566,http://www.bilibili.com/video/av87591566,0,0,2,0,到了春天记得备款“纯色毛衣”，任意搭配，什么年纪的人穿都好看
3567,http://www.bilibili.com/video/av87584081,0,0,2,0,多色时尚休闲裤子
3568,http://www.bilibili.com/video/av87570412,0,0,2,0,深深的小王子造型
3569,http://www.bilibili.com/video/av87542854,0,0,2,0,汉服系列，我也就看了9次
3570,http://www.bilibili.com/video/av87529027,0,0,2,0,早春上班！学下面穿这衬衫+阔腿裤，保暖减龄，40岁妈妈超爱
3571,http://www.bilibili.com/video/av87520014,0,0,2,0,30岁的女人春天少穿风衣，臃肿又俗气！这款外套大气又减龄
3572,http://www.bilibili.com/video/av87519175,0,0,2,0,洋气又百搭的大衣外套，潮力四射又显贵气，穿上想不美都难
3573,http://www.bilibili.com/video/av87514693,0,0,2,0,看你老師球鞋介紹 - Air Jordan XI Low
3574,http://www.bilibili.com/video/av87506906,0,0,2,0,早春连衣裙学习下面这样搭配，值得入手的连衣裙，喜欢的pick起来
3575,http://www.bilibili.com/video/av87470911,0,0,2,0,45岁女人要穿嫩一点，不缺钱的话，建议多穿这时髦短外套，洋气
3576,http://www.bilibili.com/video/av87465604,0,0,2,0,你的卫衣买对了吗？这卫衣个性十足，俏皮减龄又百搭，冬季必备
3577,http://www.bilibili.com/video/av87464774,0,0,2,0,秋冬穿这些颜色的卫衣，咋都这么好看呢？好看保暖又百搭
3578,http://www.bilibili.com/video/av87447545,0,0,2,0,美女教你围围巾
3579,http://www.bilibili.com/video/av87398921,0,0,2,0,北京时装周后台记录
3580,http://www.bilibili.com/video/av87384079,0,0,2,0,汉服和日常服装游玩云南，纪念一下自己出去玩耍的日子
3581,http://www.bilibili.com/video/av87371001,0,0,2,0,春天想要更时尚怎能少了短夹克，穿出大长腿的单品，非它莫属
3582,http://www.bilibili.com/video/av87355122,0,0,2,0,经典百搭的豹纹衬衣，女人味十足，衣服的设计更是诚意满满
3583,http://www.bilibili.com/video/av87291140,0,0,2,0,爱搭配
3584,http://www.bilibili.com/video/av87267878,0,0,2,0,戈蔓婷时尚女装 女性心中的时尚殿堂
3585,http://www.bilibili.com/video/av87263818,0,0,2,0,牛仔裤上的头和我的银色指甲????
3586,http://www.bilibili.com/video/av87232482,0,0,2,0,我明艳 跳动且不安分 凡俗没资格来干涉
3587,http://www.bilibili.com/video/av87182927,0,0,2,0,JackJones秒杀啦
3588,http://www.bilibili.com/video/av87168451,0,0,2,0,分享popeye里喜欢的照片穿搭 以及自己喜欢的音乐
3589,http://www.bilibili.com/video/av87161044,0,0,2,1,:  米奇睡衣
3590,http://www.bilibili.com/video/av87160559,0,0,2,1,: 云朵睡衣
3591,http://www.bilibili.com/video/av87148162,0,0,2,0,时尚服饰欣赏
3592,http://www.bilibili.com/video/av87108105,0,0,2,0,绝美爱丽丝
3593,http://www.bilibili.com/video/av87097049,0,0,2,0,女人衣服不在多，精致简约是关键，瞧这大衣气质搭配，大方又显瘦
3594,http://www.bilibili.com/video/av87069851,0,0,2,0,草木染围巾两条(柠檬黄，皮粉色)
3595,http://www.bilibili.com/video/av87059376,0,0,2,0,戈蔓婷是女装界实力雄厚的品牌 看着舒心穿着放心
3596,http://www.bilibili.com/video/av87047460,0,0,2,0,客人朋友定制的黄钻戒指吊坠两用，小奢华风，这款走了很多了
3597,http://www.bilibili.com/video/av87012228,0,0,2,0,当汉服遇上转圈圈
3598,http://www.bilibili.com/video/av86971073,0,0,2,0,哪个女孩子不喜欢婚纱呢，那洁白的天使的梦，
3599,http://www.bilibili.com/video/av86919848,0,0,2,0,还在苦恼半身裙的搭配？心法在此！
3600,http://www.bilibili.com/video/av86918926,0,0,2,0,无
3601,http://www.bilibili.com/video/av86916576,0,0,2,0,一条裤子
3602,http://www.bilibili.com/video/av86853601,0,0,2,0,帮你省去穿搭烦恼 戈蔓婷女装带你重拾自信魅力人生
3603,http://www.bilibili.com/video/av86850060,0,0,2,0,就那最近出的cos练练手吧，第一次用手机剪视频想玩玩╰(???)╯
3604,http://www.bilibili.com/video/av86811780,0,0,2,0,打工妹
3605,http://www.bilibili.com/video/av88338917,0,0,1,0,美美
3606,http://www.bilibili.com/video/av88299140,0,0,1,0,长胖10斤后的我 穿不下年前的裙子拉
3607,http://www.bilibili.com/video/av88289625,0,0,1,0,你的金刚为什么玩不红方法不对，教你一招
3608,http://www.bilibili.com/video/av88282325,0,0,1,0,工厂直批一手货源
3609,http://www.bilibili.com/video/av88263889,0,0,1,0,看你老師球鞋介紹 - Air Jordan 9 &#39;Space Jam&#39;
3610,http://www.bilibili.com/video/av88262755,0,0,1,0,買前功課 Before Buying - Nike Air Presto &#39;Greedy&#39;
3611,http://www.bilibili.com/video/av88261012,0,0,1,0,買前功課 Before Buying - Air Jordan 6 Pinnacle
3612,http://www.bilibili.com/video/av88260650,0,0,1,0,買前功課 Before Buying - Nike Lebron Zoom Soldiers 10 &#39;Christ the King&#39;
3613,http://www.bilibili.com/video/av88259968,0,0,1,0,看你老師球鞋介紹 - Air Jordan 11 &#39;Space Jams&#39; (2001 &amp; 2009)
3614,http://www.bilibili.com/video/av88257139,0,0,1,0,看你老師球鞋介紹 - Air Jordan 11 Low &#39;Closing Ceremony&#39;
3615,http://www.bilibili.com/video/av88256138,0,0,1,0,看你老師球鞋介紹影片 - Air Jordan 2 - Richard Hamilton &#39;Rip City&#39;
3616,http://www.bilibili.com/video/av88254545,0,0,1,0,看你老師球鞋介紹影片 - Nike Air Foamposite One &#39;Olympics&#39;
3617,http://www.bilibili.com/video/av88253994,0,0,1,0,看你老師現買現穿 - Air Jordan 5 _Black Metallic_ 2016
3618,http://www.bilibili.com/video/av88253399,0,0,1,0,看你老師閒逛鞋店 - 07-19-2016
3619,http://www.bilibili.com/video/av88251202,0,0,1,0,看你老師球鞋介紹影片 - 代課老師 Pea on Air Jordan 20&#39;s
3620,http://www.bilibili.com/video/av88250286,0,0,1,0,看你老師球鞋介紹 - Air Jordan 6 Doernbecher (Gift from fan 粉絲送的禮物)
3621,http://www.bilibili.com/video/av88249990,0,0,1,0,看你老師球鞋介紹 - Dada Samurai
3622,http://www.bilibili.com/video/av88249817,0,0,1,0,看你老師球鞋介紹 - Dada Spinners Limited edition No. 17
3623,http://www.bilibili.com/video/av88248656,0,0,1,0,看你老師球鞋介紹 - Air Jordan 11 Low &#39;Cherry&#39;
3624,http://www.bilibili.com/video/av88242151,0,0,1,0,看你老師球鞋介紹  - Nike Air Foamposite One  Blue Mirror
3625,http://www.bilibili.com/video/av88241140,0,0,1,0,看你老師球鞋介紹 - Air Jordan 5 Quai 54
3626,http://www.bilibili.com/video/av88216926,0,0,1,0,聊聊宅家浪漫情人节的吸睛穿搭那些精致小配饰帮你唤醒春季活力
3627,http://www.bilibili.com/video/av88178367,0,0,1,0,女人过完年别再穿“老一套”，早春不懂怎么搭配，学学下面这种
3628,http://www.bilibili.com/video/av88167911,0,0,1,0,早春怕冷的妈妈，可以选择这款鸭舌帽，学时尚达人这样搭年轻很多
3629,http://www.bilibili.com/video/av88150002,0,0,1,0,可拆卸两穿外套太漂亮，比羽绒服保暖还可以收腰，75后特别合身
3630,http://www.bilibili.com/video/av88139157,0,0,1,0,明朗儿黄金首饰之手链篇
3631,http://www.bilibili.com/video/av88119023,0,0,1,0,男人的指南针～生活需要乐趣
3632,http://www.bilibili.com/video/av88099300,0,0,1,0,"梦想和自由一样,都有代价,但都值得。"
3633,http://www.bilibili.com/video/av88081940,0,0,1,0,新年焕新装，美美哒又一年（有试穿哦）
3634,http://www.bilibili.com/video/av88081484,0,0,1,0,第一次发这种不知道会有人喜欢吗
3635,http://www.bilibili.com/video/av88067385,0,0,1,0,看你老師西雅圖鞋店特輯報導 - Part 3
3636,http://www.bilibili.com/video/av88066585,0,0,1,0,让人无法挪开视线的美丽裙子
3637,http://www.bilibili.com/video/av88062801,0,0,1,0,看你老師球鞋介紹 - Air Jordan 2 DB Edition
3638,http://www.bilibili.com/video/av88061870,0,0,1,0,買前功課 Before Buying - Air Jordan 2 Alternate &#39;87
3639,http://www.bilibili.com/video/av88061280,0,0,1,0,買前功課 Before Buying - Adidas D Lillard 2 &#39;Away&#39;
3640,http://www.bilibili.com/video/av88059181,0,0,1,0,看你老師跨年特集 - New Year Special Edition
3641,http://www.bilibili.com/video/av88058952,0,0,1,0,看你老師西雅圖鞋店特輯報導 - Part 2
3642,http://www.bilibili.com/video/av88033547,0,0,1,0,新年特辑  穿越人山人海，只为与你相遇
3643,http://www.bilibili.com/video/av88032765,0,0,1,0,看你老師球鞋介紹 - Nike Sock Dart SP &#39;Independence Day&#39;
3644,http://www.bilibili.com/video/av88032083,0,0,1,0,关于风格
3645,http://www.bilibili.com/video/av88029174,0,0,1,0,看你老師球鞋介紹 - Reebok Kamikaze ll OG - Black Friday release
3646,http://www.bilibili.com/video/av88028959,0,0,1,0,看你老師球鞋介紹 - Air Jordan 6 &#39;Maroon&#39; OG
3647,http://www.bilibili.com/video/av88028542,0,0,1,0,買前功課 - Air Jordan 11 &#39;72-10&#39;
3648,http://www.bilibili.com/video/av88008819,0,0,1,0,古驰Gucci GG Marmont全新系列小号蓝色复古条纹链条肩背包
3649,http://www.bilibili.com/video/av88007403,0,0,1,0,加厚款皮衣秋冬穿一点都不冷，特别适合北方女人，显年轻又好看
3650,http://www.bilibili.com/video/av88000090,0,0,1,0,时尚美女主播推荐，超有质感的水貂毛外套，简单显瘦，能穿到140
3651,http://www.bilibili.com/video/av87977932,0,0,1,0,这款格子连衣裙，好漂亮的感觉，妈妈们穿在身上好清新好时尚
3652,http://www.bilibili.com/video/av87954101,0,0,1,0,施华洛世奇
3653,http://www.bilibili.com/video/av87931638,0,0,1,0,"戈蔓婷女装是品牌吗,戈蔓婷女装别具匠心诠释新时代优雅与精致"
3654,http://www.bilibili.com/video/av87931273,0,0,1,0,"广州戈蔓婷女装有人开过店面吗,戈蔓婷时尚女性值得拥有"
3655,http://www.bilibili.com/video/av87931077,0,0,1,0,戈蔓婷女装是品牌吗?时尚无敌有更多可选美装让女人更美
3656,http://www.bilibili.com/video/av87930951,0,0,1,0,戈蔓婷女装几折拿货?独树一帜缔造速时尚服饰领先品牌
3657,http://www.bilibili.com/video/av87870765,0,0,1,0,我家帅帅的世勋啊啊啊啊
3658,http://www.bilibili.com/video/av87838454,0,0,1,0,看你老師產品介紹_-_Plip_Plop_flip_flops
3659,http://www.bilibili.com/video/av87837505,0,0,1,0,范斯时尚大衣这么搭配合适，小姐姐这么说，走到哪里都回头率最高
3660,http://www.bilibili.com/video/av87833708,0,0,1,0,看你老師球鞋介紹 - Air Jordan 11LAB4 &#39;Red&#39;
3661,http://www.bilibili.com/video/av87826612,0,0,1,0,看你老師球鞋介紹 - Air Jordan 9 Retro DB
3662,http://www.bilibili.com/video/av87818019,0,0,1,0,第7话 2020春季新款潮男波浪底反光老爹鞋街拍搭配指南
3663,http://www.bilibili.com/video/av87809282,0,0,1,0,看你老師特集報導 - 人在西雅圖 Part 2
3664,http://www.bilibili.com/video/av87809039,0,0,1,0,看你老師特集報導 - 人在西雅圖 Part 1
3665,http://www.bilibili.com/video/av87808699,0,0,1,0,看你老師特集報導 - Rif LA
3666,http://www.bilibili.com/video/av87805334,0,0,1,0,看你老師球鞋介紹 - Air Jordan 4 Oreo 2015
3667,http://www.bilibili.com/video/av87803089,0,0,1,0,看你老師 X 台灣鞋頭特集專訪 - Eric Hsieh (惡魔E) - Part 1
3668,http://www.bilibili.com/video/av87800640,0,0,1,0,看你老師活動宣傳 - 11月30號 Smoke Some Good Hip Hop Party
3669,http://www.bilibili.com/video/av87797361,0,0,1,0,看你老師 X 台灣鞋頭特集專訪 - 子安 (TzuAn Liu)
3670,http://www.bilibili.com/video/av87792931,0,0,1,0,看你老師 X 台灣鞋頭特集專訪 - 小濱 Pt 1
3671,http://www.bilibili.com/video/av87747090,0,0,1,0,早春可以这样搭配，黄色外套+白色打底很靓丽，35过后女人很适合
3672,http://www.bilibili.com/video/av87713270,0,0,1,0,这件羊羔绒外套你还没入手？令人惊艳万分，好看又时尚，太美了
3673,http://www.bilibili.com/video/av87708713,0,0,1,0,这件套头衫好漂亮，女人穿上好有气质，70后穿女人味满满
3674,http://www.bilibili.com/video/av87699767,0,0,1,0,看你老師特集報導 - 人在 LA Part 2
3675,http://www.bilibili.com/video/av87696610,0,0,1,0,漂亮又大方！适合40岁后妈妈们穿的套头衫，2020鼠你最好看
3676,http://www.bilibili.com/video/av87672368,0,0,1,0,胖头鱼大袖阳光下展示
3677,http://www.bilibili.com/video/av87650721,0,0,1,0,仅有的几张库存，刷刷存在感
3678,http://www.bilibili.com/video/av87608209,0,0,1,0,你曾幻想过年迈时是哪种状态呢/可爱俏皮
3679,http://www.bilibili.com/video/av87606293,0,0,1,0,农耕小妹
3680,http://www.bilibili.com/video/av87602215,0,0,1,0,大yin2019年度穿搭终极总结(终结)
3681,http://www.bilibili.com/video/av87601510,0,0,1,0,安娜Anna Louise x Paid Bookings Only
3682,http://www.bilibili.com/video/av87592505,0,0,1,0,看你老師球鞋介紹 - Air Jordan V &#39;Laney&#39;
3683,http://www.bilibili.com/video/av87579433,0,0,1,0,韩风拍摄
3684,http://www.bilibili.com/video/av87550951,0,0,1,0,东京街头盛装出席   有见过的么？
3685,http://www.bilibili.com/video/av87517888,0,0,1,0,看你老師球鞋介紹 feat 小濱 - Lebron X Chapinship Pack - Celebration Pack
3686,http://www.bilibili.com/video/av87514410,0,0,1,0,看你老師球鞋介紹_feat_Howard_-_Nike_iD_收藏
3687,http://www.bilibili.com/video/av87512476,0,0,1,0,看你老師球鞋介紹 - Air Jordan XX8 _Color Pack_
3688,http://www.bilibili.com/video/av87511525,0,0,1,0,看你老師球鞋介紹_-_Nike_Area_72_All_Satr_Shoes
3689,http://www.bilibili.com/video/av87511417,0,0,1,0,80后女人要穿嫩一点，建议多穿这样的毛呢外套，上档次还好穿
3690,http://www.bilibili.com/video/av87471675,0,0,1,0,可以双面穿的大衣你知道么，一件顶两，纯羊毛搭配打底衫很时尚
3691,http://www.bilibili.com/video/av87455361,0,0,1,0,Gucci古驰古奇小白鞋小蜜蜂款工厂实拍360度展示视频
3692,http://www.bilibili.com/video/av87453240,0,0,1,0,UA陪你做运动
3693,http://www.bilibili.com/video/av87417676,0,0,1,0,球鞋串烧
3694,http://www.bilibili.com/video/av87414351,0,0,1,0,子品牌：SODA，2020蓄势待发
3695,http://www.bilibili.com/video/av87360049,0,0,1,1,鹿鸣图集
3696,http://www.bilibili.com/video/av87353585,0,0,1,0,开春也该给自己备件半身裙，今年将流行这款，显高可爱又甜美
3697,http://www.bilibili.com/video/av87268693,0,0,1,0,臻美柔情怡人风采 戈蔓婷女装美靓初冬
3698,http://www.bilibili.com/video/av87268240,0,0,1,0,戈蔓婷时尚女装 打造出近在咫尺的奢侈品牌
3699,http://www.bilibili.com/video/av87268164,0,0,1,0,戈蔓婷女装美丽新方向 时尚女装新潮流
3700,http://www.bilibili.com/video/av87268065,0,0,1,0,戈蔓婷女装专注时尚打造 女性穿搭首选品牌
3701,http://www.bilibili.com/video/av87199775,0,0,1,0,"Fashion &amp; Suits ---Interview: &quot;What is my Style? French, British or Italian?&quot;"
3702,http://www.bilibili.com/video/av87085867,0,0,1,0,时装秀
3703,http://www.bilibili.com/video/av87064781,0,0,1,0,今年流行加绒外套，比羽绒服都保暖，不臃肿还百搭减龄，真暖和
3704,http://www.bilibili.com/video/av87059473,0,0,1,0,让生活过得有滋有味 戈蔓婷女装为你吸引其他女性的青睐
3705,http://www.bilibili.com/video/av87059275,0,0,1,0,让美丽和财富坐享其成 戈蔓婷女装为你留住岁月的脚步
3706,http://www.bilibili.com/video/av87059179,0,0,1,0,坚持时尚与品质的融合 戈蔓婷女装成为女装市场的霸者
3707,http://www.bilibili.com/video/av87059071,0,0,1,0,坚持品质不打折 戈蔓婷女装用心为大众服务
3708,http://www.bilibili.com/video/av87058559,0,0,1,0,法式浪漫的戈蔓婷时尚女装 给人耳目一新的感觉
3709,http://www.bilibili.com/video/av86949378,0,0,1,0,子品牌：SODA，2020蓄势待发
3710,http://www.bilibili.com/video/av86853881,0,0,1,0,极具特色的品牌文化 戈蔓婷女装成为时尚女性的新宠儿
3711,http://www.bilibili.com/video/av86853804,0,0,1,0,让你更加显瘦有气质 戈蔓婷女装重新演绎女装时尚
3712,http://www.bilibili.com/video/av86853508,0,0,1,0,时刻变换出迷人风情 戈蔓婷女装打造全新的美丽体验
3713,http://www.bilibili.com/video/av86853340,0,0,1,0,携手戈蔓婷时尚女装品牌 开创属于自己的一片财富天地
3714,http://www.bilibili.com/video/av86853249,0,0,1,0,戈蔓婷新搭配 优雅一路行 戈蔓婷韩版女装
3715,http://www.bilibili.com/video/av86849423,0,0,1,0,穿上这款大衣外套街拍可以这么美，好看优雅有韵味，衣服不便宜吧
3716,http://www.bilibili.com/video/av86829533,0,0,1,0,休闲 气质 名媛   服装批发价
3717,http://www.bilibili.com/video/av88350308,0,0,0,0,敏感肌不能错过的卸妆单品！芭妮兰小紫罐，专为敏感肌研制
3718,http://www.bilibili.com/video/av88346164,0,0,0,0,老是吃重味，偶尔也尝尝咸淡无味
3719,http://www.bilibili.com/video/av88343189,0,0,0,0,《汉服小萌系列》第八期之深衣制二
3720,http://www.bilibili.com/video/av88304792,0,0,0,0,探索灵感背后的来源 时尚摄影
3721,http://www.bilibili.com/video/av88281694,0,0,0,0,套头毛衣更温暖，分享这款实用又时尚的冬季套头毛衣，美丽又大方
3722,http://www.bilibili.com/video/av88272281,0,0,0,0,手绘服装效果图  从灵感到效果图的呈现
3723,http://www.bilibili.com/video/av88262965,0,0,0,0,買前功課 Before Buying - Reebok Question Mid &#39;Dress Code&#39;
3724,http://www.bilibili.com/video/av88261545,0,0,0,0,買前功課 Before Buying   Adidas NMD XR1 Camo Pack &#39;Duck Camo&#39;
3725,http://www.bilibili.com/video/av88261366,0,0,0,0,買前功課 Before Buying   Adidas NMD XR1 Camo Pack &#39;Core black&#39;
3726,http://www.bilibili.com/video/av88261185,0,0,0,0,買前功課 Before Buying - Air Jordan 1 Low Pinnacle
3727,http://www.bilibili.com/video/av88260252,0,0,0,0,看你老師球鞋介紹 - Air Jordan 3 Oregon Ducks _Pit Crew_
3728,http://www.bilibili.com/video/av88259589,0,0,0,0,看你老師產品介紹 - NJK 球衣收藏
3729,http://www.bilibili.com/video/av88252578,0,0,0,0,看你老師球鞋介紹影片 - NikeiD Sock Dart
3730,http://www.bilibili.com/video/av88250722,0,0,0,0,看你老師球鞋介紹影片 - 代課老師 Pea 之喬丹復合式鞋款
3731,http://www.bilibili.com/video/av88243270,0,0,0,0,看你老師 X Recess 大放送
3732,http://www.bilibili.com/video/av88197257,0,0,0,0,Air Force 1 High ’07 LV8 “Flax  小麦高邦 精选上脚素材#
3733,http://www.bilibili.com/video/av88184277,0,0,0,0,编织大师李黎明
3734,http://www.bilibili.com/video/av88182130,0,0,0,0,好久不见
3735,http://www.bilibili.com/video/av88157647,0,0,0,0,初次遇见这西装大衣，漂亮高端大气又不贵，75后照着穿就能美
3736,http://www.bilibili.com/video/av88133183,0,0,0,0,增加气场和现代气息！春季长袖波点拼接连衣裙，时髦又优雅
3737,http://www.bilibili.com/video/av88101744,0,0,0,0,这是一年前的视频，拍了一直放着没理，南京的初春和晚秋总是热的时候很热冷的时候很冷，女孩子们只要注意保暖怎么穿都可以！
3738,http://www.bilibili.com/video/av88075313,0,0,0,0,程序员
3739,http://www.bilibili.com/video/av88070719,0,0,0,0,今年流行的纯色修身大衣，特适合7080后的女人，洋气减龄还显高
3740,http://www.bilibili.com/video/av88065518,0,0,0,0,買前功課 Before Buying - Air Jordan 12 &#39;Dynamic Pink&#39;
3741,http://www.bilibili.com/video/av88064876,0,0,0,0,買前功課 Before Buying - Adidas D Lillard 2 &#39;Fire Monkey&#39;
3742,http://www.bilibili.com/video/av88059434,0,0,0,0,買前功課 Before Buying - Air Jordan 4 Alternate 89&#39;
3743,http://www.bilibili.com/video/av88050389,0,0,0,0,已亮瞎
3744,http://www.bilibili.com/video/av88029798,0,0,0,0,看你老師玩具介紹 - RC Millennium Falcon by Air Hogs ( 星際大戰之遙控千年之鷹 )
3745,http://www.bilibili.com/video/av87974284,0,0,0,0,【摔碗酒】喝得痛快(????)??ヾ(?ω?。)，摔得过瘾(σ≧?≦)σ~
3746,http://www.bilibili.com/video/av87973429,0,0,0,0,3
3747,http://www.bilibili.com/video/av87931546,0,0,0,0,戈蔓婷品牌女装款款精美 彻底触发女性购物欲
3748,http://www.bilibili.com/video/av87931458,0,0,0,0,戈蔓婷女装寻找金牌合伙人 优势无以伦比打造魅力事业
3749,http://www.bilibili.com/video/av87930862,0,0,0,0,戈蔓婷女装以独特设计引领时尚 高端品质让女人更美
3750,http://www.bilibili.com/video/av87840719,0,0,0,0,買前功課 - Li-Ning Way of Wade 4 &#39;Lucky 13&#39;
3751,http://www.bilibili.com/video/av87829476,0,0,0,0,看你老師新歌預告 - 歌名- 「改裝車」
3752,http://www.bilibili.com/video/av87825400,0,0,0,0,【大柚的戏剧服体验】+在宽窄巷子里，国庆节去最低价100块三张照片！后期pp还是很八错滴
3753,http://www.bilibili.com/video/av87824814,0,0,0,0,看你老師特集報導 - 人在西雅圖 Part 4
3754,http://www.bilibili.com/video/av87797990,0,0,0,0,看你老師 X 台灣鞋頭特集專訪 - Kenny (K爸)
3755,http://www.bilibili.com/video/av87793251,0,0,0,0,看你老師 X 台灣鞋頭特集專訪 - 小濱 Pt 2
3756,http://www.bilibili.com/video/av87781216,0,1,0,0,记录我的点点滴滴……
3757,http://www.bilibili.com/video/av87710287,0,0,0,0,老婆穿的这款针织连衣裙，老公却只给9分，你们能给多少分呢？
3758,http://www.bilibili.com/video/av87702119,0,0,0,0,这款羊羔绒外套让你穿出明星范，比大衣还暖，闺蜜们都说太美了
3759,http://www.bilibili.com/video/av87696356,0,0,0,0,&#39;看&#39; 你老師 - Shoe Review - Air Jordan 6 &#39;Infrared 23&#39;
3760,http://www.bilibili.com/video/av87652539,0,0,0,0,爱美衣爱生活爱自己
3761,http://www.bilibili.com/video/av87605888,0,0,0,0,没有风格 不被定义 做你自己
3762,http://www.bilibili.com/video/av87575797,0,0,0,0,苦难终会过去        光明即将到来
3763,http://www.bilibili.com/video/av87535661,0,0,0,0,今年流行的短款羽绒服，小个子穿也能显高不少，上街低调又好看
3764,http://www.bilibili.com/video/av87526758,0,0,0,0,竖条纹连衣裙，收腰设计显腰身，小V领设计脖子看上去修长又时髦
3765,http://www.bilibili.com/video/av87455092,0,0,0,0,Not bad
3766,http://www.bilibili.com/video/av87376428,0,0,0,0,像不像他回来了
3767,http://www.bilibili.com/video/av87268501,0,0,0,0,潮流时尚领航者 戈蔓婷女装让你随心演绎
3768,http://www.bilibili.com/video/av87268427,0,0,0,0,时尚又浪漫的邂逅 戈蔓婷女装紧随世界时尚潮流
3769,http://www.bilibili.com/video/av87200335,0,0,0,0,工地阿姨
3770,http://www.bilibili.com/video/av87160141,0,0,0,1,:  加菲猫睡衣
3771,http://www.bilibili.com/video/av87140855,0,0,0,0,碧玺：鸽血红和宝蓝名贵稀有色多猫眼7+单圈手串，配色标级鸽血红全净体猫眼莲花珠
3772,http://www.bilibili.com/video/av87098641,0,0,0,0,秋冬季节衬衫怎么搭配，气质女人穿上后美翻了，聚会人人夸漂亮
3773,http://www.bilibili.com/video/av87058969,0,0,0,0,关注世界女装潮流趋势 戈蔓婷女装取得辉煌成绩
3774,http://www.bilibili.com/video/av87058868,0,0,0,0,不断唤醒内心深处的梦想 戈蔓婷女装用美征服世界
3775,http://www.bilibili.com/video/av87058773,0,0,0,0,戈蔓婷女装雄厚的资本 为你打造全新的时尚感
3776,http://www.bilibili.com/video/av87058661,0,0,0,0,留住时光的脚步 戈蔓婷女装给你无限的可能性
3777,http://www.bilibili.com/video/av87027464,0,0,0,0,妹子我喜欢你跳的舞
3778,http://www.bilibili.com/video/av86853687,0,0,0,0,发现美传递美 戈蔓婷让你成为令人瞩目的女人
